,symbols,date,close,open,max_price,min_price
0,TCB,2024-07-02,22900.0,22850.0,23200.0,22650.0
1,HPG,2024-07-02,28700.0,28350.0,28850.0,28250.0
2,VHM,2024-07-02,38150.0,37750.0,38350.0,37550.0
3,POW,2024-07-02,14500.0,14700.0,14700.0,14400.0
4,FPT,2024-07-02,128000.0,128600.0,132100.0,127500.0
5,VHM,2024-07-01,37250.0,37650.0,37700.0,37100.0
6,FPT,2024-07-01,129000.0,130400.0,130400.0,128500.0
7,TCB,2024-07-01,22750.0,23100.0,23100.0,22750.0
8,HPG,2024-07-01,28150.0,28300.0,28500.0,28050.0
9,POW,2024-07-01,14500.0,14800.0,14900.0,14400.0
10,VHM,2024-06-28,37650.0,37600.0,37750.0,37300.0
11,HPG,2024-06-28,28300.0,28750.0,28900.0,28300.0
12,TCB,2024-06-28,23350.0,23450.0,23500.0,22500.0
13,FPT,2024-06-28,130500.0,132800.0,132800.0,130400.0
14,POW,2024-06-28,14900.0,14750.0,15000.0,14450.0
15,POW,2024-06-27,14750.0,15300.0,15300.0,14750.0
16,HPG,2024-06-27,28850.0,29000.0,29050.0,28700.0
17,FPT,2024-06-27,132800.0,131300.0,134100.0,130800.0
18,TCB,2024-06-27,23450.0,23650.0,23700.0,23350.0
19,VHM,2024-06-27,37600.0,37500.0,37850.0,37350.0
20,TCB,2024-06-26,24000.0,23950.0,24000.0,23550.0
21,FPT,2024-06-26,131800.0,131000.0,131800.0,129400.0
22,HPG,2024-06-26,28900.0,28750.0,29200.0,28600.0
23,POW,2024-06-26,15300.0,15000.0,15500.0,15000.0
24,VHM,2024-06-26,37500.0,37800.0,38150.0,37500.0
25,HPG,2024-06-25,28700.0,28600.0,29050.0,28500.0
26,FPT,2024-06-25,130000.0,131000.0,131100.0,128600.0
27,TCB,2024-06-25,24000.0,23950.0,24000.0,23400.0
28,VHM,2024-06-25,37800.0,37300.0,38050.0,37200.0
29,POW,2024-06-25,15000.0,15200.0,15200.0,14700.0
30,FPT,2024-06-24,132100.0,135000.0,135500.0,132000.0
31,VHM,2024-06-24,37450.0,37750.0,38200.0,37100.0
32,POW,2024-06-24,15000.0,14700.0,15300.0,14400.0
33,TCB,2024-06-24,23950.0,24500.0,24500.0,23600.0
34,HPG,2024-06-24,28700.0,29000.0,29100.0,28250.0
35,FPT,2024-06-21,136100.0,133900.0,136100.0,133300.0
36,POW,2024-06-21,14700.0,15150.0,15300.0,14700.0
37,HPG,2024-06-21,29050.0,29350.0,29350.0,29000.0
38,VHM,2024-06-21,37750.0,37750.0,37800.0,37450.0
39,TCB,2024-06-21,24500.0,24950.0,24950.0,24200.0
40,FPT,2024-06-20,133300.0,133000.0,135700.0,131800.0
41,POW,2024-06-20,15100.0,15050.0,15350.0,14850.0
42,VHM,2024-06-20,38000.0,37900.0,38000.0,37550.0
43,HPG,2024-06-20,29350.0,29250.0,29400.0,28950.0
44,TCB,2024-06-20,24800.0,24550.0,25150.0,24500.0
45,POW,2024-06-19,14950.0,15100.0,15400.0,14950.0
46,FPT,2024-06-19,131500.0,128000.0,132800.0,126600.0
47,HPG,2024-06-19,29350.0,29500.0,29550.0,29250.0
48,VHM,2024-06-19,38000.0,38300.0,38350.0,37750.0
49,TCB,2024-06-19,48300.0,49000.0,49000.0,48150.0
50,POW,2024-06-18,14900.0,14050.0,14900.0,14000.0
51,FPT,2024-06-18,128000.0,128800.0,129700.0,128000.0
52,VHM,2024-06-18,38300.0,38500.0,38500.0,38200.0
53,TCB,2024-06-18,48800.0,48600.0,49100.0,48200.0
54,HPG,2024-06-18,29400.0,29500.0,29700.0,29400.0
55,TCB,2024-06-17,48600.0,49050.0,49050.0,48500.0
56,HPG,2024-06-17,29450.0,29100.0,29950.0,29000.0
57,POW,2024-06-17,13950.0,13700.0,14150.0,13550.0
58,FPT,2024-06-17,128800.0,131000.0,131400.0,128500.0
59,VHM,2024-06-17,38300.0,38250.0,38500.0,37900.0
60,POW,2024-06-14,13750.0,14150.0,14200.0,13750.0
61,VHM,2024-06-14,38200.0,38400.0,38850.0,38050.0
62,FPT,2024-06-14,131000.0,130100.0,132600.0,129000.0
63,HPG,2024-06-14,29100.0,29500.0,29950.0,29100.0
64,TCB,2024-06-14,49100.0,49500.0,49550.0,49100.0
65,POW,2024-06-13,14150.0,14100.0,14450.0,13950.0
66,HPG,2024-06-13,29500.0,29650.0,29700.0,29300.0
67,TCB,2024-06-13,49400.0,49500.0,49600.0,49300.0
68,VHM,2024-06-13,38250.0,38550.0,38700.0,38100.0
69,FPT,2024-06-13,130000.0,133700.0,133800.0,130000.0
70,VHM,2024-06-12,38500.0,38150.0,38850.0,37700.0
71,HPG,2024-06-12,29600.0,29000.0,29600.0,29000.0
72,FPT,2024-06-12,132000.0,127900.0,132700.0,127800.0
73,POW,2024-06-12,14000.0,14150.0,14200.0,13850.0
74,TCB,2024-06-12,49400.0,49350.0,49500.0,49000.0
75,HPG,2024-06-11,29100.0,29400.0,29650.0,29050.0
76,FPT,2024-06-11,146500.0,144300.0,146500.0,143100.0
77,POW,2024-06-11,14150.0,13750.0,14400.0,13650.0
78,VHM,2024-06-11,38150.0,38900.0,38950.0,38150.0
79,TCB,2024-06-11,49350.0,49500.0,49850.0,49150.0
80,HPG,2024-06-10,29300.0,29400.0,29450.0,29150.0
81,TCB,2024-06-10,48900.0,49500.0,49500.0,48350.0
82,FPT,2024-06-10,144000.0,143500.0,145000.0,143000.0
83,POW,2024-06-10,13650.0,14000.0,14050.0,13550.0
84,VHM,2024-06-10,38900.0,39150.0,39200.0,38850.0
85,TCB,2024-06-07,49100.0,49000.0,49700.0,48700.0
86,POW,2024-06-07,13950.0,13750.0,14150.0,13650.0
87,FPT,2024-06-07,142000.0,141000.0,142000.0,140500.0
88,HPG,2024-06-07,29300.0,29350.0,29400.0,29100.0
89,VHM,2024-06-07,39000.0,39300.0,39300.0,39000.0
90,VHM,2024-06-06,39050.0,39400.0,39600.0,39000.0
91,POW,2024-06-06,13550.0,13750.0,14100.0,13550.0
92,HPG,2024-06-06,29300.0,29250.0,29650.0,28900.0
93,TCB,2024-06-06,48000.0,47550.0,48000.0,47200.0
94,FPT,2024-06-06,139600.0,140300.0,141700.0,138800.0
95,FPT,2024-06-05,140100.0,140000.0,144900.0,139700.0
96,HPG,2024-06-05,29250.0,29300.0,29500.0,29100.0
97,TCB,2024-06-05,47500.0,47700.0,47750.0,47200.0
98,POW,2024-06-05,13750.0,14000.0,14300.0,13750.0
99,VHM,2024-06-05,39300.0,39550.0,39900.0,39300.0
100,TCB,2024-06-04,47600.0,47500.0,47800.0,47000.0
101,POW,2024-06-04,14000.0,13550.0,14150.0,13350.0
102,VHM,2024-06-04,39400.0,39400.0,40200.0,39400.0
103,FPT,2024-06-04,139100.0,139000.0,139300.0,137800.0
104,HPG,2024-06-04,29300.0,29000.0,29800.0,29000.0
105,FPT,2024-06-03,136900.0,135000.0,137600.0,134700.0
106,HPG,2024-06-03,29000.0,28800.0,29100.0,28800.0
107,TCB,2024-06-03,47150.0,47500.0,47700.0,47100.0
108,VHM,2024-06-03,39300.0,39200.0,39400.0,39100.0
109,POW,2024-06-03,13450.0,12700.0,13450.0,12650.0
110,VHM,2024-05-31,38850.0,39200.0,39650.0,38850.0
111,TCB,2024-05-31,47000.0,46800.0,47000.0,46300.0
112,FPT,2024-05-31,134600.0,135000.0,136800.0,133800.0
113,POW,2024-05-31,12600.0,12800.0,12850.0,12550.0
114,HPG,2024-05-31,28600.0,28400.0,28800.0,28050.0
115,TCB,2024-05-30,46800.0,46050.0,46800.0,45850.0
116,VHM,2024-05-30,39000.0,39450.0,39500.0,39000.0
117,FPT,2024-05-30,135000.0,133800.0,135000.0,131900.0
118,HPG,2024-05-30,28250.0,28500.0,28550.0,28000.0
119,POW,2024-05-30,12800.0,12500.0,12900.0,12400.0
120,POW,2024-05-29,12550.0,12500.0,12750.0,12300.0
121,TCB,2024-05-29,46500.0,47000.0,47050.0,46400.0
122,VHM,2024-05-29,39450.0,40000.0,40100.0,39450.0
123,FPT,2024-05-29,135700.0,137100.0,138200.0,134800.0
124,HPG,2024-05-29,28600.0,29100.0,29250.0,28600.0
125,VHM,2024-05-28,39950.0,39850.0,40050.0,39750.0
126,POW,2024-05-28,12450.0,12400.0,12550.0,12250.0
127,HPG,2024-05-28,29150.0,29000.0,29200.0,28800.0
128,FPT,2024-05-28,137000.0,134000.0,137000.0,133100.0
129,TCB,2024-05-28,46900.0,46500.0,46950.0,46300.0
130,POW,2024-05-27,12100.0,11450.0,12100.0,11400.0
131,TCB,2024-05-27,46500.0,46400.0,46600.0,46000.0
132,VHM,2024-05-27,39800.0,39850.0,40050.0,39750.0
133,FPT,2024-05-27,132800.0,133000.0,133500.0,130600.0
134,HPG,2024-05-27,28900.0,28900.0,29300.0,28650.0
135,POW,2024-05-24,11350.0,11550.0,11650.0,11250.0
136,HPG,2024-05-24,28900.0,29300.0,29500.0,28500.0
137,TCB,2024-05-24,46400.0,46150.0,47250.0,45800.0
138,FPT,2024-05-24,131900.0,138000.0,138000.0,130600.0
139,VHM,2024-05-24,39800.0,40400.0,40550.0,39750.0
140,TCB,2024-05-23,46500.0,46300.0,46650.0,45850.0
141,FPT,2024-05-23,137500.0,137500.0,137800.0,135000.0
142,HPG,2024-05-23,29500.0,28850.0,29500.0,28600.0
143,VHM,2024-05-23,40550.0,40450.0,40550.0,40100.0
144,POW,2024-05-23,11550.0,11400.0,11650.0,11300.0
145,POW,2024-05-22,11350.0,11300.0,11600.0,11200.0
146,HPG,2024-05-22,31300.0,31850.0,31950.0,31150.0
147,VHM,2024-05-22,40350.0,40200.0,41650.0,40200.0
148,FPT,2024-05-22,138000.0,137900.0,139700.0,136100.0
149,TCB,2024-05-22,46400.0,47250.0,47500.0,46350.0
150,VHM,2024-05-21,40200.0,40500.0,40750.0,40050.0
151,FPT,2024-05-21,136000.0,134000.0,136000.0,133500.0
152,TCB,2024-05-21,47200.0,48100.0,48200.0,47050.0
153,HPG,2024-05-21,31850.0,32000.0,32000.0,31450.0
154,POW,2024-05-21,11300.0,11400.0,11400.0,11200.0
155,VHM,2024-05-20,40450.0,41050.0,41250.0,40450.0
156,HPG,2024-05-20,32000.0,31650.0,32150.0,31600.0
157,POW,2024-05-20,11350.0,11250.0,11500.0,11250.0
158,TCB,2024-05-20,49700.0,49950.0,50500.0,49550.0
159,FPT,2024-05-20,133000.0,135200.0,136100.0,133000.0
160,TCB,2024-05-17,49750.0,49750.0,50000.0,49650.0
161,POW,2024-05-17,11250.0,11250.0,11300.0,11150.0
162,VHM,2024-05-17,40850.0,40350.0,41200.0,40200.0
163,FPT,2024-05-17,134500.0,135400.0,136000.0,133700.0
164,HPG,2024-05-17,31600.0,31600.0,31600.0,31150.0
165,VHM,2024-05-16,40250.0,40300.0,40400.0,40150.0
166,HPG,2024-05-16,31600.0,31600.0,31850.0,31450.0
167,FPT,2024-05-16,135400.0,135600.0,137300.0,134200.0
168,POW,2024-05-16,11150.0,11050.0,11300.0,11000.0
169,TCB,2024-05-16,49900.0,48500.0,49950.0,48400.0
170,VHM,2024-05-15,40250.0,40200.0,40400.0,40050.0
171,HPG,2024-05-15,31200.0,30250.0,31350.0,30250.0
172,POW,2024-05-15,11000.0,11000.0,11050.0,10900.0
173,FPT,2024-05-15,134100.0,131500.0,134500.0,131300.0
174,TCB,2024-05-15,48100.0,47900.0,48150.0,47750.0
175,HPG,2024-05-14,30200.0,30400.0,30700.0,30100.0
176,TCB,2024-05-14,47900.0,48450.0,48450.0,47850.0
177,FPT,2024-05-14,130500.0,130000.0,131700.0,129600.0
178,VHM,2024-05-14,40150.0,41100.0,41250.0,40150.0
179,POW,2024-05-14,10950.0,11000.0,11050.0,10950.0
180,POW,2024-05-13,11000.0,10950.0,11050.0,10950.0
181,HPG,2024-05-13,30200.0,30550.0,30650.0,30100.0
182,FPT,2024-05-13,129700.0,131300.0,131500.0,128800.0
183,VHM,2024-05-13,40100.0,40450.0,40550.0,39700.0
184,TCB,2024-05-13,48400.0,48500.0,48650.0,48000.0
185,HPG,2024-05-10,30450.0,30600.0,30650.0,29950.0
186,POW,2024-05-10,10950.0,11100.0,11150.0,10950.0
187,FPT,2024-05-10,131000.0,131300.0,132200.0,129200.0
188,TCB,2024-05-10,48500.0,48800.0,48800.0,47900.0
189,VHM,2024-05-10,40350.0,41000.0,41100.0,40350.0
190,VHM,2024-05-09,40950.0,41000.0,41750.0,40850.0
191,FPT,2024-05-09,130300.0,130600.0,132800.0,130000.0
192,HPG,2024-05-09,30450.0,30900.0,30900.0,30050.0
193,TCB,2024-05-09,48450.0,48600.0,48900.0,47800.0
194,POW,2024-05-09,11100.0,11200.0,11250.0,11050.0
195,TCB,2024-05-08,48200.0,47900.0,49200.0,47300.0
196,POW,2024-05-08,11150.0,11100.0,11250.0,10950.0
197,HPG,2024-05-08,30700.0,30150.0,31000.0,29750.0
198,VHM,2024-05-08,40900.0,41000.0,41000.0,40500.0
199,FPT,2024-05-08,131000.0,130100.0,131000.0,129300.0
200,TCB,2024-05-07,47900.0,48350.0,48350.0,47700.0
201,HPG,2024-05-07,30150.0,29400.0,30200.0,29250.0
202,POW,2024-05-07,11100.0,11100.0,11150.0,11000.0
203,VHM,2024-05-07,41050.0,41250.0,41250.0,40900.0
204,FPT,2024-05-07,131300.0,128000.0,131600.0,127200.0
205,TCB,2024-05-06,48350.0,48500.0,48700.0,47900.0
206,HPG,2024-05-06,29300.0,28850.0,29350.0,28800.0
207,FPT,2024-05-06,127600.0,126500.0,127600.0,124500.0
208,POW,2024-05-06,11100.0,11000.0,11250.0,10950.0
209,VHM,2024-05-06,41150.0,41150.0,41200.0,40850.0
210,HPG,2024-05-03,28650.0,28350.0,29100.0,28350.0
211,VHM,2024-05-03,41100.0,41300.0,41400.0,40850.0
212,POW,2024-05-03,10950.0,11100.0,11150.0,10900.0
213,TCB,2024-05-03,48200.0,47500.0,48800.0,47400.0
214,FPT,2024-05-03,125900.0,128100.0,128400.0,125600.0
215,VHM,2024-05-02,41150.0,40800.0,41250.0,40350.0
216,TCB,2024-05-02,46850.0,46800.0,46950.0,46350.0
217,POW,2024-05-02,11100.0,10600.0,11150.0,10550.0
218,HPG,2024-05-02,28350.0,28400.0,28400.0,28050.0
219,FPT,2024-05-02,127300.0,123800.0,129000.0,123500.0
220,TCB,2024-04-26,46600.0,46000.0,46900.0,45650.0
221,HPG,2024-04-26,28400.0,28300.0,28550.0,28050.0
222,VHM,2024-04-26,40800.0,40400.0,41050.0,40300.0
223,FPT,2024-04-26,123200.0,123000.0,125400.0,122200.0
224,POW,2024-04-26,10500.0,10500.0,10600.0,10450.0
225,VHM,2024-04-25,40700.0,40850.0,40850.0,40400.0
226,FPT,2024-04-25,123200.0,122500.0,128000.0,121900.0
227,POW,2024-04-25,10550.0,10650.0,10700.0,10500.0
228,HPG,2024-04-25,28550.0,28700.0,28700.0,28300.0
229,TCB,2024-04-25,46150.0,47000.0,47000.0,45800.0
230,VHM,2024-04-24,40600.0,40350.0,40900.0,40250.0
231,TCB,2024-04-24,47000.0,46800.0,47050.0,46400.0
232,FPT,2024-04-24,120100.0,113600.0,120100.0,113200.0
233,HPG,2024-04-24,28800.0,27900.0,28950.0,27750.0
234,POW,2024-04-24,10650.0,10450.0,10750.0,10450.0
235,FPT,2024-04-23,112300.0,110900.0,113300.0,109900.0
236,VHM,2024-04-23,40200.0,41000.0,41400.0,40200.0
237,POW,2024-04-23,10450.0,10650.0,10700.0,10400.0
238,TCB,2024-04-23,46200.0,45500.0,47500.0,45500.0
239,HPG,2024-04-23,27600.0,28000.0,28050.0,27450.0
240,VHM,2024-04-22,41450.0,41500.0,41800.0,40650.0
241,TCB,2024-04-22,45250.0,45350.0,45700.0,44900.0
242,POW,2024-04-22,10650.0,10700.0,10800.0,10600.0
243,FPT,2024-04-22,110300.0,110000.0,111400.0,108900.0
244,HPG,2024-04-22,28000.0,28200.0,28200.0,27850.0
245,VHM,2024-04-19,41500.0,40950.0,41500.0,40300.0
246,HPG,2024-04-19,27800.0,27800.0,28350.0,27500.0
247,POW,2024-04-19,10600.0,10900.0,10950.0,10600.0
248,FPT,2024-04-19,109000.0,110500.0,111200.0,109000.0
249,TCB,2024-04-19,44500.0,44000.0,44650.0,43350.0
250,VHM,2024-04-17,41800.0,43000.0,43050.0,41550.0
251,FPT,2024-04-17,111800.0,113100.0,113100.0,111600.0
252,TCB,2024-04-17,44850.0,45500.0,45600.0,44650.0
253,HPG,2024-04-17,28000.0,28500.0,28550.0,27900.0
254,POW,2024-04-17,10950.0,10900.0,11100.0,10850.0
255,HPG,2024-04-16,28350.0,28500.0,28550.0,27850.0
256,FPT,2024-04-16,113000.0,112000.0,113200.0,111500.0
257,VHM,2024-04-16,42700.0,42400.0,42800.0,40750.0
258,POW,2024-04-16,10900.0,11200.0,11200.0,10800.0
259,TCB,2024-04-16,45500.0,44950.0,45500.0,44200.0
260,HPG,2024-04-15,28500.0,29850.0,29950.0,28100.0
261,TCB,2024-04-15,44400.0,47200.0,47450.0,44200.0
262,VHM,2024-04-15,42400.0,44500.0,44500.0,42200.0
263,FPT,2024-04-15,111600.0,115500.0,115600.0,111500.0
264,POW,2024-04-15,11150.0,11350.0,11550.0,11150.0
265,FPT,2024-04-12,115500.0,115900.0,115900.0,114300.0
266,TCB,2024-04-12,47400.0,45450.0,47450.0,45100.0
267,VHM,2024-04-12,44500.0,44500.0,44800.0,44300.0
268,HPG,2024-04-12,29950.0,30000.0,30100.0,29850.0
269,POW,2024-04-12,11250.0,11200.0,11300.0,11200.0
270,TCB,2024-04-11,45100.0,45050.0,45650.0,44950.0
271,HPG,2024-04-11,29900.0,29450.0,30150.0,29450.0
272,VHM,2024-04-11,44150.0,44250.0,44250.0,43750.0
273,FPT,2024-04-11,114900.0,113500.0,115400.0,113300.0
274,POW,2024-04-11,11200.0,11250.0,11250.0,11200.0
275,FPT,2024-04-10,113800.0,113500.0,115600.0,113300.0
276,HPG,2024-04-10,29650.0,29950.0,30100.0,29650.0
277,POW,2024-04-10,11300.0,11300.0,11350.0,11200.0
278,TCB,2024-04-10,45650.0,46000.0,46800.0,45600.0
279,VHM,2024-04-10,44200.0,43550.0,44650.0,43450.0
280,HPG,2024-04-09,29900.0,29600.0,29900.0,29550.0
281,VHM,2024-04-09,43200.0,43100.0,43200.0,42900.0
282,POW,2024-04-09,11300.0,11300.0,11350.0,11200.0
283,FPT,2024-04-09,113000.0,112600.0,113200.0,112500.0
284,TCB,2024-04-09,45800.0,45500.0,45800.0,45200.0
285,VHM,2024-04-08,43000.0,43050.0,43100.0,42400.0
286,POW,2024-04-08,11200.0,11250.0,11300.0,11150.0
287,HPG,2024-04-08,29600.0,29450.0,29800.0,29300.0
288,TCB,2024-04-08,45500.0,45000.0,45850.0,44900.0
289,FPT,2024-04-08,112600.0,113700.0,113700.0,112600.0
290,FPT,2024-04-05,113700.0,113100.0,114700.0,112600.0
291,POW,2024-04-05,11250.0,11300.0,11350.0,11200.0
292,HPG,2024-04-05,29450.0,29450.0,29750.0,29250.0
293,VHM,2024-04-05,42950.0,42700.0,43100.0,42400.0
294,TCB,2024-04-05,45200.0,45500.0,45900.0,45150.0
295,VHM,2024-04-04,43000.0,42800.0,43200.0,42750.0
296,FPT,2024-04-04,114000.0,115000.0,115800.0,114000.0
297,POW,2024-04-04,11300.0,11400.0,11450.0,11250.0
298,TCB,2024-04-04,46000.0,46500.0,46750.0,45950.0
299,HPG,2024-04-04,29600.0,29950.0,30050.0,29550.0
300,VHM,2024-04-03,43100.0,43150.0,43750.0,42900.0
301,TCB,2024-04-03,46800.0,47400.0,47950.0,46800.0
302,FPT,2024-04-03,115100.0,116100.0,117000.0,115100.0
303,HPG,2024-04-03,29950.0,30350.0,30450.0,29950.0
304,POW,2024-04-03,11400.0,11550.0,11600.0,11350.0
305,POW,2024-04-02,11550.0,11400.0,11650.0,11300.0
306,HPG,2024-04-02,30400.0,29900.0,30400.0,29800.0
307,FPT,2024-04-02,117000.0,115400.0,117000.0,115400.0
308,VHM,2024-04-02,43150.0,42700.0,43150.0,42200.0
309,TCB,2024-04-02,47650.0,47600.0,48000.0,47000.0
310,VHM,2024-04-01,42900.0,42900.0,43150.0,42650.0
311,POW,2024-04-01,11350.0,11400.0,11450.0,11350.0
312,FPT,2024-04-01,116800.0,116000.0,117600.0,115200.0
313,HPG,2024-04-01,30100.0,30200.0,30350.0,29950.0
314,TCB,2024-04-01,47450.0,47550.0,47700.0,46850.0
315,VHM,2024-03-29,42850.0,43400.0,43700.0,42850.0
316,POW,2024-03-29,11400.0,11500.0,11500.0,11350.0
317,FPT,2024-03-29,116500.0,116400.0,117200.0,116000.0
318,HPG,2024-03-29,30250.0,30600.0,30600.0,30250.0
319,TCB,2024-03-29,47550.0,47950.0,48150.0,47550.0
320,TCB,2024-03-28,48000.0,48700.0,48700.0,47700.0
321,POW,2024-03-28,11450.0,11500.0,11550.0,11400.0
322,HPG,2024-03-28,30550.0,30850.0,30850.0,30450.0
323,FPT,2024-03-28,117100.0,115900.0,117400.0,115300.0
324,VHM,2024-03-28,43300.0,42800.0,44050.0,42600.0
325,FPT,2024-03-27,115200.0,114700.0,115300.0,114100.0
326,TCB,2024-03-27,45550.0,46200.0,46200.0,45100.0
327,HPG,2024-03-27,30600.0,30900.0,31100.0,30600.0
328,VHM,2024-03-27,42500.0,42900.0,42900.0,42500.0
329,POW,2024-03-27,11450.0,11500.0,11600.0,11450.0
330,TCB,2024-03-26,45950.0,44800.0,46200.0,44500.0
331,POW,2024-03-26,11450.0,11400.0,11450.0,11300.0
332,VHM,2024-03-26,42750.0,42700.0,42900.0,42450.0
333,FPT,2024-03-26,115000.0,114000.0,115500.0,113600.0
334,HPG,2024-03-26,30550.0,30200.0,30550.0,30100.0
335,FPT,2024-03-25,114000.0,114100.0,115100.0,113800.0
336,TCB,2024-03-25,44800.0,45600.0,46400.0,44150.0
337,POW,2024-03-25,11400.0,11550.0,11650.0,11400.0
338,VHM,2024-03-25,42550.0,43000.0,43350.0,42400.0
339,HPG,2024-03-25,30200.0,30550.0,30950.0,30050.0
340,VHM,2024-03-22,42800.0,43200.0,43500.0,42600.0
341,FPT,2024-03-22,114900.0,116300.0,116300.0,114500.0
342,TCB,2024-03-22,44900.0,45500.0,45500.0,44050.0
343,POW,2024-03-22,11500.0,11400.0,11550.0,11350.0
344,HPG,2024-03-22,30550.0,30350.0,30700.0,30200.0
345,VHM,2024-03-21,42900.0,42850.0,43050.0,42550.0
346,HPG,2024-03-21,30250.0,30350.0,30550.0,30100.0
347,FPT,2024-03-21,116200.0,115200.0,116200.0,114600.0
348,POW,2024-03-21,11400.0,11450.0,11500.0,11400.0
349,TCB,2024-03-21,45100.0,42600.0,45100.0,42600.0
350,VHM,2024-03-20,42500.0,43000.0,43000.0,42200.0
351,HPG,2024-03-20,30000.0,29850.0,30100.0,29750.0
352,TCB,2024-03-20,42300.0,40400.0,42450.0,40050.0
353,FPT,2024-03-20,114500.0,112300.0,115000.0,111100.0
354,POW,2024-03-20,11400.0,11300.0,11450.0,11250.0
355,TCB,2024-03-19,40300.0,40200.0,40400.0,39600.0
356,HPG,2024-03-19,29800.0,29500.0,30600.0,29400.0
357,FPT,2024-03-19,112000.0,113000.0,113000.0,111100.0
358,VHM,2024-03-19,42900.0,42350.0,43050.0,41850.0
359,POW,2024-03-19,11250.0,11300.0,11400.0,11200.0
360,FPT,2024-03-18,113000.0,115800.0,115800.0,111100.0
361,TCB,2024-03-18,40100.0,41200.0,41200.0,39400.0
362,POW,2024-03-18,11300.0,11450.0,11550.0,11200.0
363,HPG,2024-03-18,29600.0,30150.0,30200.0,29000.0
364,VHM,2024-03-18,42100.0,42650.0,43150.0,41300.0
365,POW,2024-03-15,11450.0,11600.0,11650.0,11400.0
366,VHM,2024-03-15,42400.0,42900.0,43150.0,42400.0
367,HPG,2024-03-15,30100.0,30350.0,30700.0,30000.0
368,TCB,2024-03-15,41400.0,41250.0,41650.0,40400.0
369,FPT,2024-03-15,116000.0,116800.0,116800.0,114500.0
370,VHM,2024-03-14,42900.0,43400.0,43800.0,42800.0
371,TCB,2024-03-14,41400.0,42100.0,42100.0,41250.0
372,FPT,2024-03-14,117000.0,118500.0,118500.0,115700.0
373,HPG,2024-03-14,30350.0,30900.0,30900.0,30250.0
374,POW,2024-03-14,11600.0,11600.0,11700.0,11550.0
375,VHM,2024-03-13,42950.0,42800.0,43000.0,42500.0
376,FPT,2024-03-13,117000.0,112800.0,117000.0,112000.0
377,HPG,2024-03-13,30800.0,30200.0,30850.0,30100.0
378,POW,2024-03-13,11600.0,11500.0,11650.0,11500.0
379,TCB,2024-03-13,42000.0,41200.0,42000.0,40950.0
380,POW,2024-03-12,11500.0,11600.0,11650.0,11500.0
381,FPT,2024-03-12,111900.0,110000.0,113500.0,110000.0
382,VHM,2024-03-12,42700.0,42550.0,42900.0,42350.0
383,HPG,2024-03-12,30200.0,29850.0,30400.0,29800.0
384,TCB,2024-03-12,41200.0,40350.0,41300.0,40100.0
385,HPG,2024-03-11,29900.0,30300.0,30600.0,29800.0
386,POW,2024-03-11,11600.0,11750.0,11800.0,11500.0
387,FPT,2024-03-11,110000.0,110000.0,113500.0,110000.0
388,TCB,2024-03-11,40400.0,40900.0,41200.0,39900.0
389,VHM,2024-03-11,42550.0,42600.0,43000.0,42500.0
390,POW,2024-03-08,11700.0,11900.0,12050.0,11700.0
391,VHM,2024-03-08,42550.0,43500.0,43600.0,42550.0
392,FPT,2024-03-08,110000.0,111300.0,112600.0,109500.0
393,TCB,2024-03-08,41000.0,42450.0,42600.0,41000.0
394,HPG,2024-03-08,30300.0,31000.0,31050.0,30250.0
395,HPG,2024-03-07,31000.0,30700.0,31350.0,30600.0
396,VHM,2024-03-07,43200.0,43300.0,43300.0,42850.0
397,POW,2024-03-07,11850.0,11900.0,11950.0,11750.0
398,FPT,2024-03-07,111300.0,109100.0,113900.0,108200.0
399,TCB,2024-03-07,42600.0,42850.0,43300.0,42400.0
400,FPT,2024-03-06,109000.0,110000.0,110400.0,108700.0
401,POW,2024-03-06,11850.0,11800.0,12100.0,11800.0
402,VHM,2024-03-06,43500.0,43650.0,44550.0,43450.0
403,TCB,2024-03-06,42650.0,42050.0,43500.0,41800.0
404,HPG,2024-03-06,30600.0,31100.0,31150.0,30550.0
405,FPT,2024-03-05,110700.0,111400.0,111400.0,109900.0
406,POW,2024-03-05,11850.0,11850.0,11900.0,11750.0
407,VHM,2024-03-05,43650.0,43950.0,44250.0,43300.0
408,HPG,2024-03-05,31150.0,30800.0,31300.0,30700.0
409,TCB,2024-03-05,42200.0,41800.0,42200.0,41400.0
410,FPT,2024-03-04,111400.0,111000.0,111800.0,110800.0
411,HPG,2024-03-04,30800.0,31000.0,31400.0,30700.0
412,VHM,2024-03-04,43950.0,44050.0,44600.0,43800.0
413,TCB,2024-03-04,41850.0,41750.0,42200.0,41350.0
414,POW,2024-03-04,11850.0,11850.0,11900.0,11750.0
415,POW,2024-03-01,11750.0,11650.0,11750.0,11600.0
416,VHM,2024-03-01,43950.0,43700.0,44200.0,43300.0
417,FPT,2024-03-01,110800.0,109200.0,111400.0,109100.0
418,TCB,2024-03-01,41850.0,41700.0,41850.0,41250.0
419,HPG,2024-03-01,30850.0,31200.0,31200.0,30650.0
420,HPG,2024-02-29,31000.0,30750.0,31150.0,30500.0
421,POW,2024-02-29,11650.0,11900.0,11900.0,11650.0
422,FPT,2024-02-29,109000.0,108200.0,109400.0,107700.0
423,VHM,2024-02-29,43400.0,44550.0,44700.0,43400.0
424,TCB,2024-02-29,42200.0,42450.0,42450.0,41350.0
425,POW,2024-02-28,11800.0,11850.0,11900.0,11750.0
426,TCB,2024-02-28,42200.0,42050.0,42350.0,41550.0
427,VHM,2024-02-28,44400.0,44450.0,44900.0,44000.0
428,FPT,2024-02-28,108500.0,108000.0,108500.0,106300.0
429,HPG,2024-02-28,30600.0,30400.0,30950.0,30150.0
430,HPG,2024-02-27,30350.0,28900.0,30450.0,28800.0
431,VHM,2024-02-27,44200.0,43750.0,44200.0,43300.0
432,POW,2024-02-27,11750.0,11600.0,11800.0,11550.0
433,FPT,2024-02-27,107900.0,108500.0,109500.0,107400.0
434,TCB,2024-02-27,41950.0,41400.0,41950.0,41000.0
435,POW,2024-02-26,11550.0,11500.0,11600.0,11450.0
436,FPT,2024-02-26,108000.0,103900.0,108000.0,103500.0
437,VHM,2024-02-26,43350.0,43450.0,43850.0,43100.0
438,HPG,2024-02-26,28800.0,28400.0,28800.0,28300.0
439,TCB,2024-02-26,41200.0,40200.0,41500.0,40200.0
440,HPG,2024-02-23,28400.0,28550.0,28850.0,28400.0
441,VHM,2024-02-23,43300.0,45000.0,45100.0,43250.0
442,TCB,2024-02-23,40100.0,40750.0,42350.0,40000.0
443,POW,2024-02-23,11500.0,11800.0,11850.0,11500.0
444,FPT,2024-02-23,103900.0,105500.0,106700.0,103300.0
445,FPT,2024-02-22,104600.0,105900.0,106000.0,104600.0
446,HPG,2024-02-22,28550.0,28700.0,28800.0,28550.0
447,VHM,2024-02-22,44800.0,45100.0,45450.0,44800.0
448,POW,2024-02-22,11750.0,11800.0,11900.0,11750.0
449,TCB,2024-02-22,40300.0,39000.0,40350.0,38950.0
450,TCB,2024-02-21,39000.0,38750.0,39350.0,38600.0
451,VHM,2024-02-21,45000.0,46100.0,46100.0,44800.0
452,HPG,2024-02-21,28800.0,29100.0,29150.0,28700.0
453,POW,2024-02-21,11800.0,11850.0,11900.0,11750.0
454,FPT,2024-02-21,105900.0,104000.0,106900.0,103500.0
455,HPG,2024-02-20,29200.0,29200.0,29350.0,29050.0
456,FPT,2024-02-20,104300.0,105200.0,105200.0,104000.0
457,VHM,2024-02-20,46150.0,46000.0,46700.0,45850.0
458,POW,2024-02-20,11900.0,12050.0,12250.0,11850.0
459,TCB,2024-02-20,38900.0,38800.0,39000.0,38500.0
460,TCB,2024-02-19,38900.0,38550.0,39050.0,38450.0
461,VHM,2024-02-19,45550.0,43000.0,45650.0,42900.0
462,HPG,2024-02-19,29200.0,28650.0,29400.0,28450.0
463,FPT,2024-02-19,105000.0,105500.0,107000.0,105000.0
464,POW,2024-02-19,12000.0,11500.0,12100.0,11500.0
465,HPG,2024-02-16,28600.0,28750.0,28800.0,28600.0
466,VHM,2024-02-16,42700.0,42150.0,42800.0,41950.0
467,FPT,2024-02-16,105100.0,104000.0,105100.0,103800.0
468,TCB,2024-02-16,38500.0,38500.0,38700.0,37900.0
469,POW,2024-02-16,11500.0,11450.0,11500.0,11400.0
470,FPT,2024-02-15,104000.0,105200.0,105500.0,103800.0
471,HPG,2024-02-15,28700.0,28300.0,28900.0,28250.0
472,POW,2024-02-15,11400.0,11400.0,11450.0,11350.0
473,VHM,2024-02-15,41950.0,42150.0,42200.0,41800.0
474,TCB,2024-02-15,38400.0,37500.0,38950.0,37450.0
475,HPG,2024-02-07,28150.0,28050.0,28300.0,28050.0
476,VHM,2024-02-07,41800.0,41050.0,41850.0,41000.0
477,FPT,2024-02-07,104900.0,104700.0,105000.0,103900.0
478,TCB,2024-02-07,37300.0,35800.0,37300.0,35800.0
479,POW,2024-02-07,11350.0,11350.0,11400.0,11300.0
480,VHM,2024-02-06,41000.0,41400.0,41450.0,41000.0
481,POW,2024-02-06,11350.0,11300.0,11350.0,11250.0
482,FPT,2024-02-06,104100.0,103600.0,105000.0,102900.0
483,HPG,2024-02-06,28050.0,28150.0,28250.0,28000.0
484,TCB,2024-02-06,35650.0,35650.0,36200.0,35600.0
485,VHM,2024-02-05,41250.0,41400.0,41600.0,41100.0
486,TCB,2024-02-05,35500.0,34450.0,36000.0,34400.0
487,POW,2024-02-05,11250.0,11350.0,11350.0,11250.0
488,HPG,2024-02-05,28000.0,27900.0,28300.0,27900.0
489,FPT,2024-02-05,103500.0,102000.0,104100.0,101900.0
490,HPG,2024-02-02,27900.0,27700.0,28100.0,27700.0
491,VHM,2024-02-02,41200.0,41500.0,42100.0,41150.0
492,FPT,2024-02-02,102000.0,100200.0,102200.0,100100.0
493,POW,2024-02-02,11300.0,11400.0,11400.0,11300.0
494,TCB,2024-02-02,34150.0,34000.0,34450.0,34000.0
495,VHM,2024-02-01,41200.0,41350.0,41500.0,41100.0
496,POW,2024-02-01,11350.0,11350.0,11450.0,11300.0
497,FPT,2024-02-01,99900.0,95900.0,99900.0,95700.0
498,HPG,2024-02-01,27850.0,27750.0,28100.0,27700.0
499,TCB,2024-02-01,34150.0,34450.0,34650.0,34000.0
500,VHM,2024-01-31,41500.0,42050.0,42250.0,41500.0
501,TCB,2024-01-31,34550.0,35200.0,35250.0,34400.0
502,POW,2024-01-31,11350.0,11550.0,11550.0,11350.0
503,FPT,2024-01-31,95700.0,95600.0,96000.0,95500.0
504,HPG,2024-01-31,27750.0,27950.0,28100.0,27750.0
505,TCB,2024-01-30,35200.0,35100.0,35250.0,34700.0
506,FPT,2024-01-30,95600.0,95900.0,95900.0,95400.0
507,POW,2024-01-30,11500.0,11450.0,11650.0,11400.0
508,HPG,2024-01-30,28000.0,28000.0,28100.0,27850.0
509,VHM,2024-01-30,42000.0,41800.0,42300.0,41700.0
510,FPT,2024-01-29,95900.0,95900.0,96100.0,95300.0
511,HPG,2024-01-29,28000.0,28350.0,28400.0,28000.0
512,POW,2024-01-29,11400.0,11450.0,11500.0,11400.0
513,TCB,2024-01-29,35250.0,35450.0,35650.0,35200.0
514,VHM,2024-01-29,41800.0,42300.0,42300.0,41800.0
515,HPG,2024-01-26,28350.0,28400.0,28500.0,28250.0
516,VHM,2024-01-26,42000.0,42200.0,42500.0,42000.0
517,FPT,2024-01-26,95900.0,95500.0,96200.0,95300.0
518,TCB,2024-01-26,35400.0,35050.0,35500.0,35000.0
519,POW,2024-01-26,11400.0,11400.0,11450.0,11400.0
520,TCB,2024-01-25,35000.0,35250.0,35250.0,34900.0
521,HPG,2024-01-25,28250.0,28250.0,28400.0,28000.0
522,FPT,2024-01-25,95100.0,95100.0,95700.0,94800.0
523,POW,2024-01-25,11450.0,11400.0,11450.0,11350.0
524,VHM,2024-01-25,42100.0,42500.0,42500.0,42050.0
525,POW,2024-01-24,11400.0,11450.0,11500.0,11350.0
526,TCB,2024-01-24,35250.0,35250.0,35550.0,35250.0
527,HPG,2024-01-24,28250.0,28300.0,28500.0,28250.0
528,VHM,2024-01-24,42500.0,42350.0,42950.0,42300.0
529,FPT,2024-01-24,95000.0,95800.0,95800.0,94900.0
530,TCB,2024-01-23,35450.0,35500.0,36000.0,35400.0
531,VHM,2024-01-23,42350.0,43050.0,43200.0,42300.0
532,HPG,2024-01-23,28350.0,28450.0,28500.0,28250.0
533,POW,2024-01-23,11450.0,11550.0,11600.0,11400.0
534,FPT,2024-01-23,95600.0,96100.0,96400.0,95400.0
535,POW,2024-01-22,11550.0,11600.0,11650.0,11450.0
536,TCB,2024-01-22,34950.0,35300.0,35300.0,34700.0
537,VHM,2024-01-22,43000.0,43350.0,43450.0,42800.0
538,HPG,2024-01-22,28300.0,28000.0,28650.0,27850.0
539,FPT,2024-01-22,96400.0,96800.0,96800.0,95800.0
540,VHM,2024-01-19,43050.0,43350.0,43600.0,43000.0
541,POW,2024-01-19,11550.0,11450.0,11600.0,11450.0
542,HPG,2024-01-19,27800.0,27750.0,27900.0,27600.0
543,TCB,2024-01-19,34950.0,34600.0,35150.0,34500.0
544,FPT,2024-01-19,96300.0,96000.0,96900.0,95700.0
545,VHM,2024-01-18,43200.0,42250.0,43500.0,42050.0
546,HPG,2024-01-18,27650.0,27700.0,27850.0,27600.0
547,POW,2024-01-18,11400.0,11400.0,11450.0,11350.0
548,FPT,2024-01-18,95600.0,95700.0,96000.0,95200.0
549,TCB,2024-01-18,34400.0,34250.0,34600.0,34050.0
550,POW,2024-01-17,11400.0,11500.0,11550.0,11400.0
551,HPG,2024-01-17,27650.0,27850.0,27950.0,27650.0
552,FPT,2024-01-17,95700.0,95600.0,96000.0,95000.0
553,VHM,2024-01-17,41900.0,42650.0,42850.0,41900.0
554,TCB,2024-01-17,34050.0,34150.0,34650.0,34000.0
555,HPG,2024-01-16,27800.0,27100.0,27800.0,27050.0
556,VHM,2024-01-16,42650.0,41600.0,42650.0,41450.0
557,TCB,2024-01-16,34150.0,34100.0,34200.0,33800.0
558,POW,2024-01-16,11500.0,11400.0,11500.0,11350.0
559,FPT,2024-01-16,95700.0,94700.0,95700.0,94700.0
560,TCB,2024-01-15,34300.0,34700.0,34800.0,34300.0
561,FPT,2024-01-15,95400.0,95000.0,95900.0,94900.0
562,HPG,2024-01-15,27100.0,27200.0,27450.0,27100.0
563,POW,2024-01-15,11400.0,11550.0,11600.0,11400.0
564,VHM,2024-01-15,41600.0,41800.0,41850.0,41400.0
565,TCB,2024-01-12,34650.0,33850.0,34700.0,33550.0
566,POW,2024-01-12,11450.0,11750.0,11750.0,11350.0
567,FPT,2024-01-12,94700.0,94800.0,95600.0,94100.0
568,VHM,2024-01-12,41300.0,41800.0,41900.0,40900.0
569,HPG,2024-01-12,27150.0,27350.0,27450.0,27050.0
570,VHM,2024-01-11,42000.0,42500.0,43050.0,42000.0
571,HPG,2024-01-11,27500.0,27450.0,27650.0,27400.0
572,FPT,2024-01-11,95000.0,94700.0,95400.0,94700.0
573,TCB,2024-01-11,34150.0,34300.0,34600.0,33800.0
574,POW,2024-01-11,11650.0,11400.0,11800.0,11400.0
575,TCB,2024-01-10,34400.0,34550.0,34700.0,34250.0
576,HPG,2024-01-10,27350.0,27700.0,27750.0,27250.0
577,VHM,2024-01-10,42700.0,43000.0,43000.0,42100.0
578,FPT,2024-01-10,94700.0,96700.0,96900.0,94500.0
579,POW,2024-01-10,11400.0,11500.0,11550.0,11350.0
580,TCB,2024-01-09,34500.0,34000.0,34500.0,33800.0
581,HPG,2024-01-09,27700.0,27900.0,27950.0,27500.0
582,FPT,2024-01-09,96600.0,97300.0,97300.0,96600.0
583,POW,2024-01-09,11450.0,11400.0,11450.0,11350.0
584,VHM,2024-01-09,43000.0,43150.0,43300.0,42650.0
585,POW,2024-01-08,11400.0,11350.0,11450.0,11300.0
586,TCB,2024-01-08,34100.0,33500.0,34150.0,33350.0
587,FPT,2024-01-08,97300.0,97400.0,98300.0,97100.0
588,HPG,2024-01-08,27850.0,27950.0,28250.0,27850.0
589,VHM,2024-01-08,43350.0,43200.0,43850.0,42900.0
590,VHM,2024-01-05,43100.0,43450.0,43550.0,43050.0
591,HPG,2024-01-05,27800.0,27750.0,27900.0,27550.0
592,POW,2024-01-05,11300.0,11450.0,11500.0,11300.0
593,TCB,2024-01-05,33200.0,33100.0,33400.0,33000.0
594,FPT,2024-01-05,97400.0,97300.0,97500.0,96500.0
595,POW,2024-01-04,11450.0,11450.0,11600.0,11400.0
596,TCB,2024-01-04,33100.0,32600.0,33650.0,32550.0
597,FPT,2024-01-04,97200.0,96300.0,98400.0,96200.0
598,HPG,2024-01-04,27750.0,27800.0,28100.0,27700.0
599,VHM,2024-01-04,43450.0,43550.0,43700.0,43250.0
600,TCB,2024-01-03,32600.0,31900.0,32600.0,31850.0
601,HPG,2024-01-03,27800.0,27400.0,27800.0,27400.0
602,FPT,2024-01-03,96300.0,95600.0,96500.0,95400.0
603,VHM,2024-01-03,43400.0,42600.0,43400.0,42550.0
604,POW,2024-01-03,11400.0,11250.0,11400.0,11200.0
605,TCB,2024-01-02,32100.0,31900.0,32250.0,31800.0
606,VHM,2024-01-02,43000.0,43300.0,43750.0,42550.0
607,FPT,2024-01-02,95900.0,96900.0,96900.0,95700.0
608,POW,2024-01-02,11250.0,11300.0,11350.0,11200.0
609,HPG,2024-01-02,27450.0,28100.0,28150.0,27450.0
610,POW,2023-12-29,11250.0,11250.0,11300.0,11200.0
611,FPT,2023-12-29,96100.0,96600.0,97000.0,96100.0
612,HPG,2023-12-29,27950.0,27950.0,28100.0,27800.0
613,TCB,2023-12-29,31800.0,31700.0,31950.0,31500.0
614,VHM,2023-12-29,43200.0,44050.0,44100.0,43200.0
615,FPT,2023-12-28,96600.0,97000.0,97000.0,96300.0
616,POW,2023-12-28,11250.0,11250.0,11300.0,11150.0
617,VHM,2023-12-28,43700.0,42100.0,43800.0,42050.0
618,TCB,2023-12-28,31500.0,30900.0,31650.0,30900.0
619,HPG,2023-12-28,27950.0,27750.0,28200.0,27650.0
620,HPG,2023-12-27,27750.0,27850.0,28000.0,27750.0
621,VHM,2023-12-27,41900.0,42000.0,42150.0,41850.0
622,TCB,2023-12-27,30850.0,30850.0,31150.0,30850.0
623,POW,2023-12-27,11150.0,11350.0,11350.0,11150.0
624,FPT,2023-12-27,96900.0,97400.0,97800.0,96900.0
625,FPT,2023-12-26,97200.0,96500.0,98600.0,96400.0
626,HPG,2023-12-26,27800.0,27400.0,27900.0,27400.0
627,POW,2023-12-26,11250.0,11300.0,11400.0,11200.0
628,TCB,2023-12-26,30800.0,30850.0,31000.0,30750.0
629,VHM,2023-12-26,41900.0,41500.0,42200.0,41300.0
630,HPG,2023-12-25,27450.0,27150.0,27600.0,27150.0
631,POW,2023-12-25,11300.0,11300.0,11400.0,11200.0
632,FPT,2023-12-25,96000.0,94900.0,96200.0,94800.0
633,VHM,2023-12-25,41200.0,40300.0,41250.0,40300.0
634,TCB,2023-12-25,30950.0,30800.0,31000.0,30600.0
635,VHM,2023-12-22,40300.0,40200.0,40400.0,40000.0
636,HPG,2023-12-22,27050.0,27200.0,27350.0,27050.0
637,POW,2023-12-22,11250.0,11350.0,11350.0,11150.0
638,TCB,2023-12-22,30600.0,30500.0,30800.0,30450.0
639,FPT,2023-12-22,94600.0,95000.0,95100.0,94400.0
640,TCB,2023-12-21,30650.0,30300.0,30650.0,30150.0
641,VHM,2023-12-21,40200.0,39700.0,40450.0,39650.0
642,POW,2023-12-21,11300.0,11300.0,11350.0,11250.0
643,FPT,2023-12-21,95100.0,94600.0,95100.0,94000.0
644,HPG,2023-12-21,27200.0,27100.0,27300.0,26950.0
645,HPG,2023-12-20,27200.0,27200.0,27350.0,27100.0
646,FPT,2023-12-20,94700.0,94300.0,95000.0,94100.0
647,TCB,2023-12-20,30350.0,30300.0,30550.0,30150.0
648,POW,2023-12-20,11300.0,11300.0,11350.0,11200.0
649,VHM,2023-12-20,39950.0,39850.0,39950.0,39500.0
650,HPG,2023-12-19,27200.0,26600.0,27200.0,26550.0
651,TCB,2023-12-19,30600.0,30000.0,30600.0,29800.0
652,VHM,2023-12-19,39500.0,39900.0,39950.0,39300.0
653,POW,2023-12-19,11200.0,11100.0,11250.0,11100.0
654,FPT,2023-12-19,94600.0,93900.0,94600.0,93600.0
655,HPG,2023-12-18,26600.0,26900.0,27000.0,26600.0
656,POW,2023-12-18,11100.0,11250.0,11300.0,11100.0
657,TCB,2023-12-18,30050.0,30600.0,30650.0,30050.0
658,FPT,2023-12-18,94000.0,95900.0,96200.0,93700.0
659,VHM,2023-12-18,39900.0,40200.0,40200.0,39850.0
660,TCB,2023-12-15,30600.0,30550.0,30800.0,30400.0
661,FPT,2023-12-15,96200.0,96200.0,96300.0,95000.0
662,POW,2023-12-15,11200.0,11350.0,11400.0,11200.0
663,HPG,2023-12-15,26800.0,27100.0,27200.0,26750.0
664,VHM,2023-12-15,39900.0,40450.0,40550.0,39850.0
665,TCB,2023-12-14,30550.0,30800.0,30850.0,30550.0
666,FPT,2023-12-14,96200.0,95800.0,96400.0,95200.0
667,VHM,2023-12-14,40300.0,41100.0,41250.0,40250.0
668,HPG,2023-12-14,27050.0,27550.0,27550.0,27050.0
669,POW,2023-12-14,11300.0,11450.0,11500.0,11250.0
670,HPG,2023-12-13,27350.0,28100.0,28200.0,27300.0
671,FPT,2023-12-13,95200.0,97400.0,97400.0,95200.0
672,TCB,2023-12-13,30500.0,31150.0,31150.0,30500.0
673,POW,2023-12-13,11400.0,11600.0,11600.0,11400.0
674,VHM,2023-12-13,40750.0,41200.0,41650.0,40650.0
675,VHM,2023-12-12,41050.0,41000.0,41300.0,40750.0
676,HPG,2023-12-12,27950.0,27500.0,28200.0,27500.0
677,TCB,2023-12-12,31050.0,30850.0,31050.0,30750.0
678,POW,2023-12-12,11600.0,11650.0,11700.0,11500.0
679,FPT,2023-12-12,96800.0,95400.0,96800.0,95300.0
680,HPG,2023-12-11,27500.0,27700.0,27800.0,27300.0
681,FPT,2023-12-11,95000.0,95500.0,95700.0,94600.0
682,POW,2023-12-11,11600.0,11700.0,11750.0,11550.0
683,VHM,2023-12-11,41000.0,40150.0,41300.0,40100.0
684,TCB,2023-12-11,30850.0,30950.0,31000.0,30650.0
685,POW,2023-12-08,11650.0,11600.0,11850.0,11550.0
686,VHM,2023-12-08,39650.0,39700.0,40100.0,39450.0
687,HPG,2023-12-08,27700.0,27800.0,28250.0,27500.0
688,TCB,2023-12-08,30950.0,30850.0,31000.0,30600.0
689,FPT,2023-12-08,94200.0,94300.0,95100.0,93500.0
690,FPT,2023-12-07,94300.0,95100.0,95300.0,92800.0
691,HPG,2023-12-07,27600.0,27650.0,27900.0,26950.0
692,VHM,2023-12-07,39700.0,40450.0,40550.0,39400.0
693,POW,2023-12-07,11500.0,11550.0,11700.0,11450.0
694,TCB,2023-12-07,30850.0,30550.0,31050.0,30300.0
695,VHM,2023-12-06,40450.0,40500.0,40550.0,39650.0
696,FPT,2023-12-06,95000.0,95000.0,95400.0,94100.0
697,TCB,2023-12-06,30400.0,30000.0,30500.0,30000.0
698,HPG,2023-12-06,27600.0,27250.0,27600.0,27200.0
699,POW,2023-12-06,11550.0,11500.0,11600.0,11450.0
700,HPG,2023-12-05,27250.0,27500.0,27550.0,27150.0
701,VHM,2023-12-05,40500.0,41500.0,41500.0,40500.0
702,POW,2023-12-05,11450.0,11550.0,11650.0,11450.0
703,TCB,2023-12-05,30050.0,30250.0,30300.0,29900.0
704,FPT,2023-12-05,94800.0,93800.0,95800.0,93700.0
705,VHM,2023-12-04,41300.0,40950.0,41500.0,40850.0
706,HPG,2023-12-04,27500.0,27200.0,27750.0,27050.0
707,FPT,2023-12-04,93600.0,92600.0,94000.0,92600.0
708,POW,2023-12-04,11550.0,11350.0,11600.0,11300.0
709,TCB,2023-12-04,30200.0,29800.0,30500.0,29800.0
710,FPT,2023-12-01,92400.0,92200.0,92900.0,91300.0
711,POW,2023-12-01,11300.0,11350.0,11350.0,11200.0
712,TCB,2023-12-01,29750.0,29600.0,29850.0,29350.0
713,HPG,2023-12-01,26900.0,26800.0,27100.0,26450.0
714,VHM,2023-12-01,40900.0,41300.0,41400.0,40400.0
715,HPG,2023-11-30,26550.0,27100.0,27200.0,26550.0
716,TCB,2023-11-30,29500.0,29750.0,30050.0,29500.0
717,POW,2023-11-30,11250.0,11400.0,11450.0,11200.0
718,FPT,2023-11-30,91900.0,91400.0,93700.0,91300.0
719,VHM,2023-11-30,41300.0,41200.0,41350.0,40600.0
720,POW,2023-11-29,11300.0,11350.0,11400.0,11300.0
721,FPT,2023-11-29,91700.0,91600.0,92000.0,91100.0
722,HPG,2023-11-29,27000.0,26700.0,27100.0,26650.0
723,TCB,2023-11-29,29900.0,29900.0,30300.0,29600.0
724,VHM,2023-11-29,41200.0,41050.0,41300.0,40750.0
725,VHM,2023-11-28,40750.0,39800.0,40750.0,39650.0
726,POW,2023-11-28,11300.0,11300.0,11350.0,11150.0
727,FPT,2023-11-28,91100.0,90800.0,91900.0,89900.0
728,HPG,2023-11-28,26700.0,26400.0,26700.0,26050.0
729,TCB,2023-11-28,29950.0,29300.0,29950.0,28800.0
730,HPG,2023-11-27,26300.0,26500.0,26750.0,26200.0
731,POW,2023-11-27,11300.0,11400.0,11450.0,11300.0
732,FPT,2023-11-27,90700.0,91400.0,91400.0,90100.0
733,VHM,2023-11-27,39800.0,39100.0,40000.0,39100.0
734,TCB,2023-11-27,29300.0,29950.0,29950.0,29300.0
735,POW,2023-11-24,11400.0,11450.0,11500.0,11200.0
736,TCB,2023-11-24,30050.0,30350.0,30600.0,29450.0
737,FPT,2023-11-24,91200.0,90800.0,92000.0,90200.0
738,VHM,2023-11-24,39100.0,39000.0,39200.0,38050.0
739,HPG,2023-11-24,26400.0,26000.0,26400.0,25550.0
740,TCB,2023-11-23,30400.0,31200.0,31300.0,30400.0
741,VHM,2023-11-23,39000.0,39350.0,39950.0,39000.0
742,HPG,2023-11-23,25850.0,27300.0,27350.0,25850.0
743,FPT,2023-11-23,90800.0,93300.0,93700.0,90800.0
744,POW,2023-11-23,11450.0,11700.0,11700.0,11450.0
745,POW,2023-11-22,11650.0,11700.0,11700.0,11500.0
746,TCB,2023-11-22,30950.0,30900.0,31000.0,30650.0
747,VHM,2023-11-22,39000.0,39400.0,39600.0,38850.0
748,HPG,2023-11-22,27200.0,27000.0,27200.0,26900.0
749,FPT,2023-11-22,93000.0,91900.0,93100.0,91900.0
750,FPT,2023-11-21,91900.0,92000.0,92000.0,90700.0
751,VHM,2023-11-21,39100.0,39750.0,39750.0,38900.0
752,POW,2023-11-21,11700.0,11700.0,11800.0,11600.0
753,HPG,2023-11-21,27050.0,27000.0,27500.0,26950.0
754,TCB,2023-11-21,30800.0,31350.0,31350.0,30800.0
755,FPT,2023-11-20,90700.0,90100.0,92600.0,89100.0
756,POW,2023-11-20,11650.0,11550.0,11700.0,11450.0
757,VHM,2023-11-20,38950.0,38500.0,39500.0,38300.0
758,TCB,2023-11-20,31000.0,30500.0,31250.0,30450.0
759,HPG,2023-11-20,26650.0,26100.0,26900.0,26100.0
760,POW,2023-11-17,11650.0,11850.0,11950.0,11600.0
761,TCB,2023-11-17,31150.0,31700.0,31950.0,30700.0
762,VHM,2023-11-17,38950.0,41300.0,41750.0,38500.0
763,FPT,2023-11-17,91000.0,93400.0,93500.0,90600.0
764,HPG,2023-11-17,26500.0,27200.0,27400.0,26300.0
765,VHM,2023-11-16,41150.0,41400.0,41650.0,40800.0
766,HPG,2023-11-16,27200.0,26850.0,27200.0,26800.0
767,TCB,2023-11-16,31700.0,31500.0,31800.0,31500.0
768,POW,2023-11-16,11850.0,11800.0,11850.0,11650.0
769,FPT,2023-11-16,93000.0,92200.0,93000.0,91600.0
770,FPT,2023-11-15,92400.0,93700.0,93800.0,92000.0
771,POW,2023-11-15,11750.0,11950.0,12100.0,11750.0
772,HPG,2023-11-15,27000.0,27550.0,27800.0,27000.0
773,TCB,2023-11-15,31550.0,32000.0,32200.0,31500.0
774,VHM,2023-11-15,41450.0,41800.0,42600.0,41350.0
775,VHM,2023-11-14,41000.0,41850.0,41900.0,40750.0
776,TCB,2023-11-14,31500.0,31150.0,31750.0,30900.0
777,FPT,2023-11-14,92600.0,92000.0,93400.0,91300.0
778,POW,2023-11-14,11850.0,12000.0,12000.0,11700.0
779,HPG,2023-11-14,27000.0,27400.0,27500.0,26700.0
780,FPT,2023-11-13,91400.0,91600.0,92000.0,90500.0
781,HPG,2023-11-13,27200.0,26500.0,27600.0,26500.0
782,POW,2023-11-13,11900.0,11850.0,12100.0,11800.0
783,VHM,2023-11-13,41350.0,42600.0,42600.0,41300.0
784,TCB,2023-11-13,30900.0,31300.0,31300.0,30650.0
785,FPT,2023-11-10,91500.0,91500.0,92700.0,91300.0
786,HPG,2023-11-10,26500.0,26400.0,27100.0,26350.0
787,VHM,2023-11-10,42300.0,42500.0,43200.0,42300.0
788,TCB,2023-11-10,31050.0,31200.0,31500.0,30700.0
789,POW,2023-11-10,11700.0,11750.0,12000.0,11600.0
790,VHM,2023-11-09,42900.0,41600.0,43050.0,41450.0
791,HPG,2023-11-09,26700.0,26950.0,27400.0,26600.0
792,TCB,2023-11-09,31500.0,31850.0,31950.0,31300.0
793,POW,2023-11-09,11550.0,11500.0,11800.0,11400.0
794,FPT,2023-11-09,92500.0,92000.0,93300.0,91800.0
795,TCB,2023-11-08,31800.0,30600.0,31900.0,30200.0
796,POW,2023-11-08,11500.0,11200.0,11500.0,11100.0
797,VHM,2023-11-08,41000.0,39950.0,41500.0,39200.0
798,HPG,2023-11-08,26950.0,25800.0,26950.0,25600.0
799,FPT,2023-11-08,92600.0,88200.0,92600.0,88000.0
800,TCB,2023-11-07,30600.0,30600.0,30950.0,30450.0
801,FPT,2023-11-07,88300.0,88500.0,88800.0,87900.0
802,POW,2023-11-07,11150.0,11200.0,11300.0,11100.0
803,VHM,2023-11-07,40000.0,40900.0,40950.0,40000.0
804,HPG,2023-11-07,25800.0,25800.0,26200.0,25450.0
805,POW,2023-11-06,11250.0,11150.0,11250.0,11100.0
806,TCB,2023-11-06,31000.0,30800.0,31000.0,30300.0
807,FPT,2023-11-06,88500.0,88200.0,88900.0,87800.0
808,HPG,2023-11-06,25750.0,25350.0,25900.0,25200.0
809,VHM,2023-11-06,41000.0,40650.0,41400.0,40600.0
810,HPG,2023-11-03,25100.0,25400.0,25500.0,24750.0
811,VHM,2023-11-03,40500.0,40450.0,40550.0,39950.0
812,POW,2023-11-03,11100.0,11150.0,11200.0,11000.0
813,FPT,2023-11-03,87000.0,89000.0,89200.0,87000.0
814,TCB,2023-11-03,31000.0,29950.0,31000.0,29550.0
815,FPT,2023-11-02,89000.0,86400.0,89000.0,85900.0
816,VHM,2023-11-02,39950.0,38450.0,40000.0,37700.0
817,TCB,2023-11-02,29350.0,28800.0,29600.0,28500.0
818,POW,2023-11-02,11100.0,10800.0,11150.0,10800.0
819,HPG,2023-11-02,25250.0,24200.0,25600.0,24100.0
820,POW,2023-11-01,10700.0,10650.0,10700.0,10550.0
821,FPT,2023-11-01,85400.0,84300.0,85400.0,82600.0
822,HPG,2023-11-01,23950.0,23000.0,23950.0,22950.0
823,TCB,2023-11-01,28200.0,28300.0,28450.0,27450.0
824,VHM,2023-11-01,38450.0,38900.0,39000.0,36750.0
825,FPT,2023-10-31,83000.0,85100.0,85300.0,83000.0
826,VHM,2023-10-31,39000.0,39200.0,39700.0,38000.0
827,HPG,2023-10-31,23000.0,23500.0,23500.0,22900.0
828,POW,2023-10-31,10600.0,10900.0,10950.0,10600.0
829,TCB,2023-10-31,27700.0,28200.0,28500.0,27200.0
830,POW,2023-10-30,,10900.0,11000.0,18500.0
831,HPG,2023-10-30,,26500.0,30500.0,23000.0
832,FPT,2023-10-30,,87000.0,87100.0,85000.0
833,TCB,2023-10-30,,29200.0,31500.0,28100.0
834,VHM,2023-10-30,,39000.0,40000.0,44500.0
835,TCB,2023-10-27,34500.0,30000.0,30400.0,29100.0
836,FPT,2023-10-27,87000.0,87500.0,88000.0,86300.0
837,POW,2023-10-27,11000.0,10900.0,11000.0,17500.0
838,VHM,2023-10-27,39200.0,40000.0,41500.0,38900.0
839,HPG,2023-10-27,26500.0,25500.0,23500.0,30500.0
840,HPG,2023-10-26,,23800.0,31500.0,22600.0
841,VHM,2023-10-26,,41800.0,41800.0,41800.0
842,POW,2023-10-26,,12500.0,12500.0,17500.0
843,TCB,2023-10-26,,30800.0,39500.0,29200.0
844,FPT,2023-10-26,,88300.0,89900.0,86000.0
845,FPT,2023-10-25,90900.0,91800.0,92700.0,90900.0
846,VHM,2023-10-25,44900.0,45400.0,54500.0,51500.0
847,TCB,2023-10-25,31200.0,31200.0,31600.0,31200.0
848,HPG,2023-10-25,24500.0,24500.0,24600.0,24500.0
849,POW,2023-10-25,11200.0,11200.0,14500.0,12500.0
850,VHM,2023-10-24,44600.0,44900.0,45000.0,44000.0
851,TCB,2023-10-24,34500.0,34500.0,31800.0,31500.0
852,POW,2023-10-24,11200.0,11500.0,11200.0,19500.0
853,HPG,2023-10-24,24000.0,24500.0,24400.0,29500.0
854,FPT,2023-10-24,92000.0,92400.0,92400.0,90800.0
855,TCB,2023-10-23,30900.0,31100.0,31500.0,30500.0
856,VHM,2023-10-23,44500.0,44500.0,45300.0,44000.0
857,HPG,2023-10-23,24000.0,27500.0,27500.0,23700.0
858,POW,2023-10-23,11500.0,11200.0,13500.0,19500.0
859,FPT,2023-10-23,91000.0,93800.0,93800.0,90800.0
860,HPG,2023-10-20,27500.0,23700.0,27500.0,26500.0
861,POW,2023-10-20,11200.0,11100.0,11200.0,19500.0
862,FPT,2023-10-20,92900.0,92500.0,93000.0,90100.0
863,VHM,2023-10-20,44500.0,42500.0,44800.0,41700.0
864,TCB,2023-10-20,31100.0,30700.0,31400.0,35500.0
865,FPT,2023-10-19,92000.0,94000.0,94300.0,92000.0
866,HPG,2023-10-19,23700.0,24100.0,24200.0,27500.0
867,POW,2023-10-19,11500.0,12500.0,11200.0,19500.0
868,VHM,2023-10-19,42500.0,47500.0,47500.0,42500.0
869,TCB,2023-10-19,36500.0,33500.0,31400.0,36500.0
870,FPT,2023-10-18,93000.0,94900.0,94900.0,91000.0
871,POW,2023-10-18,13500.0,13500.0,11300.0,10900.0
872,VHM,2023-10-18,43300.0,44600.0,45800.0,43000.0
873,TCB,2023-10-18,33500.0,38500.0,31800.0,31000.0
874,HPG,2023-10-18,24000.0,24800.0,33500.0,23200.0
875,VHM,2023-10-17,44500.0,45600.0,45900.0,44500.0
876,TCB,2023-10-17,38500.0,40500.0,32200.0,38500.0
877,FPT,2023-10-17,93100.0,97800.0,97800.0,93100.0
878,POW,2023-10-17,13500.0,14500.0,15500.0,13500.0
879,HPG,2023-10-17,24800.0,25200.0,29500.0,24800.0
880,HPG,2023-10-16,25000.0,32500.0,25800.0,25000.0
881,TCB,2023-10-16,31800.0,32500.0,32300.0,31800.0
882,FPT,2023-10-16,96800.0,96800.0,98900.0,96300.0
883,POW,2023-10-16,14500.0,11400.0,11500.0,13500.0
884,VHM,2023-10-16,50500.0,46900.0,47000.0,50500.0
885,TCB,2023-10-13,32200.0,32400.0,36500.0,32000.0
886,HPG,2023-10-13,32500.0,25600.0,32500.0,25500.0
887,VHM,2023-10-13,46900.0,47500.0,47200.0,46500.0
888,POW,2023-10-13,11400.0,13500.0,15500.0,11200.0
889,FPT,2023-10-13,96100.0,96000.0,96300.0,95300.0
890,FPT,2023-10-12,96400.0,97000.0,97800.0,96000.0
891,VHM,2023-10-12,52500.0,47600.0,48000.0,50500.0
892,HPG,2023-10-12,25800.0,26300.0,26300.0,25600.0
893,TCB,2023-10-12,32500.0,32700.0,40500.0,32500.0
894,POW,2023-10-12,15500.0,16500.0,16500.0,11400.0
895,VHM,2023-10-11,47400.0,47700.0,47800.0,54500.0
896,POW,2023-10-11,11500.0,17500.0,17500.0,14500.0
897,FPT,2023-10-11,97000.0,95900.0,98000.0,95900.0
898,TCB,2023-10-11,32600.0,38500.0,38500.0,32300.0
899,HPG,2023-10-11,26200.0,27500.0,28500.0,25800.0
900,FPT,2023-10-10,96300.0,96500.0,97200.0,95400.0
901,POW,2023-10-10,15500.0,13500.0,15500.0,13500.0
902,TCB,2023-10-10,32500.0,32300.0,38500.0,34500.0
903,VHM,2023-10-10,48000.0,48500.0,48000.0,46900.0
904,HPG,2023-10-10,26000.0,25700.0,28500.0,25600.0
905,HPG,2023-10-09,25500.0,33500.0,25600.0,33500.0
906,POW,2023-10-09,11200.0,11000.0,11200.0,11000.0
907,TCB,2023-10-09,32100.0,32100.0,33500.0,31900.0
908,VHM,2023-10-09,47000.0,46100.0,47500.0,46500.0
909,FPT,2023-10-09,95600.0,92400.0,95600.0,92200.0
910,POW,2023-10-06,11200.0,19500.0,13500.0,10900.0
911,TCB,2023-10-06,32500.0,38500.0,34500.0,31600.0
912,HPG,2023-10-06,33500.0,32500.0,25300.0,30500.0
913,VHM,2023-10-06,46500.0,52500.0,47500.0,49500.0
914,FPT,2023-10-06,92700.0,91500.0,92800.0,91000.0
915,FPT,2023-10-05,91600.0,92800.0,93300.0,91600.0
916,VHM,2023-10-05,49500.0,44700.0,47500.0,46500.0
917,TCB,2023-10-05,31800.0,35500.0,32600.0,31800.0
918,POW,2023-10-05,10900.0,13500.0,11300.0,10900.0
919,HPG,2023-10-05,24900.0,25400.0,25500.0,32500.0
920,TCB,2023-10-04,34500.0,34500.0,38500.0,32000.0
921,HPG,2023-10-04,27500.0,24500.0,25500.0,24000.0
922,FPT,2023-10-04,92500.0,91300.0,93400.0,91300.0
923,POW,2023-10-04,13500.0,11200.0,11400.0,11100.0
924,VHM,2023-10-04,44600.0,45500.0,45400.0,45500.0
925,VHM,2023-10-03,44500.0,45000.0,47500.0,44500.0
926,TCB,2023-10-03,32500.0,32900.0,32900.0,31900.0
927,POW,2023-10-03,11200.0,11700.0,18500.0,11200.0
928,FPT,2023-10-03,92200.0,92200.0,93500.0,91500.0
929,HPG,2023-10-03,24800.0,26100.0,26100.0,24700.0
930,HPG,2023-10-02,26200.0,26300.0,30500.0,26000.0
931,VHM,2023-10-02,52500.0,45600.0,46200.0,45200.0
932,TCB,2023-10-02,34500.0,39500.0,39500.0,33000.0
933,FPT,2023-10-02,93200.0,93400.0,93800.0,92000.0
934,POW,2023-10-02,18500.0,17500.0,19500.0,11600.0
935,FPT,2023-09-29,92800.0,94000.0,94900.0,92800.0
936,HPG,2023-09-29,26300.0,26800.0,34500.0,28500.0
937,VHM,2023-09-29,45500.0,45000.0,47500.0,45000.0
938,POW,2023-09-29,11600.0,20500.0,20500.0,11600.0
939,TCB,2023-09-29,39500.0,33500.0,33700.0,33100.0
940,TCB,2023-09-28,39500.0,32600.0,33900.0,39500.0
941,POW,2023-09-28,11500.0,18500.0,11800.0,11500.0
942,VHM,2023-09-28,44500.0,45100.0,45500.0,44500.0
943,HPG,2023-09-28,26600.0,26600.0,34500.0,26200.0
944,FPT,2023-09-28,94000.0,94100.0,94300.0,91400.0
945,TCB,2023-09-27,32600.0,34500.0,32600.0,34500.0
946,FPT,2023-09-27,94300.0,93900.0,94300.0,90400.0
947,POW,2023-09-27,18500.0,11700.0,18500.0,11500.0
948,VHM,2023-09-27,45100.0,45000.0,45800.0,51500.0
949,HPG,2023-09-27,26500.0,27500.0,26700.0,27500.0
950,HPG,2023-09-26,26200.0,33500.0,26800.0,33500.0
951,POW,2023-09-26,17500.0,19500.0,20500.0,17500.0
952,FPT,2023-09-26,93500.0,94200.0,95500.0,93100.0
953,VHM,2023-09-26,45000.0,47000.0,47800.0,45000.0
954,TCB,2023-09-26,32400.0,32800.0,33000.0,32400.0
955,VHM,2023-09-25,47000.0,48000.0,55500.0,46000.0
956,FPT,2023-09-25,94300.0,97000.0,97600.0,94300.0
957,POW,2023-09-25,11800.0,15500.0,12400.0,11800.0
958,TCB,2023-09-25,32800.0,34000.0,34200.0,39500.0
959,HPG,2023-09-25,26000.0,27000.0,27500.0,25700.0
960,VHM,2023-09-22,48000.0,49400.0,53500.0,55500.0
961,POW,2023-09-22,12300.0,12600.0,18500.0,13500.0
962,FPT,2023-09-22,96700.0,95100.0,97000.0,92600.0
963,TCB,2023-09-22,34000.0,42500.0,36500.0,33400.0
964,HPG,2023-09-22,27300.0,34500.0,36500.0,33500.0
965,POW,2023-09-21,12700.0,12800.0,12900.0,18500.0
966,FPT,2023-09-21,96800.0,98500.0,98900.0,96300.0
967,TCB,2023-09-21,34300.0,37500.0,34500.0,34000.0
968,VHM,2023-09-21,50200.0,51000.0,51400.0,50000.0
969,HPG,2023-09-21,28400.0,28400.0,29100.0,29500.0
970,TCB,2023-09-20,37500.0,33900.0,34500.0,41500.0
971,VHM,2023-09-20,50700.0,49700.0,50900.0,49500.0
972,FPT,2023-09-20,98500.0,98800.0,99700.0,98500.0
973,POW,2023-09-20,12800.0,19500.0,20500.0,12700.0
974,HPG,2023-09-20,28400.0,29500.0,33500.0,28500.0
975,FPT,2023-09-19,98400.0,96800.0,98400.0,95900.0
976,VHM,2023-09-19,52500.0,50000.0,50700.0,49000.0
977,POW,2023-09-19,19500.0,12700.0,20500.0,12500.0
978,TCB,2023-09-19,33900.0,34300.0,37500.0,33800.0
979,HPG,2023-09-19,29500.0,28000.0,29500.0,27500.0
980,FPT,2023-09-18,96900.0,96900.0,96900.0,95700.0
981,POW,2023-09-18,18500.0,20500.0,20500.0,12600.0
982,HPG,2023-09-18,27600.0,27600.0,28100.0,27200.0
983,VHM,2023-09-18,57500.0,50100.0,50500.0,48700.0
984,TCB,2023-09-18,34100.0,42500.0,35000.0,34000.0
985,HPG,2023-09-15,27600.0,27900.0,28100.0,27600.0
986,POW,2023-09-15,19500.0,12800.0,13500.0,19500.0
987,TCB,2023-09-15,34900.0,35100.0,35500.0,34900.0
988,VHM,2023-09-15,50500.0,49600.0,50500.0,49400.0
989,FPT,2023-09-15,97500.0,96000.0,97800.0,95300.0
990,POW,2023-09-14,19500.0,13000.0,13000.0,19500.0
991,HPG,2023-09-14,27800.0,28400.0,33500.0,34500.0
992,TCB,2023-09-14,34900.0,35100.0,42500.0,34900.0
993,FPT,2023-09-14,95900.0,98000.0,98000.0,95500.0
994,VHM,2023-09-14,49000.0,52100.0,52300.0,49000.0
995,FPT,2023-09-13,98000.0,98900.0,99000.0,97400.0
996,TCB,2023-09-13,35000.0,35400.0,39500.0,42500.0
997,POW,2023-09-13,21500.0,21500.0,13200.0,12900.0
998,VHM,2023-09-13,52100.0,53800.0,53800.0,52100.0
999,HPG,2023-09-13,28400.0,28800.0,29400.0,30500.0
1000,TCB,2023-09-12,35300.0,39500.0,35300.0,34400.0
1001,FPT,2023-09-12,98900.0,97400.0,98900.0,97400.0
1002,POW,2023-09-12,12900.0,12800.0,21500.0,12700.0
1003,VHM,2023-09-12,53500.0,52800.0,53500.0,52000.0
1004,HPG,2023-09-12,35500.0,28000.0,35500.0,27700.0
1005,VHM,2023-09-11,52500.0,54600.0,54900.0,52500.0
1006,HPG,2023-09-11,28000.0,29000.0,29500.0,34500.0
1007,FPT,2023-09-11,97400.0,98700.0,99500.0,95300.0
1008,POW,2023-09-11,12700.0,13000.0,13500.0,12700.0
1009,TCB,2023-09-11,39500.0,35600.0,35600.0,38500.0
1010,HPG,2023-09-08,35500.0,28500.0,30500.0,28400.0
1011,POW,2023-09-08,20500.0,12900.0,13000.0,20500.0
1012,FPT,2023-09-08,97600.0,97500.0,98500.0,97000.0
1013,VHM,2023-09-08,54000.0,55000.0,55500.0,54000.0
1014,TCB,2023-09-08,38500.0,43500.0,35900.0,38500.0
1015,HPG,2023-09-07,34500.0,29000.0,29300.0,28500.0
1016,VHM,2023-09-07,55100.0,56500.0,56600.0,54900.0
1017,TCB,2023-09-07,42500.0,37500.0,37500.0,35100.0
1018,POW,2023-09-07,12900.0,13100.0,14500.0,12900.0
1019,FPT,2023-09-07,97900.0,99000.0,100800.0,97600.0
1020,TCB,2023-09-06,35200.0,35500.0,38500.0,42500.0
1021,VHM,2023-09-06,55900.0,55500.0,57000.0,55400.0
1022,FPT,2023-09-06,99000.0,97100.0,99000.0,96300.0
1023,HPG,2023-09-06,29000.0,34500.0,29000.0,27400.0
1024,POW,2023-09-06,13000.0,13000.0,13100.0,20500.0
1025,TCB,2023-09-05,35000.0,34800.0,36500.0,41500.0
1026,HPG,2023-09-05,27800.0,27800.0,36500.0,29500.0
1027,VHM,2023-09-05,55300.0,55200.0,55500.0,54400.0
1028,FPT,2023-09-05,96800.0,97100.0,98700.0,96800.0
1029,POW,2023-09-05,13000.0,20500.0,13500.0,12800.0
1030,FPT,2023-08-31,96700.0,96600.0,97500.0,96100.0
1031,POW,2023-08-31,12800.0,19500.0,12800.0,12700.0
1032,HPG,2023-08-31,27600.0,27400.0,27900.0,27300.0
1033,TCB,2023-08-31,34500.0,34100.0,34500.0,34100.0
1034,VHM,2023-08-31,54700.0,54800.0,55900.0,54700.0
1035,FPT,2023-08-30,96600.0,93200.0,98200.0,93100.0
1036,VHM,2023-08-30,54600.0,54600.0,55100.0,54100.0
1037,HPG,2023-08-30,27200.0,27000.0,29500.0,33500.0
1038,POW,2023-08-30,12700.0,18500.0,12800.0,12600.0
1039,TCB,2023-08-30,34000.0,34000.0,34300.0,33900.0
1040,VHM,2023-08-29,54600.0,55000.0,55800.0,54400.0
1041,TCB,2023-08-29,33900.0,34000.0,36500.0,40500.0
1042,FPT,2023-08-29,93600.0,94000.0,94000.0,92800.0
1043,POW,2023-08-29,12600.0,12700.0,19500.0,12500.0
1044,HPG,2023-08-29,27000.0,26900.0,28500.0,26700.0
1045,POW,2023-08-28,12700.0,12600.0,12700.0,12500.0
1046,FPT,2023-08-28,94000.0,92000.0,94300.0,91000.0
1047,VHM,2023-08-28,54700.0,54500.0,55300.0,54200.0
1048,TCB,2023-08-28,34000.0,41500.0,34100.0,33600.0
1049,HPG,2023-08-28,34500.0,26000.0,34500.0,26000.0
1050,VHM,2023-08-25,54100.0,55500.0,55500.0,54000.0
1051,TCB,2023-08-25,39500.0,33700.0,41500.0,33400.0
1052,FPT,2023-08-25,90600.0,89500.0,91000.0,89100.0
1053,HPG,2023-08-25,34500.0,26200.0,26400.0,34500.0
1054,POW,2023-08-25,12500.0,17500.0,12700.0,16500.0
1055,VHM,2023-08-24,55400.0,54900.0,56100.0,54400.0
1056,POW,2023-08-24,12600.0,12500.0,18500.0,15500.0
1057,TCB,2023-08-24,33800.0,33500.0,42500.0,33400.0
1058,FPT,2023-08-24,90000.0,85500.0,90100.0,85100.0
1059,HPG,2023-08-24,26300.0,31500.0,26300.0,25600.0
1060,HPG,2023-08-23,31500.0,29500.0,30500.0,31500.0
1061,VHM,2023-08-23,54500.0,56900.0,56900.0,54400.0
1062,FPT,2023-08-23,86500.0,86400.0,86800.0,84700.0
1063,TCB,2023-08-23,33200.0,34000.0,34200.0,33200.0
1064,POW,2023-08-23,15500.0,20500.0,21500.0,15500.0
1065,POW,2023-08-22,12800.0,13000.0,13000.0,12300.0
1066,TCB,2023-08-22,33100.0,39500.0,33100.0,31900.0
1067,HPG,2023-08-22,27500.0,26200.0,29500.0,25100.0
1068,VHM,2023-08-22,55500.0,56800.0,56800.0,54500.0
1069,FPT,2023-08-22,86500.0,86300.0,86500.0,83000.0
1070,HPG,2023-08-21,26200.0,30500.0,31500.0,25900.0
1071,POW,2023-08-21,13000.0,13500.0,14500.0,12700.0
1072,FPT,2023-08-21,85900.0,85900.0,86700.0,85500.0
1073,TCB,2023-08-21,39500.0,32500.0,41500.0,32100.0
1074,VHM,2023-08-21,56000.0,56800.0,57200.0,55700.0
1075,TCB,2023-08-18,32500.0,39500.0,39500.0,36500.0
1076,VHM,2023-08-18,56800.0,60800.0,60800.0,56800.0
1077,FPT,2023-08-18,85500.0,85600.0,87900.0,84300.0
1078,POW,2023-08-18,13500.0,14500.0,14500.0,13500.0
1079,HPG,2023-08-18,26500.0,27900.0,28000.0,26200.0
1080,POW,2023-08-17,14000.0,13900.0,14100.0,13800.0
1081,FPT,2023-08-17,86000.0,85000.0,87200.0,85000.0
1082,HPG,2023-08-17,28100.0,28000.0,28700.0,28000.0
1083,TCB,2023-08-17,34700.0,35300.0,35300.0,34700.0
1084,VHM,2023-08-17,61000.0,62100.0,62600.0,61000.0
1085,HPG,2023-08-16,36500.0,36500.0,28000.0,33500.0
1086,VHM,2023-08-16,62900.0,63000.0,64100.0,62300.0
1087,TCB,2023-08-16,35300.0,34000.0,38500.0,42500.0
1088,FPT,2023-08-16,85100.0,83200.0,85200.0,83200.0
1089,POW,2023-08-16,13900.0,14000.0,14000.0,20500.0
1090,FPT,2023-08-15,84000.0,82600.0,84300.0,81500.0
1091,TCB,2023-08-15,34500.0,33900.0,34400.0,41500.0
1092,VHM,2023-08-15,61700.0,61200.0,62500.0,60900.0
1093,HPG,2023-08-15,36500.0,29500.0,30500.0,35500.0
1094,POW,2023-08-15,13900.0,13800.0,15500.0,19500.0
1095,HPG,2023-08-14,29500.0,27800.0,31500.0,33500.0
1096,VHM,2023-08-14,61200.0,60900.0,61800.0,60800.0
1097,TCB,2023-08-14,33800.0,40500.0,33800.0,37500.0
1098,FPT,2023-08-14,82600.0,82100.0,83200.0,82000.0
1099,POW,2023-08-14,20500.0,13800.0,21500.0,19500.0
1100,HPG,2023-08-11,27700.0,27400.0,34500.0,28500.0
1101,POW,2023-08-11,19500.0,13800.0,13900.0,18500.0
1102,FPT,2023-08-11,82000.0,82000.0,83000.0,81500.0
1103,TCB,2023-08-11,39500.0,38500.0,33800.0,33100.0
1104,VHM,2023-08-11,60900.0,62300.0,62500.0,59800.0
1105,VHM,2023-08-10,60600.0,60700.0,61600.0,60600.0
1106,POW,2023-08-10,13800.0,22500.0,14000.0,20500.0
1107,TCB,2023-08-10,33500.0,34000.0,34500.0,33500.0
1108,HPG,2023-08-10,30500.0,27900.0,27900.0,27300.0
1109,FPT,2023-08-10,82200.0,83100.0,83300.0,82200.0
1110,VHM,2023-08-09,60600.0,62300.0,62700.0,60600.0
1111,FPT,2023-08-09,83100.0,84000.0,84700.0,83000.0
1112,TCB,2023-08-09,34000.0,34500.0,34200.0,33800.0
1113,HPG,2023-08-09,27800.0,27200.0,35500.0,27500.0
1114,POW,2023-08-09,13900.0,14200.0,14200.0,21500.0
1115,POW,2023-08-08,14100.0,20500.0,15500.0,20500.0
1116,VHM,2023-08-08,62800.0,62900.0,63800.0,62500.0
1117,FPT,2023-08-08,84200.0,84000.0,84600.0,83800.0
1118,HPG,2023-08-08,27200.0,27600.0,27900.0,28500.0
1119,TCB,2023-08-08,34000.0,34400.0,34500.0,42500.0
1120,VHM,2023-08-07,62900.0,63700.0,63700.0,61600.0
1121,FPT,2023-08-07,84500.0,83600.0,84500.0,83300.0
1122,POW,2023-08-07,13700.0,19500.0,13800.0,18500.0
1123,TCB,2023-08-07,37500.0,34200.0,38500.0,34000.0
1124,HPG,2023-08-07,32500.0,32500.0,34500.0,27300.0
1125,HPG,2023-08-04,30500.0,26800.0,27500.0,26800.0
1126,FPT,2023-08-04,83300.0,84000.0,84500.0,83300.0
1127,TCB,2023-08-04,33600.0,39500.0,34200.0,37500.0
1128,VHM,2023-08-04,63000.0,60900.0,63800.0,60600.0
1129,POW,2023-08-04,13600.0,13500.0,13700.0,13400.0
1130,FPT,2023-08-03,83700.0,83800.0,84200.0,82900.0
1131,POW,2023-08-03,13500.0,13700.0,13700.0,17500.0
1132,HPG,2023-08-03,34500.0,30500.0,27500.0,26500.0
1133,VHM,2023-08-03,60100.0,62000.0,62200.0,60100.0
1134,TCB,2023-08-03,33500.0,34000.0,34500.0,33500.0
1135,HPG,2023-08-02,27500.0,27400.0,35500.0,29500.0
1136,TCB,2023-08-02,33900.0,33900.0,34100.0,40500.0
1137,FPT,2023-08-02,83500.0,84500.0,84800.0,83500.0
1138,VHM,2023-08-02,61900.0,62600.0,62900.0,61900.0
1139,POW,2023-08-02,13700.0,13500.0,13700.0,13400.0
1140,TCB,2023-08-01,34000.0,34600.0,34600.0,34000.0
1141,FPT,2023-08-01,84500.0,85600.0,86300.0,84500.0
1142,VHM,2023-08-01,62800.0,63900.0,66200.0,62800.0
1143,HPG,2023-08-01,27500.0,28100.0,28100.0,27500.0
1144,POW,2023-08-01,17500.0,21500.0,21500.0,13400.0
1145,FPT,2023-07-31,85600.0,84700.0,85800.0,84400.0
1146,TCB,2023-07-31,34300.0,34100.0,34600.0,34000.0
1147,POW,2023-07-31,13700.0,19500.0,13900.0,18500.0
1148,HPG,2023-07-31,28200.0,28200.0,30500.0,30500.0
1149,VHM,2023-07-31,63000.0,62200.0,63000.0,61000.0
1150,FPT,2023-07-28,84400.0,83500.0,84400.0,83100.0
1151,VHM,2023-07-28,58900.0,57700.0,58900.0,57400.0
1152,TCB,2023-07-28,33800.0,33500.0,33800.0,33000.0
1153,HPG,2023-07-28,28300.0,28400.0,28600.0,29500.0
1154,POW,2023-07-28,18500.0,13300.0,13600.0,13300.0
1155,FPT,2023-07-27,83700.0,82800.0,84400.0,82800.0
1156,POW,2023-07-27,13300.0,13600.0,19500.0,13300.0
1157,HPG,2023-07-27,28400.0,28400.0,28700.0,28100.0
1158,TCB,2023-07-27,33100.0,36500.0,37500.0,32700.0
1159,VHM,2023-07-27,57500.0,59000.0,59100.0,57500.0
1160,FPT,2023-07-26,82700.0,81200.0,82700.0,81100.0
1161,POW,2023-07-26,18500.0,13300.0,13800.0,13200.0
1162,HPG,2023-07-26,28400.0,30500.0,32500.0,29500.0
1163,TCB,2023-07-26,37500.0,33500.0,38500.0,33200.0
1164,VHM,2023-07-26,59000.0,58300.0,59000.0,58300.0
1165,POW,2023-07-25,15500.0,13400.0,13400.0,13200.0
1166,HPG,2023-07-25,30500.0,30500.0,31500.0,28000.0
1167,TCB,2023-07-25,33500.0,32800.0,33800.0,32700.0
1168,FPT,2023-07-25,81300.0,81000.0,82200.0,81000.0
1169,VHM,2023-07-25,58600.0,58800.0,59200.0,58200.0
1170,VHM,2023-07-24,59100.0,59500.0,59500.0,58100.0
1171,HPG,2023-07-24,30500.0,32500.0,28600.0,28000.0
1172,FPT,2023-07-24,81000.0,81000.0,81300.0,80600.0
1173,TCB,2023-07-24,36500.0,36500.0,32500.0,33500.0
1174,POW,2023-07-24,13300.0,16500.0,13400.0,13200.0
1175,VHM,2023-07-21,59000.0,57500.0,59000.0,57300.0
1176,POW,2023-07-21,15500.0,13300.0,13300.0,13100.0
1177,TCB,2023-07-21,32300.0,39500.0,32300.0,39500.0
1178,HPG,2023-07-21,28400.0,31500.0,28400.0,28100.0
1179,FPT,2023-07-21,81000.0,79700.0,81000.0,79600.0
1180,FPT,2023-07-20,80300.0,78600.0,81300.0,78500.0
1181,TCB,2023-07-20,31900.0,32400.0,32400.0,31800.0
1182,POW,2023-07-20,13300.0,13300.0,13300.0,13100.0
1183,VHM,2023-07-20,57700.0,58500.0,58500.0,57300.0
1184,HPG,2023-07-20,28200.0,27300.0,28200.0,27300.0
1185,HPG,2023-07-19,27400.0,27100.0,27700.0,27500.0
1186,TCB,2023-07-19,32300.0,38500.0,32900.0,34500.0
1187,FPT,2023-07-19,78500.0,78500.0,78900.0,78300.0
1188,POW,2023-07-19,13300.0,18500.0,18500.0,13300.0
1189,VHM,2023-07-19,58500.0,58800.0,59000.0,58200.0
1190,HPG,2023-07-18,27200.0,27300.0,30500.0,27500.0
1191,VHM,2023-07-18,58800.0,58500.0,59400.0,58000.0
1192,FPT,2023-07-18,78700.0,79000.0,79000.0,78100.0
1193,POW,2023-07-18,13500.0,16500.0,18500.0,13300.0
1194,TCB,2023-07-18,32300.0,31900.0,32300.0,31800.0
1195,FPT,2023-07-17,79000.0,79000.0,79200.0,78500.0
1196,TCB,2023-07-17,31900.0,32100.0,32100.0,31800.0
1197,HPG,2023-07-17,27300.0,27700.0,34500.0,27200.0
1198,VHM,2023-07-17,59000.0,56700.0,59000.0,56500.0
1199,POW,2023-07-17,16500.0,13400.0,13400.0,15500.0
1200,HPG,2023-07-14,27500.0,28500.0,27500.0,27500.0
1201,VHM,2023-07-14,56400.0,56500.0,56600.0,55800.0
1202,POW,2023-07-14,13300.0,16500.0,13400.0,13200.0
1203,TCB,2023-07-14,40500.0,32200.0,32200.0,31700.0
1204,FPT,2023-07-14,78300.0,76900.0,78300.0,76100.0
1205,HPG,2023-07-13,27500.0,27500.0,27500.0,26900.0
1206,FPT,2023-07-13,75800.0,75800.0,75800.0,75400.0
1207,TCB,2023-07-13,40500.0,31700.0,32000.0,37500.0
1208,POW,2023-07-13,16500.0,13300.0,17500.0,15500.0
1209,VHM,2023-07-13,56300.0,55400.0,56300.0,55300.0
1210,POW,2023-07-12,15500.0,16500.0,13400.0,14500.0
1211,VHM,2023-07-12,55100.0,53900.0,55300.0,53900.0
1212,FPT,2023-07-12,75300.0,75000.0,75700.0,74900.0
1213,HPG,2023-07-12,27000.0,27300.0,31500.0,32500.0
1214,TCB,2023-07-12,37500.0,31900.0,32000.0,31600.0
1215,POW,2023-07-11,15500.0,15500.0,16500.0,14500.0
1216,VHM,2023-07-11,53900.0,53600.0,53900.0,53600.0
1217,TCB,2023-07-11,40500.0,32200.0,35500.0,40500.0
1218,HPG,2023-07-11,27300.0,27800.0,28500.0,29500.0
1219,FPT,2023-07-11,75000.0,75300.0,75400.0,75000.0
1220,POW,2023-07-10,13200.0,13100.0,15500.0,13100.0
1221,HPG,2023-07-10,27700.0,31500.0,36500.0,30500.0
1222,FPT,2023-07-10,75300.0,75300.0,75900.0,74900.0
1223,VHM,2023-07-10,53800.0,54100.0,54400.0,53600.0
1224,TCB,2023-07-10,32000.0,32000.0,32100.0,31700.0
1225,VHM,2023-07-07,54000.0,54500.0,54900.0,54000.0
1226,HPG,2023-07-07,31500.0,26900.0,31500.0,26500.0
1227,FPT,2023-07-07,75300.0,74200.0,75500.0,74200.0
1228,TCB,2023-07-07,36500.0,31500.0,31800.0,31300.0
1229,POW,2023-07-07,13100.0,15500.0,15500.0,12900.0
1230,HPG,2023-07-06,27000.0,26900.0,28500.0,26500.0
1231,TCB,2023-07-06,36500.0,40500.0,32500.0,31200.0
1232,FPT,2023-07-06,74600.0,74800.0,75200.0,74000.0
1233,POW,2023-07-06,15500.0,13500.0,18500.0,14500.0
1234,VHM,2023-07-06,54500.0,55300.0,55900.0,54500.0
1235,VHM,2023-07-05,56100.0,56500.0,56500.0,55300.0
1236,TCB,2023-07-05,40500.0,33500.0,32400.0,40500.0
1237,POW,2023-07-05,13500.0,17500.0,18500.0,13400.0
1238,FPT,2023-07-05,74800.0,75100.0,76500.0,74800.0
1239,HPG,2023-07-05,35500.0,26400.0,27200.0,28500.0
1240,HPG,2023-07-04,28500.0,27500.0,28500.0,25900.0
1241,FPT,2023-07-04,87000.0,86400.0,87000.0,86200.0
1242,TCB,2023-07-04,32000.0,32000.0,32100.0,39500.0
1243,POW,2023-07-04,13400.0,17500.0,17500.0,15500.0
1244,VHM,2023-07-04,56500.0,55900.0,56800.0,55500.0
1245,TCB,2023-07-03,32000.0,32700.0,32700.0,32000.0
1246,POW,2023-07-03,13300.0,13400.0,18500.0,13300.0
1247,HPG,2023-07-03,26200.0,26200.0,30500.0,25900.0
1248,FPT,2023-07-03,86400.0,86500.0,86800.0,86000.0
1249,VHM,2023-07-03,55900.0,55000.0,55900.0,55000.0
1250,POW,2023-06-30,13400.0,18500.0,13600.0,16500.0
1251,TCB,2023-06-30,35500.0,38500.0,32800.0,35500.0
1252,HPG,2023-06-30,27500.0,25700.0,26200.0,31500.0
1253,FPT,2023-06-30,86000.0,86500.0,86600.0,86000.0
1254,VHM,2023-06-30,55000.0,54800.0,55500.0,54300.0
1255,VHM,2023-06-29,55000.0,55400.0,55400.0,54900.0
1256,HPG,2023-06-29,25800.0,32500.0,26700.0,25800.0
1257,FPT,2023-06-29,86500.0,87000.0,87100.0,86500.0
1258,TCB,2023-06-29,38500.0,33300.0,33400.0,38500.0
1259,POW,2023-06-29,18500.0,13700.0,13800.0,18500.0
1260,VHM,2023-06-28,55400.0,56100.0,56200.0,55000.0
1261,FPT,2023-06-28,87000.0,87400.0,87800.0,87000.0
1262,TCB,2023-06-28,33300.0,41500.0,33300.0,39500.0
1263,HPG,2023-06-28,26600.0,26000.0,26700.0,25900.0
1264,POW,2023-06-28,13800.0,13700.0,13900.0,19500.0
1265,TCB,2023-06-27,41500.0,33300.0,33400.0,32900.0
1266,HPG,2023-06-27,25800.0,28500.0,25800.0,25100.0
1267,POW,2023-06-27,13600.0,19500.0,20500.0,18500.0
1268,FPT,2023-06-27,87300.0,86000.0,87300.0,86000.0
1269,VHM,2023-06-27,55900.0,55500.0,55900.0,55400.0
1270,POW,2023-06-26,19500.0,20500.0,20500.0,18500.0
1271,TCB,2023-06-26,33300.0,32900.0,33300.0,37500.0
1272,FPT,2023-06-26,85800.0,85100.0,85800.0,84600.0
1273,VHM,2023-06-26,55500.0,55600.0,55800.0,54800.0
1274,HPG,2023-06-26,25200.0,25400.0,25500.0,24700.0
1275,TCB,2023-06-23,32900.0,38500.0,35500.0,37500.0
1276,VHM,2023-06-23,56000.0,55200.0,56000.0,55100.0
1277,FPT,2023-06-23,85100.0,85600.0,85600.0,84800.0
1278,POW,2023-06-23,13700.0,21500.0,13900.0,19500.0
1279,HPG,2023-06-23,25400.0,32500.0,30500.0,31500.0
1280,VHM,2023-06-22,55700.0,55000.0,55700.0,54700.0
1281,TCB,2023-06-22,32600.0,32900.0,34500.0,32600.0
1282,FPT,2023-06-22,85500.0,86100.0,86500.0,84700.0
1283,HPG,2023-06-22,32500.0,24700.0,33500.0,27500.0
1284,POW,2023-06-22,20500.0,13700.0,21500.0,13600.0
1285,POW,2023-06-21,19500.0,13600.0,20500.0,18500.0
1286,VHM,2023-06-21,54600.0,55000.0,55300.0,54300.0
1287,TCB,2023-06-21,32500.0,33500.0,32500.0,32100.0
1288,FPT,2023-06-21,85800.0,85500.0,86400.0,85400.0
1289,HPG,2023-06-21,24600.0,23700.0,30500.0,23500.0
1290,HPG,2023-06-20,29500.0,26500.0,29500.0,23300.0
1291,TCB,2023-06-20,33500.0,32200.0,34500.0,40500.0
1292,VHM,2023-06-20,55100.0,55000.0,55700.0,54500.0
1293,FPT,2023-06-20,85500.0,85000.0,85800.0,84700.0
1294,POW,2023-06-20,13600.0,18500.0,19500.0,17500.0
1295,POW,2023-06-19,18500.0,18500.0,19500.0,13500.0
1296,FPT,2023-06-19,84700.0,84700.0,85500.0,84500.0
1297,VHM,2023-06-19,55000.0,56100.0,56100.0,54800.0
1298,HPG,2023-06-19,26500.0,27500.0,23500.0,23300.0
1299,TCB,2023-06-19,32100.0,37500.0,37500.0,40500.0
1300,FPT,2023-06-16,84500.0,84100.0,86200.0,83400.0
1301,POW,2023-06-16,13500.0,13600.0,20500.0,13500.0
1302,VHM,2023-06-16,56000.0,56400.0,56900.0,55000.0
1303,TCB,2023-06-16,37500.0,38500.0,37500.0,32500.0
1304,HPG,2023-06-16,27500.0,25500.0,23800.0,24500.0
1305,TCB,2023-06-15,38500.0,32600.0,32900.0,32400.0
1306,FPT,2023-06-15,84100.0,84200.0,84400.0,83600.0
1307,HPG,2023-06-15,24500.0,23000.0,25500.0,23000.0
1308,POW,2023-06-15,18500.0,20500.0,20500.0,18500.0
1309,VHM,2023-06-15,56500.0,57000.0,57900.0,55800.0
1310,VHM,2023-06-14,57000.0,56800.0,58200.0,56700.0
1311,HPG,2023-06-14,23100.0,27500.0,27500.0,23100.0
1312,TCB,2023-06-14,32600.0,33000.0,37500.0,37500.0
1313,FPT,2023-06-14,84200.0,84300.0,84800.0,84100.0
1314,POW,2023-06-14,20500.0,21500.0,22500.0,20500.0
1315,VHM,2023-06-13,56700.0,55200.0,56700.0,55100.0
1316,HPG,2023-06-13,23400.0,23000.0,27500.0,22900.0
1317,FPT,2023-06-13,84400.0,84400.0,84900.0,84300.0
1318,POW,2023-06-13,21500.0,14500.0,14500.0,20500.0
1319,TCB,2023-06-13,32800.0,32700.0,32900.0,32400.0
1320,POW,2023-06-12,13900.0,20500.0,14500.0,20500.0
1321,HPG,2023-06-12,31500.0,23100.0,24500.0,22500.0
1322,FPT,2023-06-12,84900.0,84500.0,84900.0,83600.0
1323,TCB,2023-06-12,32700.0,34500.0,40500.0,31900.0
1324,VHM,2023-06-12,55400.0,55500.0,55500.0,54400.0
1325,POW,2023-06-09,20500.0,21500.0,13900.0,13700.0
1326,HPG,2023-06-09,22900.0,22800.0,22900.0,22500.0
1327,TCB,2023-06-09,32400.0,31800.0,32500.0,31600.0
1328,FPT,2023-06-09,84600.0,84300.0,84700.0,83700.0
1329,VHM,2023-06-09,55500.0,55000.0,55800.0,54800.0
1330,TCB,2023-06-08,38500.0,32700.0,39500.0,38500.0
1331,HPG,2023-06-08,22800.0,22700.0,24500.0,22700.0
1332,POW,2023-06-08,13800.0,21500.0,14200.0,20500.0
1333,VHM,2023-06-08,55400.0,55300.0,56000.0,55100.0
1334,FPT,2023-06-08,83600.0,84700.0,84900.0,83500.0
1335,TCB,2023-06-07,32600.0,37500.0,39500.0,32200.0
1336,VHM,2023-06-07,55300.0,55300.0,55700.0,54500.0
1337,HPG,2023-06-07,22600.0,22000.0,22800.0,22000.0
1338,FPT,2023-06-07,85000.0,85000.0,85400.0,84300.0
1339,POW,2023-06-07,20500.0,13900.0,22500.0,20500.0
1340,TCB,2023-06-06,32700.0,31900.0,32700.0,38500.0
1341,HPG,2023-06-06,28500.0,21700.0,29500.0,26500.0
1342,FPT,2023-06-06,85300.0,85300.0,85300.0,84700.0
1343,VHM,2023-06-06,55000.0,54400.0,55000.0,53900.0
1344,POW,2023-06-06,13800.0,14000.0,14000.0,20500.0
1345,TCB,2023-06-05,31900.0,36500.0,32800.0,31900.0
1346,HPG,2023-06-05,27500.0,21800.0,22500.0,21600.0
1347,VHM,2023-06-05,53700.0,54000.0,55100.0,53300.0
1348,POW,2023-06-05,22500.0,13700.0,14100.0,19500.0
1349,FPT,2023-06-05,85000.0,83900.0,85200.0,83800.0
1350,FPT,2023-06-02,83800.0,83500.0,84300.0,83100.0
1351,VHM,2023-06-02,53400.0,53500.0,53900.0,53000.0
1352,HPG,2023-06-02,21600.0,21500.0,21800.0,25500.0
1353,TCB,2023-06-02,32200.0,30800.0,32200.0,30700.0
1354,POW,2023-06-02,19500.0,13700.0,20500.0,13600.0
1355,POW,2023-06-01,19500.0,13700.0,20500.0,18500.0
1356,FPT,2023-06-01,83500.0,84000.0,84000.0,83100.0
1357,TCB,2023-06-01,30300.0,30000.0,30300.0,36500.0
1358,VHM,2023-06-01,53000.0,53500.0,54000.0,53000.0
1359,HPG,2023-06-01,21400.0,22500.0,21400.0,21500.0
1360,TCB,2023-05-31,38500.0,30200.0,30300.0,29900.0
1361,POW,2023-05-31,19500.0,19500.0,21500.0,18500.0
1362,HPG,2023-05-31,21200.0,21400.0,25500.0,22500.0
1363,FPT,2023-05-31,84100.0,84200.0,84200.0,83100.0
1364,VHM,2023-05-31,53500.0,55000.0,55000.0,53500.0
1365,HPG,2023-05-30,24500.0,21500.0,21600.0,23500.0
1366,FPT,2023-05-30,84000.0,83000.0,84900.0,82900.0
1367,POW,2023-05-30,19500.0,19500.0,20500.0,18500.0
1368,TCB,2023-05-30,30200.0,30400.0,34500.0,30000.0
1369,VHM,2023-05-30,54900.0,56000.0,56000.0,54600.0
1370,TCB,2023-05-29,30200.0,30000.0,30200.0,29800.0
1371,POW,2023-05-29,13600.0,13600.0,13800.0,18500.0
1372,FPT,2023-05-29,83100.0,83500.0,83700.0,82900.0
1373,HPG,2023-05-29,25500.0,21300.0,25500.0,21200.0
1374,VHM,2023-05-29,55500.0,55000.0,56300.0,55000.0
1375,POW,2023-05-26,13600.0,18500.0,13700.0,13500.0
1376,TCB,2023-05-26,29900.0,29900.0,38500.0,35500.0
1377,VHM,2023-05-26,55000.0,55000.0,56400.0,54600.0
1378,FPT,2023-05-26,83100.0,83100.0,83400.0,82300.0
1379,HPG,2023-05-26,21100.0,21300.0,21400.0,28500.0
1380,HPG,2023-05-25,21200.0,21300.0,25500.0,21200.0
1381,POW,2023-05-25,17500.0,13500.0,19500.0,17500.0
1382,TCB,2023-05-25,29800.0,29800.0,29900.0,29600.0
1383,FPT,2023-05-25,83200.0,81200.0,83400.0,81000.0
1384,VHM,2023-05-25,55000.0,54700.0,55600.0,54000.0
1385,TCB,2023-05-24,29800.0,30400.0,35500.0,36500.0
1386,VHM,2023-05-24,54500.0,53700.0,54500.0,53300.0
1387,HPG,2023-05-24,21300.0,21900.0,21900.0,21300.0
1388,FPT,2023-05-24,81300.0,82000.0,82100.0,81100.0
1389,POW,2023-05-24,13500.0,20500.0,20500.0,13500.0
1390,POW,2023-05-23,19500.0,13700.0,13900.0,19500.0
1391,HPG,2023-05-23,21700.0,30500.0,22500.0,21600.0
1392,FPT,2023-05-23,82000.0,82500.0,82500.0,81400.0
1393,TCB,2023-05-23,33500.0,30700.0,30700.0,30000.0
1394,VHM,2023-05-23,53700.0,54500.0,54500.0,53000.0
1395,FPT,2023-05-22,82500.0,82800.0,82800.0,82000.0
1396,TCB,2023-05-22,30500.0,29700.0,30600.0,29700.0
1397,VHM,2023-05-22,54100.0,55000.0,55000.0,53500.0
1398,POW,2023-05-22,13600.0,13600.0,20500.0,13500.0
1399,HPG,2023-05-22,21900.0,21800.0,22100.0,28500.0
1400,VHM,2023-05-19,54100.0,55500.0,55500.0,53500.0
1401,FPT,2023-05-19,82800.0,83000.0,83300.0,81800.0
1402,HPG,2023-05-19,21800.0,22000.0,22100.0,27500.0
1403,POW,2023-05-19,13500.0,13400.0,13800.0,13400.0
1404,TCB,2023-05-19,35500.0,34500.0,36500.0,31500.0
1405,TCB,2023-05-18,34500.0,31500.0,29700.0,31500.0
1406,HPG,2023-05-18,30500.0,21900.0,22200.0,21800.0
1407,POW,2023-05-18,13400.0,16500.0,18500.0,13300.0
1408,FPT,2023-05-18,82900.0,81800.0,83000.0,81400.0
1409,VHM,2023-05-18,55000.0,53900.0,55800.0,53500.0
1410,FPT,2023-05-17,81500.0,81900.0,82700.0,81100.0
1411,POW,2023-05-17,13300.0,13500.0,13600.0,13300.0
1412,HPG,2023-05-17,21800.0,22000.0,22100.0,28500.0
1413,VHM,2023-05-17,53400.0,52200.0,53900.0,52200.0
1414,TCB,2023-05-17,31500.0,29700.0,29900.0,31500.0
1415,POW,2023-05-16,13500.0,17500.0,13600.0,13400.0
1416,TCB,2023-05-16,29800.0,30100.0,30100.0,36500.0
1417,FPT,2023-05-16,81500.0,81000.0,81700.0,80800.0
1418,VHM,2023-05-16,52200.0,51700.0,52200.0,51500.0
1419,HPG,2023-05-16,22000.0,22100.0,22300.0,21900.0
1420,FPT,2023-05-15,81000.0,81400.0,81800.0,80800.0
1421,TCB,2023-05-15,29900.0,33500.0,31500.0,29400.0
1422,VHM,2023-05-15,51700.0,52000.0,52500.0,51500.0
1423,POW,2023-05-15,13300.0,17500.0,17500.0,15500.0
1424,HPG,2023-05-15,22100.0,26500.0,22600.0,22100.0
1425,HPG,2023-05-12,25500.0,28500.0,22500.0,21600.0
1426,VHM,2023-05-12,51200.0,49100.0,51200.0,48900.0
1427,FPT,2023-05-12,80500.0,79300.0,80600.0,78800.0
1428,TCB,2023-05-12,29300.0,29100.0,29300.0,29000.0
1429,POW,2023-05-12,13400.0,15500.0,13400.0,13200.0
1430,TCB,2023-05-11,29100.0,29500.0,29500.0,29100.0
1431,FPT,2023-05-11,79100.0,79100.0,79600.0,79000.0
1432,HPG,2023-05-11,28500.0,21800.0,30500.0,21600.0
1433,VHM,2023-05-11,50500.0,49500.0,49500.0,57500.0
1434,POW,2023-05-11,13300.0,17500.0,18500.0,13300.0
1435,FPT,2023-05-10,79000.0,79000.0,79600.0,79000.0
1436,VHM,2023-05-10,52500.0,49300.0,49400.0,48900.0
1437,TCB,2023-05-10,29300.0,32500.0,29400.0,29100.0
1438,HPG,2023-05-10,21700.0,21800.0,21900.0,27500.0
1439,POW,2023-05-10,13400.0,16500.0,13400.0,15500.0
1440,VHM,2023-05-09,49300.0,49500.0,49500.0,55500.0
1441,TCB,2023-05-09,29300.0,33500.0,29500.0,29500.0
1442,HPG,2023-05-09,21800.0,21600.0,23500.0,21600.0
1443,POW,2023-05-09,16500.0,13300.0,13400.0,15500.0
1444,FPT,2023-05-09,78900.0,78600.0,79800.0,78600.0
1445,TCB,2023-05-08,29400.0,28900.0,29400.0,28700.0
1446,POW,2023-05-08,13300.0,14500.0,13300.0,13100.0
1447,VHM,2023-05-08,49400.0,56500.0,54500.0,48600.0
1448,FPT,2023-05-08,78500.0,78500.0,78900.0,78400.0
1449,HPG,2023-05-08,21600.0,26500.0,28500.0,25500.0
1450,HPG,2023-05-05,25500.0,21300.0,21700.0,21200.0
1451,FPT,2023-05-05,78400.0,78600.0,78600.0,78200.0
1452,TCB,2023-05-05,28700.0,29500.0,29200.0,32500.0
1453,VHM,2023-05-05,49000.0,50500.0,49500.0,48600.0
1454,POW,2023-05-05,13500.0,13000.0,14500.0,21500.0
1455,FPT,2023-05-04,78500.0,77800.0,78700.0,77600.0
1456,TCB,2023-05-04,29500.0,29500.0,29500.0,28900.0
1457,HPG,2023-05-04,21300.0,25500.0,21600.0,21200.0
1458,POW,2023-05-04,13000.0,13500.0,16500.0,13000.0
1459,VHM,2023-05-04,49500.0,49500.0,49500.0,48200.0
1460,VHM,2023-04-28,49500.0,47700.0,49500.0,47400.0
1461,TCB,2023-04-28,29500.0,38500.0,38500.0,29500.0
1462,FPT,2023-04-28,77500.0,78800.0,78800.0,77500.0
1463,HPG,2023-04-28,27500.0,21700.0,21800.0,21400.0
1464,POW,2023-04-28,13100.0,14500.0,13200.0,13500.0
1465,TCB,2023-04-27,29900.0,30200.0,30200.0,37500.0
1466,HPG,2023-04-27,21700.0,22000.0,22000.0,21600.0
1467,FPT,2023-04-27,78300.0,78100.0,78800.0,78100.0
1468,POW,2023-04-27,20500.0,12800.0,13000.0,12800.0
1469,VHM,2023-04-27,47500.0,48000.0,48700.0,54500.0
1470,POW,2023-04-26,12800.0,19500.0,20500.0,12600.0
1471,TCB,2023-04-26,30000.0,29200.0,30000.0,36500.0
1472,FPT,2023-04-26,78300.0,78100.0,78400.0,77600.0
1473,HPG,2023-04-26,22000.0,21500.0,22000.0,20900.0
1474,VHM,2023-04-26,48000.0,49900.0,49900.0,48000.0
1475,POW,2023-04-25,12800.0,13100.0,15500.0,12800.0
1476,TCB,2023-04-25,29000.0,35500.0,37500.0,29000.0
1477,FPT,2023-04-25,78400.0,79100.0,79300.0,78300.0
1478,VHM,2023-04-25,50200.0,51200.0,51200.0,57500.0
1479,HPG,2023-04-25,21500.0,20800.0,23500.0,20700.0
1480,VHM,2023-04-24,50500.0,50800.0,52000.0,50200.0
1481,TCB,2023-04-24,29500.0,28700.0,36500.0,34500.0
1482,POW,2023-04-24,13000.0,12800.0,13000.0,19500.0
1483,FPT,2023-04-24,79100.0,79500.0,80600.0,79000.0
1484,HPG,2023-04-24,26500.0,20700.0,20800.0,25500.0
1485,VHM,2023-04-21,50300.0,50500.0,50700.0,49900.0
1486,POW,2023-04-21,12800.0,14500.0,14500.0,18500.0
1487,HPG,2023-04-21,20700.0,20800.0,28500.0,20700.0
1488,FPT,2023-04-21,79300.0,80000.0,80000.0,79300.0
1489,TCB,2023-04-21,28700.0,29000.0,29000.0,28700.0
1490,TCB,2023-04-20,36500.0,28900.0,29000.0,33500.0
1491,HPG,2023-04-20,20800.0,20800.0,20900.0,27500.0
1492,VHM,2023-04-20,50700.0,50500.0,50700.0,57500.0
1493,FPT,2023-04-20,79400.0,79800.0,79800.0,79200.0
1494,POW,2023-04-20,14500.0,13200.0,16500.0,13100.0
1495,HPG,2023-04-19,20800.0,21500.0,21500.0,20800.0
1496,VHM,2023-04-19,50400.0,50800.0,51200.0,50000.0
1497,FPT,2023-04-19,79300.0,79800.0,79800.0,79300.0
1498,TCB,2023-04-19,29000.0,29200.0,29400.0,29000.0
1499,POW,2023-04-19,13200.0,13500.0,18500.0,13100.0
1500,HPG,2023-04-18,29500.0,20900.0,21000.0,20800.0
1501,POW,2023-04-18,13500.0,17500.0,13500.0,13300.0
1502,FPT,2023-04-18,79400.0,79600.0,80000.0,79200.0
1503,TCB,2023-04-18,30500.0,29400.0,29400.0,28900.0
1504,VHM,2023-04-18,50800.0,50900.0,51300.0,50500.0
1505,TCB,2023-04-17,33500.0,29000.0,33500.0,35500.0
1506,HPG,2023-04-17,28500.0,20600.0,20900.0,20600.0
1507,POW,2023-04-17,16500.0,13200.0,16500.0,14500.0
1508,FPT,2023-04-17,79600.0,79600.0,79700.0,79000.0
1509,VHM,2023-04-17,50300.0,50100.0,50900.0,50000.0
1510,FPT,2023-04-14,79600.0,79900.0,80100.0,79300.0
1511,TCB,2023-04-14,28900.0,30200.0,30400.0,28900.0
1512,POW,2023-04-14,13100.0,13600.0,19500.0,13100.0
1513,HPG,2023-04-14,26500.0,25500.0,28500.0,20500.0
1514,VHM,2023-04-14,50000.0,50700.0,51500.0,49700.0
1515,VHM,2023-04-13,50500.0,51600.0,51700.0,50300.0
1516,TCB,2023-04-13,30200.0,30600.0,39500.0,30200.0
1517,FPT,2023-04-13,79600.0,80300.0,80400.0,79300.0
1518,POW,2023-04-13,17500.0,13700.0,14500.0,17500.0
1519,HPG,2023-04-13,24500.0,20800.0,20800.0,23500.0
1520,POW,2023-04-12,19500.0,13400.0,13900.0,13400.0
1521,HPG,2023-04-12,27500.0,20900.0,20900.0,26500.0
1522,TCB,2023-04-12,30700.0,30400.0,39500.0,30100.0
1523,FPT,2023-04-12,80300.0,80300.0,80500.0,79900.0
1524,VHM,2023-04-12,51600.0,51900.0,52100.0,51000.0
1525,HPG,2023-04-11,20800.0,20700.0,28500.0,20600.0
1526,VHM,2023-04-11,51500.0,49300.0,51700.0,49300.0
1527,POW,2023-04-11,13400.0,13400.0,13400.0,13200.0
1528,FPT,2023-04-11,80300.0,80200.0,80500.0,80100.0
1529,TCB,2023-04-11,30400.0,30200.0,30400.0,29600.0
1530,VHM,2023-04-10,49800.0,51400.0,51500.0,49800.0
1531,HPG,2023-04-10,20700.0,23500.0,24500.0,20600.0
1532,TCB,2023-04-10,30200.0,35500.0,30800.0,29600.0
1533,FPT,2023-04-10,80300.0,81000.0,81000.0,80100.0
1534,POW,2023-04-10,16500.0,14500.0,17500.0,13500.0
1535,VHM,2023-04-07,50700.0,51200.0,51500.0,50300.0
1536,FPT,2023-04-07,80500.0,80200.0,80700.0,80000.0
1537,HPG,2023-04-07,21200.0,21500.0,21600.0,21100.0
1538,POW,2023-04-07,13500.0,13200.0,13300.0,13500.0
1539,TCB,2023-04-07,34500.0,35500.0,29700.0,29400.0
1540,FPT,2023-04-06,80300.0,80700.0,81500.0,80300.0
1541,POW,2023-04-06,14500.0,17500.0,17500.0,14500.0
1542,VHM,2023-04-06,51200.0,52000.0,52200.0,51200.0
1543,HPG,2023-04-06,21500.0,26500.0,21900.0,21400.0
1544,TCB,2023-04-06,29600.0,32500.0,30200.0,32500.0
1545,TCB,2023-04-05,29500.0,29400.0,29600.0,29200.0
1546,VHM,2023-04-05,52200.0,51000.0,52300.0,50600.0
1547,POW,2023-04-05,17500.0,13500.0,18500.0,13300.0
1548,FPT,2023-04-05,80600.0,80500.0,80600.0,79700.0
1549,HPG,2023-04-05,21500.0,21100.0,21500.0,29500.0
1550,VHM,2023-04-04,51000.0,53000.0,53000.0,51000.0
1551,TCB,2023-04-04,29500.0,29300.0,29500.0,29500.0
1552,HPG,2023-04-04,21100.0,22500.0,21200.0,29500.0
1553,FPT,2023-04-04,80500.0,80900.0,81000.0,80000.0
1554,POW,2023-04-04,13500.0,13300.0,13600.0,13200.0
1555,FPT,2023-04-03,80900.0,79400.0,80900.0,79100.0
1556,TCB,2023-04-03,29300.0,29000.0,32500.0,28700.0
1557,POW,2023-04-03,13200.0,13300.0,13400.0,13100.0
1558,VHM,2023-04-03,52600.0,52200.0,53700.0,52000.0
1559,HPG,2023-04-03,21000.0,21500.0,21100.0,28500.0
1560,FPT,2023-03-31,79100.0,79100.0,79500.0,79000.0
1561,POW,2023-03-31,13200.0,13100.0,16500.0,13500.0
1562,VHM,2023-03-31,51500.0,49600.0,51500.0,49600.0
1563,TCB,2023-03-31,31500.0,27800.0,28400.0,27800.0
1564,HPG,2023-03-31,20800.0,20800.0,20900.0,23500.0
1565,TCB,2023-03-30,27700.0,31500.0,28500.0,27700.0
1566,FPT,2023-03-30,79100.0,79000.0,79300.0,78800.0
1567,POW,2023-03-30,13200.0,17500.0,17500.0,13500.0
1568,VHM,2023-03-30,54500.0,48800.0,58500.0,48100.0
1569,HPG,2023-03-30,20800.0,21000.0,22500.0,27500.0
1570,VHM,2023-03-29,48000.0,48500.0,48500.0,47100.0
1571,POW,2023-03-29,16500.0,13300.0,13400.0,15500.0
1572,HPG,2023-03-29,20800.0,20700.0,21100.0,20700.0
1573,FPT,2023-03-29,79000.0,79200.0,79300.0,78600.0
1574,TCB,2023-03-29,28000.0,32500.0,28300.0,27500.0
1575,VHM,2023-03-28,48000.0,52500.0,49500.0,47000.0
1576,TCB,2023-03-28,32500.0,26700.0,27700.0,26700.0
1577,POW,2023-03-28,13300.0,13400.0,13500.0,15500.0
1578,FPT,2023-03-28,79200.0,79200.0,79200.0,77500.0
1579,HPG,2023-03-28,20700.0,20900.0,21000.0,20700.0
1580,HPG,2023-03-27,20800.0,20400.0,20900.0,23500.0
1581,VHM,2023-03-27,48400.0,49000.0,49500.0,48400.0
1582,FPT,2023-03-27,79100.0,78900.0,79200.0,78500.0
1583,TCB,2023-03-27,26500.0,30500.0,26700.0,29500.0
1584,POW,2023-03-27,13300.0,15500.0,17500.0,13100.0
1585,TCB,2023-03-24,30500.0,26400.0,26700.0,26300.0
1586,POW,2023-03-24,15500.0,13200.0,13300.0,13500.0
1587,FPT,2023-03-24,78600.0,78300.0,78800.0,78000.0
1588,HPG,2023-03-24,20400.0,24500.0,20500.0,20300.0
1589,VHM,2023-03-24,49000.0,48000.0,57500.0,48000.0
1590,VHM,2023-03-23,48000.0,47400.0,48000.0,54500.0
1591,HPG,2023-03-23,20400.0,20200.0,20400.0,20500.0
1592,POW,2023-03-23,13200.0,13000.0,13200.0,21500.0
1593,TCB,2023-03-23,26200.0,26200.0,29500.0,33500.0
1594,FPT,2023-03-23,78000.0,78400.0,78500.0,77600.0
1595,FPT,2023-03-22,78500.0,78200.0,78600.0,77600.0
1596,POW,2023-03-22,14500.0,13300.0,16500.0,13100.0
1597,VHM,2023-03-22,53500.0,45600.0,48000.0,45600.0
1598,TCB,2023-03-22,26200.0,30500.0,26600.0,26200.0
1599,HPG,2023-03-22,20300.0,25500.0,20600.0,21500.0
1600,VHM,2023-03-21,45400.0,43000.0,45500.0,43000.0
1601,HPG,2023-03-21,24500.0,20200.0,25500.0,27500.0
1602,TCB,2023-03-21,29500.0,26500.0,26600.0,26100.0
1603,POW,2023-03-21,13200.0,13000.0,13300.0,20500.0
1604,FPT,2023-03-21,78100.0,78600.0,78700.0,77100.0
1605,VHM,2023-03-20,47500.0,44100.0,44100.0,47500.0
1606,TCB,2023-03-20,28500.0,26500.0,26600.0,28500.0
1607,POW,2023-03-20,20500.0,13300.0,13300.0,12800.0
1608,FPT,2023-03-20,77600.0,79100.0,79300.0,77600.0
1609,HPG,2023-03-20,20000.0,20400.0,20600.0,20000.0
1610,FPT,2023-03-17,79000.0,79600.0,80000.0,78600.0
1611,VHM,2023-03-17,46500.0,44600.0,45200.0,46500.0
1612,TCB,2023-03-17,32500.0,26800.0,27100.0,26600.0
1613,POW,2023-03-17,13400.0,13400.0,17500.0,13200.0
1614,HPG,2023-03-17,20400.0,21500.0,21500.0,20400.0
1615,HPG,2023-03-16,28500.0,21000.0,21100.0,20500.0
1616,TCB,2023-03-16,33500.0,26900.0,35500.0,29500.0
1617,POW,2023-03-16,15500.0,13400.0,13400.0,14500.0
1618,VHM,2023-03-16,44500.0,45800.0,45800.0,46500.0
1619,FPT,2023-03-16,79200.0,80000.0,80000.0,78400.0
1620,HPG,2023-03-15,21300.0,20800.0,21300.0,20600.0
1621,TCB,2023-03-15,27200.0,26800.0,27400.0,26800.0
1622,POW,2023-03-15,13500.0,13100.0,18500.0,12900.0
1623,VHM,2023-03-15,46000.0,47500.0,46600.0,53500.0
1624,FPT,2023-03-15,80500.0,79100.0,80500.0,79100.0
1625,VHM,2023-03-14,51500.0,44200.0,48500.0,44100.0
1626,TCB,2023-03-14,26300.0,32500.0,33500.0,26300.0
1627,FPT,2023-03-14,78700.0,79000.0,79100.0,78500.0
1628,HPG,2023-03-14,20300.0,21500.0,21100.0,20200.0
1629,POW,2023-03-14,20500.0,13000.0,13100.0,12700.0
1630,FPT,2023-03-13,78900.0,78100.0,79400.0,78100.0
1631,HPG,2023-03-13,21100.0,21500.0,21400.0,20900.0
1632,VHM,2023-03-13,51500.0,42800.0,44800.0,49500.0
1633,POW,2023-03-13,14500.0,12800.0,14500.0,12800.0
1634,TCB,2023-03-13,33500.0,31500.0,35500.0,31500.0
1635,TCB,2023-03-10,28500.0,27500.0,27600.0,27000.0
1636,POW,2023-03-10,21500.0,12900.0,13100.0,20500.0
1637,HPG,2023-03-10,21300.0,22500.0,25500.0,21000.0
1638,FPT,2023-03-10,79500.0,80200.0,80400.0,79000.0
1639,VHM,2023-03-10,50500.0,42400.0,43000.0,42000.0
1640,HPG,2023-03-09,21200.0,21200.0,26500.0,21200.0
1641,FPT,2023-03-09,80600.0,79500.0,80700.0,79200.0
1642,TCB,2023-03-09,27800.0,27500.0,35500.0,27200.0
1643,VHM,2023-03-09,42400.0,45500.0,43000.0,44500.0
1644,POW,2023-03-09,13000.0,19500.0,13200.0,18500.0
1645,HPG,2023-03-08,21200.0,20900.0,21200.0,20800.0
1646,FPT,2023-03-08,79500.0,78500.0,79500.0,78500.0
1647,VHM,2023-03-08,45500.0,41300.0,45500.0,41300.0
1648,POW,2023-03-08,19500.0,12500.0,12800.0,16500.0
1649,TCB,2023-03-08,27300.0,26900.0,27400.0,26800.0
1650,VHM,2023-03-07,42300.0,42700.0,43000.0,42100.0
1651,TCB,2023-03-07,27100.0,27200.0,27500.0,27500.0
1652,POW,2023-03-07,17500.0,12500.0,19500.0,12500.0
1653,FPT,2023-03-07,78800.0,79100.0,79900.0,78800.0
1654,HPG,2023-03-07,21100.0,20600.0,24500.0,25500.0
1655,HPG,2023-03-06,20400.0,26500.0,28500.0,20400.0
1656,FPT,2023-03-06,78200.0,78100.0,79800.0,78100.0
1657,TCB,2023-03-06,27200.0,27000.0,31500.0,26700.0
1658,VHM,2023-03-06,42100.0,48500.0,43200.0,41500.0
1659,POW,2023-03-06,16500.0,16500.0,18500.0,15500.0
1660,FPT,2023-03-03,78500.0,79300.0,80000.0,78500.0
1661,TCB,2023-03-03,26800.0,27200.0,30500.0,31500.0
1662,POW,2023-03-03,15500.0,19500.0,20500.0,15500.0
1663,HPG,2023-03-03,23500.0,20800.0,21100.0,23500.0
1664,VHM,2023-03-03,49500.0,41000.0,41200.0,45500.0
1665,HPG,2023-03-02,20600.0,21000.0,21100.0,20600.0
1666,FPT,2023-03-02,80000.0,80000.0,80500.0,79800.0
1667,POW,2023-03-02,12700.0,15500.0,12900.0,15500.0
1668,VHM,2023-03-02,41100.0,41000.0,41500.0,44500.0
1669,TCB,2023-03-02,27200.0,32500.0,27600.0,27000.0
1670,FPT,2023-03-01,80500.0,79500.0,80500.0,78700.0
1671,VHM,2023-03-01,41200.0,41500.0,41300.0,39800.0
1672,TCB,2023-03-01,27300.0,26200.0,30500.0,26500.0
1673,HPG,2023-03-01,20900.0,20000.0,20900.0,19800.0
1674,POW,2023-03-01,15500.0,12500.0,15500.0,20500.0
1675,TCB,2023-02-28,26500.0,27000.0,27200.0,26500.0
1676,VHM,2023-02-28,41500.0,41000.0,50500.0,40400.0
1677,HPG,2023-02-28,20000.0,24500.0,20500.0,19900.0
1678,POW,2023-02-28,12100.0,12100.0,14500.0,12000.0
1679,FPT,2023-02-28,80500.0,80000.0,80700.0,79500.0
1680,HPG,2023-02-27,20100.0,20400.0,25500.0,28500.0
1681,POW,2023-02-27,12000.0,19500.0,12100.0,19500.0
1682,VHM,2023-02-27,40900.0,40000.0,40900.0,39400.0
1683,TCB,2023-02-27,27000.0,27200.0,27200.0,26600.0
1684,FPT,2023-02-27,80300.0,80000.0,80500.0,79900.0
1685,VHM,2023-02-24,41000.0,41700.0,42000.0,40900.0
1686,POW,2023-02-24,12000.0,14500.0,15500.0,12000.0
1687,TCB,2023-02-24,29500.0,36500.0,36500.0,28500.0
1688,HPG,2023-02-24,20800.0,21500.0,21500.0,26500.0
1689,FPT,2023-02-24,80800.0,81100.0,81300.0,80400.0
1690,TCB,2023-02-23,36500.0,27500.0,36500.0,27000.0
1691,FPT,2023-02-23,81400.0,81700.0,81700.0,80600.0
1692,VHM,2023-02-23,42000.0,42600.0,50500.0,40600.0
1693,POW,2023-02-23,12200.0,12000.0,12200.0,11900.0
1694,HPG,2023-02-23,21500.0,22500.0,21500.0,20400.0
1695,TCB,2023-02-22,27500.0,28500.0,29500.0,27500.0
1696,HPG,2023-02-22,21200.0,21400.0,22100.0,21200.0
1697,VHM,2023-02-22,42600.0,44600.0,44800.0,42600.0
1698,FPT,2023-02-22,81800.0,82300.0,82500.0,81800.0
1699,POW,2023-02-22,12000.0,15500.0,12500.0,12000.0
1700,HPG,2023-02-21,21600.0,22500.0,22300.0,21600.0
1701,VHM,2023-02-21,45200.0,45500.0,47500.0,45100.0
1702,TCB,2023-02-21,28400.0,28600.0,37500.0,31500.0
1703,POW,2023-02-21,16500.0,12700.0,12700.0,16500.0
1704,FPT,2023-02-21,82800.0,82800.0,83700.0,82600.0
1705,FPT,2023-02-20,82800.0,81600.0,83000.0,81400.0
1706,TCB,2023-02-20,28600.0,34500.0,28600.0,27700.0
1707,VHM,2023-02-20,45200.0,43500.0,46300.0,43400.0
1708,HPG,2023-02-20,21900.0,21000.0,21900.0,21000.0
1709,POW,2023-02-20,18500.0,12400.0,12700.0,15500.0
1710,POW,2023-02-17,12400.0,12300.0,12500.0,12200.0
1711,TCB,2023-02-17,27800.0,34500.0,27800.0,27500.0
1712,HPG,2023-02-17,21000.0,21300.0,24500.0,21000.0
1713,FPT,2023-02-17,81600.0,81200.0,81600.0,81000.0
1714,VHM,2023-02-17,43300.0,42700.0,43600.0,42500.0
1715,POW,2023-02-16,15500.0,12100.0,15500.0,12500.0
1716,VHM,2023-02-16,42500.0,49500.0,49500.0,42000.0
1717,HPG,2023-02-16,21300.0,29500.0,21400.0,20600.0
1718,FPT,2023-02-16,81600.0,81600.0,82000.0,80700.0
1719,TCB,2023-02-16,27900.0,27600.0,27900.0,27200.0
1720,POW,2023-02-15,12000.0,19500.0,12500.0,18500.0
1721,FPT,2023-02-15,81600.0,80500.0,81900.0,80300.0
1722,VHM,2023-02-15,42500.0,42700.0,42700.0,41600.0
1723,TCB,2023-02-15,27400.0,34500.0,27600.0,26600.0
1724,HPG,2023-02-15,20800.0,20600.0,21500.0,22500.0
1725,VHM,2023-02-14,49500.0,44000.0,44200.0,42200.0
1726,FPT,2023-02-14,80800.0,80700.0,81000.0,80200.0
1727,HPG,2023-02-14,20600.0,20300.0,20900.0,22500.0
1728,TCB,2023-02-14,34500.0,26500.0,27400.0,26500.0
1729,POW,2023-02-14,19500.0,11800.0,20500.0,18500.0
1730,VHM,2023-02-13,44400.0,44800.0,45000.0,43400.0
1731,TCB,2023-02-13,26600.0,34500.0,26900.0,29500.0
1732,POW,2023-02-13,11700.0,20500.0,13500.0,16500.0
1733,FPT,2023-02-13,80700.0,80700.0,81200.0,80000.0
1734,HPG,2023-02-13,20200.0,20400.0,20400.0,26500.0
1735,FPT,2023-02-10,80700.0,81100.0,81200.0,80500.0
1736,TCB,2023-02-10,35500.0,30500.0,27500.0,26900.0
1737,POW,2023-02-10,12000.0,12100.0,12300.0,20500.0
1738,HPG,2023-02-10,20500.0,20700.0,20800.0,21500.0
1739,VHM,2023-02-10,45400.0,45000.0,52500.0,45000.0
1740,POW,2023-02-09,12000.0,14500.0,12300.0,12000.0
1741,HPG,2023-02-09,20600.0,21000.0,23500.0,20600.0
1742,TCB,2023-02-09,27300.0,27700.0,35500.0,27300.0
1743,VHM,2023-02-09,45300.0,51500.0,46700.0,45300.0
1744,FPT,2023-02-09,80700.0,81000.0,81600.0,80700.0
1745,VHM,2023-02-08,46600.0,46700.0,46700.0,48500.0
1746,TCB,2023-02-08,35500.0,27500.0,36500.0,27400.0
1747,POW,2023-02-08,14500.0,12200.0,15500.0,12000.0
1748,FPT,2023-02-08,81200.0,80800.0,81700.0,80600.0
1749,HPG,2023-02-08,28500.0,26500.0,21100.0,26500.0
1750,TCB,2023-02-07,27400.0,36500.0,28500.0,27400.0
1751,FPT,2023-02-07,80700.0,80500.0,81900.0,80500.0
1752,HPG,2023-02-07,26500.0,22500.0,21200.0,19700.0
1753,POW,2023-02-07,12200.0,12600.0,19500.0,12500.0
1754,VHM,2023-02-07,46800.0,48000.0,48000.0,46500.0
1755,VHM,2023-02-06,56500.0,47900.0,48000.0,47100.0
1756,FPT,2023-02-06,80500.0,80000.0,81600.0,79700.0
1757,TCB,2023-02-06,36500.0,27100.0,28000.0,27500.0
1758,HPG,2023-02-06,22500.0,21100.0,22500.0,25500.0
1759,POW,2023-02-06,17500.0,12500.0,12600.0,20500.0
1760,FPT,2023-02-03,80100.0,82000.0,82000.0,80100.0
1761,POW,2023-02-03,13500.0,13500.0,12200.0,19500.0
1762,TCB,2023-02-03,27100.0,28100.0,28200.0,27100.0
1763,VHM,2023-02-03,48100.0,48000.0,48500.0,47500.0
1764,HPG,2023-02-03,21100.0,25500.0,26500.0,21000.0
1765,HPG,2023-02-02,21300.0,21200.0,21700.0,21100.0
1766,POW,2023-02-02,12000.0,12100.0,12100.0,19500.0
1767,FPT,2023-02-02,81900.0,82100.0,82400.0,81300.0
1768,TCB,2023-02-02,28000.0,28200.0,28400.0,27600.0
1769,VHM,2023-02-02,47900.0,48500.0,49200.0,47700.0
1770,FPT,2023-02-01,82000.0,84000.0,84000.0,81800.0
1771,HPG,2023-02-01,21100.0,22200.0,28500.0,21000.0
1772,POW,2023-02-01,20500.0,17500.0,12900.0,20500.0
1773,VHM,2023-02-01,48000.0,50700.0,50900.0,48000.0
1774,TCB,2023-02-01,28200.0,29500.0,29500.0,28000.0
1775,FPT,2023-01-31,83500.0,83500.0,83700.0,81700.0
1776,POW,2023-01-31,12400.0,16500.0,12500.0,14500.0
1777,TCB,2023-01-31,29400.0,34500.0,29400.0,28500.0
1778,HPG,2023-01-31,22100.0,21900.0,22100.0,21700.0
1779,VHM,2023-01-31,50900.0,51500.0,51800.0,50400.0
1780,TCB,2023-01-30,28700.0,29500.0,29500.0,33500.0
1781,POW,2023-01-30,15500.0,14500.0,12600.0,12100.0
1782,HPG,2023-01-30,28500.0,21700.0,22200.0,24500.0
1783,VHM,2023-01-30,51500.0,53300.0,53500.0,51500.0
1784,FPT,2023-01-30,83700.0,84200.0,84400.0,83700.0
1785,HPG,2023-01-27,21500.0,21000.0,26500.0,28500.0
1786,VHM,2023-01-27,53300.0,52400.0,53900.0,51900.0
1787,POW,2023-01-27,12200.0,15500.0,16500.0,13500.0
1788,FPT,2023-01-27,84000.0,84100.0,85500.0,84000.0
1789,TCB,2023-01-27,29500.0,32500.0,29700.0,29000.0
1790,VHM,2023-01-19,52200.0,52400.0,53400.0,51500.0
1791,FPT,2023-01-19,83900.0,83000.0,84200.0,82900.0
1792,TCB,2023-01-19,29100.0,36500.0,29300.0,36500.0
1793,POW,2023-01-19,12200.0,12100.0,14500.0,12000.0
1794,HPG,2023-01-19,22500.0,21600.0,29500.0,28500.0
1795,HPG,2023-01-18,21700.0,22000.0,22500.0,26500.0
1796,FPT,2023-01-18,83400.0,82100.0,83400.0,81800.0
1797,POW,2023-01-18,13500.0,14500.0,12300.0,12500.0
1798,TCB,2023-01-18,29100.0,29100.0,30500.0,28900.0
1799,VHM,2023-01-18,52500.0,52000.0,52900.0,50900.0
1800,FPT,2023-01-17,82000.0,81200.0,82000.0,81000.0
1801,VHM,2023-01-17,52000.0,51300.0,52000.0,54500.0
1802,HPG,2023-01-17,27500.0,24500.0,27500.0,24500.0
1803,TCB,2023-01-17,29000.0,28400.0,29300.0,31500.0
1804,POW,2023-01-17,13500.0,11900.0,12200.0,19500.0
1805,FPT,2023-01-16,80800.0,80100.0,81000.0,79700.0
1806,TCB,2023-01-16,28100.0,35500.0,28100.0,33500.0
1807,VHM,2023-01-16,51300.0,52000.0,52300.0,51300.0
1808,POW,2023-01-16,19500.0,12000.0,12000.0,18500.0
1809,HPG,2023-01-16,22500.0,20000.0,26500.0,28500.0
1810,POW,2023-01-13,19500.0,11900.0,12100.0,18500.0
1811,VHM,2023-01-13,52000.0,51700.0,52000.0,51100.0
1812,FPT,2023-01-13,80000.0,80500.0,81200.0,80000.0
1813,HPG,2023-01-13,28500.0,22500.0,23500.0,19900.0
1814,TCB,2023-01-13,27800.0,27900.0,28300.0,27800.0
1815,TCB,2023-01-12,35500.0,33500.0,36500.0,27600.0
1816,FPT,2023-01-12,80700.0,81000.0,81500.0,80200.0
1817,HPG,2023-01-12,20500.0,20100.0,22500.0,19900.0
1818,POW,2023-01-12,18500.0,17500.0,12100.0,16500.0
1819,VHM,2023-01-12,51500.0,51100.0,51700.0,51000.0
1820,TCB,2023-01-11,33500.0,31500.0,28000.0,27300.0
1821,POW,2023-01-11,17500.0,11700.0,19500.0,11600.0
1822,VHM,2023-01-11,50800.0,50300.0,50900.0,49800.0
1823,FPT,2023-01-11,80900.0,80400.0,81600.0,80400.0
1824,HPG,2023-01-11,20200.0,20000.0,25500.0,19900.0
1825,HPG,2023-01-10,19800.0,19600.0,20100.0,19200.0
1826,TCB,2023-01-10,31500.0,34500.0,28000.0,27300.0
1827,VHM,2023-01-10,56500.0,50100.0,50400.0,56500.0
1828,FPT,2023-01-10,80400.0,80700.0,81300.0,80200.0
1829,POW,2023-01-10,11700.0,11600.0,18500.0,14500.0
1830,VHM,2023-01-09,50200.0,50200.0,50500.0,49700.0
1831,POW,2023-01-09,11600.0,19500.0,12000.0,11400.0
1832,FPT,2023-01-09,80300.0,80500.0,80900.0,79900.0
1833,HPG,2023-01-09,19600.0,19800.0,20100.0,19500.0
1834,TCB,2023-01-09,34500.0,27800.0,36500.0,27600.0
1835,TCB,2023-01-06,27700.0,31500.0,28400.0,27300.0
1836,HPG,2023-01-06,19400.0,19700.0,20100.0,19200.0
1837,VHM,2023-01-06,49900.0,56500.0,50300.0,49500.0
1838,FPT,2023-01-06,80300.0,80400.0,81100.0,80200.0
1839,POW,2023-01-06,18500.0,11900.0,12200.0,11600.0
1840,HPG,2023-01-05,19800.0,19400.0,20000.0,20500.0
1841,FPT,2023-01-05,80600.0,80200.0,81500.0,80200.0
1842,TCB,2023-01-05,33500.0,27300.0,27800.0,28500.0
1843,POW,2023-01-05,18500.0,11000.0,18500.0,19500.0
1844,VHM,2023-01-05,49700.0,49000.0,50000.0,49000.0
1845,TCB,2023-01-04,27300.0,31500.0,27800.0,29500.0
1846,FPT,2023-01-04,80000.0,80800.0,81000.0,79300.0
1847,VHM,2023-01-04,49000.0,49900.0,49900.0,49000.0
1848,POW,2023-01-04,11000.0,11000.0,12500.0,10900.0
1849,HPG,2023-01-04,19400.0,23500.0,19800.0,19300.0
1850,TCB,2023-01-03,31500.0,32500.0,31500.0,32500.0
1851,POW,2023-01-03,11500.0,10600.0,11100.0,10600.0
1852,FPT,2023-01-03,80000.0,76900.0,80000.0,76800.0
1853,VHM,2023-01-03,49400.0,48000.0,49400.0,47000.0
1854,HPG,2023-01-03,21500.0,18300.0,21500.0,18200.0
1855,VHM,2022-12-30,48000.0,49000.0,49000.0,47550.0
1856,TCB,2022-12-30,25850.0,25950.0,26100.0,25850.0
1857,POW,2022-12-30,10650.0,10600.0,10750.0,10550.0
1858,HPG,2022-12-30,18000.0,18100.0,18450.0,17900.0
1859,FPT,2022-12-30,76900.0,76200.0,76900.0,76000.0
1860,HPG,2022-12-29,18000.0,18300.0,18500.0,17850.0
1861,POW,2022-12-29,10500.0,10650.0,10700.0,10500.0
1862,FPT,2022-12-29,76200.0,76500.0,77000.0,76200.0
1863,TCB,2022-12-29,25950.0,26100.0,26300.0,25750.0
1864,VHM,2022-12-29,47800.0,47600.0,48500.0,47400.0
1865,TCB,2022-12-28,26150.0,26100.0,26450.0,25750.0
1866,HPG,2022-12-28,18200.0,18400.0,18500.0,17950.0
1867,FPT,2022-12-28,76700.0,77000.0,77000.0,76000.0
1868,POW,2022-12-28,10650.0,10600.0,10750.0,10550.0
1869,VHM,2022-12-28,47700.0,47700.0,48500.0,46500.0
1870,FPT,2022-12-27,76500.0,76400.0,77500.0,76000.0
1871,HPG,2022-12-27,18250.0,17100.0,18250.0,17100.0
1872,POW,2022-12-27,10650.0,10500.0,10650.0,10350.0
1873,TCB,2022-12-27,26300.0,25600.0,26300.0,25400.0
1874,VHM,2022-12-27,47500.0,46300.0,50200.0,45150.0
1875,POW,2022-12-26,10300.0,11050.0,11100.0,10300.0
1876,FPT,2022-12-26,76400.0,77700.0,78100.0,76400.0
1877,VHM,2022-12-26,47000.0,49500.0,49600.0,47000.0
1878,TCB,2022-12-26,25700.0,27250.0,27400.0,25700.0
1879,HPG,2022-12-26,17100.0,18300.0,18300.0,17100.0
1880,TCB,2022-12-23,27600.0,27700.0,27900.0,26950.0
1881,FPT,2022-12-23,78000.0,76400.0,78000.0,76200.0
1882,HPG,2022-12-23,18350.0,18850.0,18900.0,18100.0
1883,VHM,2022-12-23,49800.0,49400.0,50000.0,48200.0
1884,POW,2022-12-23,10950.0,10600.0,11200.0,10600.0
1885,HPG,2022-12-22,18900.0,19100.0,19600.0,18700.0
1886,POW,2022-12-22,10700.0,10600.0,10850.0,10450.0
1887,TCB,2022-12-22,27700.0,27750.0,28400.0,27250.0
1888,FPT,2022-12-22,77200.0,77200.0,77500.0,76000.0
1889,VHM,2022-12-22,49000.0,48550.0,49650.0,48550.0
1890,TCB,2022-12-21,27700.0,28050.0,28200.0,26300.0
1891,POW,2022-12-21,10450.0,10800.0,10900.0,10400.0
1892,FPT,2022-12-21,77200.0,77200.0,77400.0,75700.0
1893,HPG,2022-12-21,18900.0,19400.0,19450.0,18100.0
1894,VHM,2022-12-21,48500.0,48800.0,48800.0,46600.0
1895,POW,2022-12-20,10700.0,11050.0,11150.0,10600.0
1896,VHM,2022-12-20,48200.0,48200.0,48600.0,46300.0
1897,TCB,2022-12-20,27700.0,29000.0,29250.0,27250.0
1898,FPT,2022-12-20,76600.0,77200.0,77200.0,75400.0
1899,HPG,2022-12-20,19000.0,19800.0,20100.0,18750.0
1900,HPG,2022-12-19,20000.0,20600.0,21250.0,20000.0
1901,TCB,2022-12-19,29250.0,29150.0,30650.0,29050.0
1902,VHM,2022-12-19,48200.0,49400.0,50200.0,48200.0
1903,POW,2022-12-19,11100.0,11350.0,11500.0,11050.0
1904,FPT,2022-12-19,76600.0,78300.0,78300.0,76600.0
1905,FPT,2022-12-16,77900.0,77000.0,78000.0,76400.0
1906,POW,2022-12-16,11450.0,11200.0,11500.0,11150.0
1907,TCB,2022-12-16,29150.0,29000.0,29300.0,28600.0
1908,VHM,2022-12-16,49300.0,50300.0,51200.0,49300.0
1909,HPG,2022-12-16,20400.0,19200.0,20450.0,18950.0
1910,HPG,2022-12-15,19350.0,19100.0,19650.0,19100.0
1911,FPT,2022-12-15,77700.0,76400.0,78100.0,76400.0
1912,POW,2022-12-15,11400.0,11300.0,11450.0,11250.0
1913,VHM,2022-12-15,50700.0,53000.0,53100.0,50700.0
1914,TCB,2022-12-15,29500.0,28800.0,29550.0,28600.0
1915,TCB,2022-12-14,28800.0,29500.0,29700.0,28800.0
1916,HPG,2022-12-14,19200.0,19350.0,19600.0,19000.0
1917,VHM,2022-12-14,53000.0,53700.0,53700.0,51400.0
1918,POW,2022-12-14,11400.0,11550.0,11550.0,11250.0
1919,FPT,2022-12-14,76300.0,77200.0,77500.0,76100.0
1920,TCB,2022-12-13,28800.0,27200.0,28800.0,27000.0
1921,FPT,2022-12-13,77200.0,76200.0,77300.0,75200.0
1922,POW,2022-12-13,11400.0,11200.0,11400.0,11000.0
1923,HPG,2022-12-13,19000.0,18600.0,19000.0,18250.0
1924,VHM,2022-12-13,53000.0,50500.0,53000.0,49950.0
1925,POW,2022-12-12,11150.0,11200.0,11550.0,11150.0
1926,VHM,2022-12-12,50500.0,54200.0,54200.0,50500.0
1927,FPT,2022-12-12,77000.0,77600.0,78200.0,76400.0
1928,TCB,2022-12-12,27200.0,28250.0,28550.0,27200.0
1929,HPG,2022-12-12,18600.0,19200.0,19550.0,18600.0
1930,FPT,2022-12-09,78000.0,76300.0,78000.0,76200.0
1931,VHM,2022-12-09,54100.0,55400.0,55600.0,53700.0
1932,POW,2022-12-09,11200.0,11300.0,11300.0,11050.0
1933,TCB,2022-12-09,28250.0,28450.0,28500.0,27700.0
1934,HPG,2022-12-09,19200.0,18900.0,19450.0,18500.0
1935,VHM,2022-12-08,55400.0,57000.0,57000.0,54500.0
1936,FPT,2022-12-08,77000.0,76900.0,78800.0,75600.0
1937,POW,2022-12-08,11200.0,11100.0,11350.0,11000.0
1938,HPG,2022-12-08,18900.0,18900.0,19350.0,18500.0
1939,TCB,2022-12-08,28200.0,26800.0,28200.0,26500.0
1940,HPG,2022-12-07,18250.0,18000.0,19150.0,17700.0
1941,TCB,2022-12-07,26400.0,27000.0,27150.0,25950.0
1942,FPT,2022-12-07,76500.0,75900.0,76600.0,74800.0
1943,POW,2022-12-07,10950.0,10900.0,11150.0,10750.0
1944,VHM,2022-12-07,55500.0,54200.0,56700.0,54200.0
1945,TCB,2022-12-06,27050.0,28800.0,29000.0,27000.0
1946,HPG,2022-12-06,18600.0,19900.0,19950.0,18600.0
1947,POW,2022-12-06,10900.0,11500.0,11550.0,10900.0
1948,VHM,2022-12-06,55000.0,58300.0,58300.0,54300.0
1949,FPT,2022-12-06,76000.0,78300.0,78900.0,76000.0
1950,POW,2022-12-05,11500.0,11950.0,11950.0,11500.0
1951,TCB,2022-12-05,29000.0,29500.0,29800.0,28800.0
1952,VHM,2022-12-05,58300.0,57500.0,58300.0,56800.0
1953,HPG,2022-12-05,20000.0,19800.0,20400.0,19500.0
1954,FPT,2022-12-05,78300.0,78000.0,79000.0,77400.0
1955,FPT,2022-12-02,77400.0,74700.0,77700.0,74000.0
1956,HPG,2022-12-02,19450.0,18000.0,19450.0,17800.0
1957,TCB,2022-12-02,28800.0,27000.0,29000.0,26850.0
1958,POW,2022-12-02,11700.0,11050.0,11700.0,11000.0
1959,VHM,2022-12-02,57200.0,53500.0,57200.0,53000.0
1960,FPT,2022-12-01,74700.0,75100.0,75800.0,74100.0
1961,TCB,2022-12-01,27400.0,26250.0,27700.0,26250.0
1962,HPG,2022-12-01,18200.0,18750.0,19650.0,18000.0
1963,VHM,2022-12-01,53500.0,55100.0,56200.0,53500.0
1964,POW,2022-12-01,11200.0,11850.0,11900.0,11200.0
1965,FPT,2022-11-30,74600.0,74500.0,74900.0,73500.0
1966,HPG,2022-11-30,18400.0,17550.0,18400.0,17200.0
1967,POW,2022-11-30,11650.0,11400.0,11750.0,11150.0
1968,TCB,2022-11-30,25900.0,25200.0,25900.0,24950.0
1969,VHM,2022-11-30,54500.0,53600.0,54500.0,52000.0
1970,FPT,2022-11-29,74300.0,74900.0,74900.0,73000.0
1971,POW,2022-11-29,11300.0,11300.0,11450.0,11000.0
1972,TCB,2022-11-29,25200.0,24950.0,25600.0,24350.0
1973,HPG,2022-11-29,17400.0,16600.0,17450.0,16350.0
1974,VHM,2022-11-29,53100.0,51600.0,53100.0,50400.0
1975,FPT,2022-11-28,74300.0,72400.0,74500.0,72300.0
1976,VHM,2022-11-28,50200.0,47500.0,50200.0,47400.0
1977,POW,2022-11-28,11300.0,10950.0,11300.0,10800.0
1978,TCB,2022-11-28,24600.0,23300.0,24600.0,23250.0
1979,HPG,2022-11-28,16350.0,15600.0,16350.0,15600.0
1980,VHM,2022-11-25,47000.0,46000.0,47050.0,45800.0
1981,POW,2022-11-25,10850.0,10750.0,10850.0,10550.0
1982,HPG,2022-11-25,15300.0,14600.0,15300.0,14350.0
1983,TCB,2022-11-25,23000.0,22350.0,23000.0,22200.0
1984,FPT,2022-11-25,72000.0,70600.0,72000.0,70500.0
1985,POW,2022-11-24,10600.0,10450.0,10600.0,10300.0
1986,FPT,2022-11-24,70500.0,69800.0,71000.0,69400.0
1987,HPG,2022-11-24,14350.0,13700.0,14400.0,13600.0
1988,VHM,2022-11-24,45000.0,44350.0,45500.0,44200.0
1989,TCB,2022-11-24,22150.0,22000.0,22200.0,21500.0
1990,FPT,2022-11-23,70500.0,70000.0,71000.0,69700.0
1991,HPG,2022-11-23,13800.0,14700.0,14850.0,13800.0
1992,POW,2022-11-23,10450.0,10400.0,10750.0,10350.0
1993,TCB,2022-11-23,22000.0,22000.0,22400.0,21700.0
1994,VHM,2022-11-23,44400.0,45000.0,46000.0,44300.0
1995,POW,2022-11-22,10350.0,10300.0,10800.0,10200.0
1996,TCB,2022-11-22,21850.0,22050.0,23050.0,21850.0
1997,HPG,2022-11-22,14800.0,14650.0,15450.0,14450.0
1998,VHM,2022-11-22,45300.0,45800.0,48500.0,45300.0
1999,FPT,2022-11-22,70500.0,70000.0,72000.0,69100.0
2000,POW,2022-11-21,10300.0,10100.0,10500.0,10100.0
2001,TCB,2022-11-21,22250.0,22650.0,23100.0,22250.0
2002,FPT,2022-11-21,70100.0,69500.0,71800.0,69500.0
2003,VHM,2022-11-21,46950.0,48000.0,48000.0,45750.0
2004,HPG,2022-11-21,14950.0,15200.0,15250.0,14750.0
2005,HPG,2022-11-18,15100.0,14600.0,15200.0,14250.0
2006,FPT,2022-11-18,71500.0,70100.0,72000.0,69200.0
2007,VHM,2022-11-18,48000.0,47950.0,48800.0,46600.0
2008,TCB,2022-11-18,22700.0,22850.0,23350.0,21800.0
2009,POW,2022-11-18,10100.0,10100.0,10250.0,9550.0
2010,FPT,2022-11-17,71000.0,69300.0,72000.0,64500.0
2011,HPG,2022-11-17,14250.0,13900.0,14250.0,13800.0
2012,VHM,2022-11-17,47950.0,45000.0,47950.0,44950.0
2013,TCB,2022-11-17,22950.0,22700.0,23050.0,22200.0
2014,POW,2022-11-17,10100.0,10100.0,10450.0,10000.0
2015,VHM,2022-11-16,44900.0,43000.0,45000.0,41500.0
2016,TCB,2022-11-16,22100.0,19300.0,22100.0,19300.0
2017,POW,2022-11-16,10100.0,8910.0,10150.0,8910.0
2018,HPG,2022-11-16,13350.0,12300.0,13350.0,11800.0
2019,FPT,2022-11-16,69300.0,61300.0,70000.0,61300.0
2020,FPT,2022-11-15,65900.0,70000.0,70000.0,65900.0
2021,VHM,2022-11-15,43400.0,42550.0,43850.0,42450.0
2022,POW,2022-11-15,9580.0,10100.0,10150.0,9580.0
2023,TCB,2022-11-15,20700.0,22050.0,22050.0,20650.0
2024,HPG,2022-11-15,12500.0,12000.0,12550.0,12000.0
2025,HPG,2022-11-14,12200.0,12150.0,12450.0,11850.0
2026,FPT,2022-11-14,70800.0,72000.0,72400.0,70000.0
2027,VHM,2022-11-14,44000.0,43800.0,44900.0,42350.0
2028,TCB,2022-11-14,22200.0,22200.0,22400.0,21300.0
2029,POW,2022-11-14,10300.0,10500.0,10550.0,9960.0
2030,HPG,2022-11-11,12300.0,12300.0,12650.0,12000.0
2031,TCB,2022-11-11,22800.0,23500.0,23950.0,22800.0
2032,FPT,2022-11-11,72800.0,73100.0,73600.0,72000.0
2033,POW,2022-11-11,10600.0,10600.0,10800.0,10300.0
2034,VHM,2022-11-11,44150.0,43950.0,44550.0,43750.0
2035,TCB,2022-11-10,22750.0,24000.0,24100.0,22650.0
2036,HPG,2022-11-10,12100.0,12700.0,12800.0,12100.0
2037,FPT,2022-11-10,73000.0,73500.0,73700.0,69100.0
2038,POW,2022-11-10,10250.0,10650.0,10800.0,10100.0
2039,VHM,2022-11-10,43950.0,44100.0,44100.0,42300.0
2040,HPG,2022-11-09,13000.0,13200.0,13600.0,12950.0
2041,FPT,2022-11-09,74000.0,73300.0,74300.0,73300.0
2042,VHM,2022-11-09,44550.0,43800.0,45000.0,43800.0
2043,POW,2022-11-09,10850.0,10650.0,10950.0,10600.0
2044,TCB,2022-11-09,24350.0,24500.0,25100.0,24200.0
2045,HPG,2022-11-08,13150.0,13100.0,13700.0,13000.0
2046,FPT,2022-11-08,73300.0,71500.0,73900.0,71400.0
2047,POW,2022-11-08,10450.0,9740.0,10450.0,9710.0
2048,VHM,2022-11-08,43800.0,43100.0,43800.0,41250.0
2049,TCB,2022-11-08,24150.0,23750.0,24900.0,23000.0
2050,POW,2022-11-07,9790.0,9800.0,9950.0,9740.0
2051,VHM,2022-11-07,43900.0,44000.0,44000.0,42200.0
2052,TCB,2022-11-07,23750.0,25450.0,25800.0,23750.0
2053,FPT,2022-11-07,72600.0,72600.0,74000.0,72600.0
2054,HPG,2022-11-07,13700.0,14550.0,14800.0,13700.0
2055,VHM,2022-11-04,44500.0,44800.0,44800.0,42500.0
2056,FPT,2022-11-04,72900.0,74000.0,74000.0,71500.0
2057,TCB,2022-11-04,25500.0,25000.0,25500.0,24050.0
2058,HPG,2022-11-04,14650.0,15000.0,15150.0,14500.0
2059,POW,2022-11-04,9800.0,10100.0,10100.0,9700.0
2060,POW,2022-11-03,10100.0,10050.0,10200.0,10000.0
2061,FPT,2022-11-03,74100.0,74500.0,75700.0,73700.0
2062,HPG,2022-11-03,15200.0,15250.0,15450.0,15100.0
2063,TCB,2022-11-03,25850.0,24650.0,25850.0,24650.0
2064,VHM,2022-11-03,45000.0,44550.0,45350.0,44350.0
2065,TCB,2022-11-02,25200.0,25700.0,25800.0,25050.0
2066,VHM,2022-11-02,44900.0,45000.0,45500.0,44700.0
2067,POW,2022-11-02,10200.0,10400.0,10400.0,10200.0
2068,FPT,2022-11-02,74000.0,75200.0,76000.0,74000.0
2069,HPG,2022-11-02,15350.0,15000.0,15700.0,15000.0
2070,POW,2022-11-01,10350.0,10350.0,10500.0,10250.0
2071,TCB,2022-11-01,25650.0,25000.0,26000.0,25000.0
2072,FPT,2022-11-01,75500.0,76300.0,76800.0,75000.0
2073,VHM,2022-11-01,45000.0,45800.0,46200.0,45000.0
2074,HPG,2022-11-01,15000.0,15750.0,16000.0,14800.0
2075,HPG,2022-10-31,15650.0,15650.0,16000.0,15650.0
2076,VHM,2022-10-31,45000.0,45500.0,46800.0,44100.0
2077,TCB,2022-10-31,24600.0,24600.0,24800.0,23500.0
2078,POW,2022-10-31,10350.0,10350.0,10350.0,9860.0
2079,FPT,2022-10-31,75600.0,75000.0,76000.0,73700.0
2080,FPT,2022-10-28,75000.0,76300.0,76300.0,74700.0
2081,VHM,2022-10-28,44900.0,44500.0,46300.0,44100.0
2082,HPG,2022-10-28,16800.0,17400.0,17650.0,16800.0
2083,POW,2022-10-28,10350.0,10500.0,10600.0,10300.0
2084,TCB,2022-10-28,24400.0,23600.0,24400.0,23500.0
2085,VHM,2022-10-27,44000.0,43400.0,44600.0,42900.0
2086,TCB,2022-10-27,22850.0,21500.0,22850.0,21500.0
2087,HPG,2022-10-27,17400.0,16950.0,17600.0,16900.0
2088,POW,2022-10-27,10400.0,10000.0,10500.0,10000.0
2089,FPT,2022-10-27,75800.0,74100.0,76200.0,73700.0
2090,POW,2022-10-26,10000.0,10050.0,10200.0,9960.0
2091,FPT,2022-10-26,73800.0,74500.0,74500.0,72700.0
2092,HPG,2022-10-26,16900.0,17000.0,17400.0,16850.0
2093,VHM,2022-10-26,43500.0,44600.0,44600.0,41750.0
2094,TCB,2022-10-26,21400.0,21700.0,21800.0,21050.0
2095,FPT,2022-10-25,73200.0,71400.0,74500.0,71100.0
2096,HPG,2022-10-25,17100.0,16400.0,17500.0,16050.0
2097,VHM,2022-10-25,44600.0,44600.0,44700.0,41500.0
2098,TCB,2022-10-25,21300.0,21300.0,22450.0,20000.0
2099,POW,2022-10-25,9970.0,9750.0,10300.0,9470.0
2100,POW,2022-10-24,9880.0,10450.0,10550.0,9750.0
2101,VHM,2022-10-24,44600.0,47950.0,47950.0,44600.0
2102,FPT,2022-10-24,71100.0,73900.0,74500.0,71000.0
2103,HPG,2022-10-24,16400.0,17000.0,17050.0,16200.0
2104,TCB,2022-10-24,21300.0,23050.0,23350.0,21300.0
2105,POW,2022-10-21,10300.0,10900.0,10900.0,10150.0
2106,FPT,2022-10-21,73900.0,77700.0,77700.0,73900.0
2107,VHM,2022-10-21,47950.0,49950.0,49950.0,46500.0
2108,HPG,2022-10-21,16900.0,18300.0,18300.0,16900.0
2109,TCB,2022-10-21,22900.0,24850.0,24850.0,22900.0
2110,POW,2022-10-20,10850.0,10900.0,11050.0,10750.0
2111,HPG,2022-10-20,18100.0,18350.0,18600.0,18050.0
2112,FPT,2022-10-20,77800.0,75800.0,78500.0,75300.0
2113,VHM,2022-10-20,50000.0,49500.0,50000.0,48900.0
2114,TCB,2022-10-20,24600.0,25100.0,25100.0,24550.0
2115,TCB,2022-10-19,25200.0,25300.0,25500.0,24600.0
2116,POW,2022-10-19,11000.0,11150.0,11200.0,10850.0
2117,VHM,2022-10-19,50000.0,50400.0,50500.0,49050.0
2118,FPT,2022-10-19,75500.0,74900.0,76200.0,74700.0
2119,HPG,2022-10-19,18400.0,18850.0,18850.0,18350.0
2120,HPG,2022-10-18,18850.0,19500.0,19700.0,18700.0
2121,TCB,2022-10-18,25300.0,25600.0,25900.0,25150.0
2122,VHM,2022-10-18,50500.0,50000.0,50500.0,48350.0
2123,POW,2022-10-18,11100.0,11300.0,11400.0,11000.0
2124,FPT,2022-10-18,74900.0,74000.0,75300.0,74000.0
2125,TCB,2022-10-17,25100.0,25500.0,25500.0,24350.0
2126,POW,2022-10-17,11150.0,10650.0,11150.0,10650.0
2127,VHM,2022-10-17,49500.0,51500.0,51500.0,49500.0
2128,FPT,2022-10-17,73800.0,73500.0,73900.0,72600.0
2129,HPG,2022-10-17,19250.0,19250.0,19350.0,18900.0
2130,POW,2022-10-14,10800.0,10900.0,11000.0,10750.0
2131,VHM,2022-10-14,51900.0,53000.0,53100.0,51300.0
2132,HPG,2022-10-14,19450.0,19750.0,19900.0,19300.0
2133,TCB,2022-10-14,25700.0,26500.0,26500.0,25500.0
2134,FPT,2022-10-14,74000.0,74400.0,74500.0,73600.0
2135,POW,2022-10-13,10600.0,10750.0,10750.0,10500.0
2136,FPT,2022-10-13,73000.0,72200.0,73000.0,71500.0
2137,TCB,2022-10-13,25300.0,24800.0,25300.0,24100.0
2138,VHM,2022-10-13,52800.0,52500.0,52800.0,51000.0
2139,HPG,2022-10-13,19500.0,18800.0,19600.0,18550.0
2140,FPT,2022-10-12,72400.0,71000.0,73300.0,71000.0
2141,POW,2022-10-12,10600.0,10300.0,10900.0,10200.0
2142,HPG,2022-10-12,18700.0,17800.0,18700.0,17500.0
2143,TCB,2022-10-12,24800.0,24000.0,25400.0,23550.0
2144,VHM,2022-10-12,52500.0,51800.0,52900.0,50500.0
2145,POW,2022-10-11,10250.0,11000.0,11000.0,10250.0
2146,FPT,2022-10-11,71000.0,74000.0,74000.0,71000.0
2147,HPG,2022-10-11,17500.0,18400.0,18400.0,17350.0
2148,TCB,2022-10-11,24000.0,25800.0,25800.0,24000.0
2149,VHM,2022-10-11,51800.0,52600.0,52600.0,50800.0
2150,FPT,2022-10-10,74000.0,73500.0,75500.0,72100.0
2151,TCB,2022-10-10,25800.0,25800.0,26950.0,25350.0
2152,HPG,2022-10-10,18350.0,17300.0,18600.0,17200.0
2153,POW,2022-10-10,11000.0,10300.0,11100.0,10300.0
2154,VHM,2022-10-10,53900.0,53000.0,53900.0,51800.0
2155,VHM,2022-10-07,53800.0,53600.0,53800.0,50700.0
2156,FPT,2022-10-07,74000.0,76200.0,76200.0,74000.0
2157,POW,2022-10-07,10650.0,11200.0,11500.0,10650.0
2158,HPG,2022-10-07,17600.0,17650.0,17800.0,17050.0
2159,TCB,2022-10-07,27250.0,28900.0,28900.0,27250.0
2160,POW,2022-10-06,11400.0,12150.0,12150.0,11400.0
2161,HPG,2022-10-06,18000.0,19300.0,19300.0,18000.0
2162,TCB,2022-10-06,29300.0,30500.0,30800.0,29300.0
2163,VHM,2022-10-06,53600.0,53600.0,54100.0,52700.0
2164,FPT,2022-10-06,76500.0,78900.0,78900.0,76500.0
2165,FPT,2022-10-05,78400.0,79000.0,79500.0,78400.0
2166,POW,2022-10-05,12100.0,11850.0,12200.0,11750.0
2167,TCB,2022-10-05,30500.0,31000.0,31050.0,30500.0
2168,HPG,2022-10-05,19200.0,19200.0,19350.0,18850.0
2169,VHM,2022-10-05,53800.0,51000.0,53800.0,50900.0
2170,HPG,2022-10-04,18850.0,20100.0,20250.0,18650.0
2171,POW,2022-10-04,11600.0,11800.0,11900.0,11500.0
2172,FPT,2022-10-04,77500.0,78000.0,79000.0,77200.0
2173,VHM,2022-10-04,50600.0,50700.0,50700.0,48300.0
2174,TCB,2022-10-04,30300.0,30800.0,31000.0,30000.0
2175,TCB,2022-10-03,30250.0,32500.0,32600.0,30250.0
2176,POW,2022-10-03,11500.0,12350.0,12400.0,11500.0
2177,HPG,2022-10-03,19750.0,21200.0,21200.0,19750.0
2178,FPT,2022-10-03,77000.0,79600.0,80300.0,76400.0
2179,VHM,2022-10-03,50400.0,50700.0,50800.0,47200.0
2180,TCB,2022-09-30,32500.0,33000.0,33200.0,32200.0
2181,VHM,2022-09-30,50700.0,50000.0,52000.0,48000.0
2182,HPG,2022-09-30,21200.0,21500.0,21650.0,20700.0
2183,FPT,2022-09-30,80500.0,77000.0,80800.0,76900.0
2184,POW,2022-09-30,12350.0,12500.0,12550.0,11950.0
2185,FPT,2022-09-29,77000.0,79800.0,80100.0,77000.0
2186,TCB,2022-09-29,33000.0,33700.0,33700.0,33000.0
2187,POW,2022-09-29,12550.0,13000.0,13100.0,12550.0
2188,VHM,2022-09-29,50800.0,52100.0,52500.0,50700.0
2189,HPG,2022-09-29,21650.0,22150.0,22300.0,21650.0
2190,POW,2022-09-28,12850.0,12950.0,13100.0,12650.0
2191,TCB,2022-09-28,33250.0,33350.0,33700.0,33200.0
2192,VHM,2022-09-28,51200.0,53600.0,54000.0,51000.0
2193,FPT,2022-09-28,78000.0,80100.0,80400.0,78000.0
2194,HPG,2022-09-28,21800.0,22200.0,22450.0,21600.0
2195,HPG,2022-09-27,22400.0,22450.0,22500.0,22100.0
2196,POW,2022-09-27,12950.0,12850.0,13250.0,12750.0
2197,VHM,2022-09-27,54100.0,55900.0,55900.0,54100.0
2198,TCB,2022-09-27,33500.0,33550.0,33900.0,33200.0
2199,FPT,2022-09-27,80500.0,82000.0,82000.0,80500.0
2200,POW,2022-09-26,12800.0,13250.0,13300.0,12650.0
2201,HPG,2022-09-26,22400.0,22450.0,22600.0,21850.0
2202,FPT,2022-09-26,81500.0,81500.0,82000.0,80300.0
2203,TCB,2022-09-26,33250.0,33850.0,33850.0,32950.0
2204,VHM,2022-09-26,55900.0,56500.0,57000.0,55200.0
2205,VHM,2022-09-23,57200.0,57500.0,57700.0,57000.0
2206,TCB,2022-09-23,34200.0,34450.0,34600.0,34050.0
2207,FPT,2022-09-23,82400.0,83100.0,83100.0,82100.0
2208,POW,2022-09-23,13400.0,13700.0,13700.0,13400.0
2209,HPG,2022-09-23,22700.0,23050.0,23200.0,22700.0
2210,FPT,2022-09-22,82900.0,82000.0,83000.0,81900.0
2211,TCB,2022-09-22,34550.0,34300.0,34650.0,34100.0
2212,VHM,2022-09-22,57700.0,57800.0,58000.0,56600.0
2213,HPG,2022-09-22,23000.0,22700.0,23100.0,22650.0
2214,POW,2022-09-22,13650.0,13350.0,13650.0,13200.0
2215,TCB,2022-09-21,34500.0,35000.0,35100.0,34500.0
2216,HPG,2022-09-21,22900.0,22900.0,22950.0,22700.0
2217,VHM,2022-09-21,58300.0,58900.0,58900.0,58000.0
2218,POW,2022-09-21,13450.0,13600.0,13700.0,13450.0
2219,FPT,2022-09-21,82300.0,83300.0,83300.0,82300.0
2220,TCB,2022-09-20,35050.0,35550.0,35550.0,34900.0
2221,VHM,2022-09-20,58900.0,58600.0,59300.0,58600.0
2222,HPG,2022-09-20,23000.0,22800.0,23000.0,22600.0
2223,FPT,2022-09-20,83400.0,83100.0,83800.0,82300.0
2224,POW,2022-09-20,13700.0,13600.0,13800.0,13450.0
2225,FPT,2022-09-19,83100.0,82500.0,83600.0,81900.0
2226,POW,2022-09-19,13500.0,14300.0,14350.0,13400.0
2227,VHM,2022-09-19,58400.0,59600.0,59800.0,58400.0
2228,HPG,2022-09-19,22650.0,23100.0,23250.0,22450.0
2229,TCB,2022-09-19,35050.0,36000.0,36000.0,34850.0
2230,TCB,2022-09-16,36000.0,36400.0,36650.0,36000.0
2231,FPT,2022-09-16,82500.0,83700.0,83900.0,82500.0
2232,POW,2022-09-16,14250.0,14450.0,14750.0,14200.0
2233,HPG,2022-09-16,23000.0,23400.0,23600.0,23000.0
2234,VHM,2022-09-16,59600.0,60000.0,61100.0,59600.0
2235,POW,2022-09-15,14450.0,14200.0,14750.0,14200.0
2236,TCB,2022-09-15,36600.0,37000.0,37050.0,36600.0
2237,VHM,2022-09-15,60500.0,60000.0,60500.0,59800.0
2238,FPT,2022-09-15,83700.0,84500.0,84500.0,83700.0
2239,HPG,2022-09-15,23600.0,23900.0,23900.0,23450.0
2240,HPG,2022-09-14,23700.0,23250.0,23800.0,23250.0
2241,TCB,2022-09-14,36800.0,36500.0,37000.0,36500.0
2242,FPT,2022-09-14,84000.0,83500.0,84500.0,83500.0
2243,POW,2022-09-14,14150.0,13900.0,14400.0,13900.0
2244,VHM,2022-09-14,60000.0,59800.0,60300.0,59700.0
2245,TCB,2022-09-13,37300.0,37400.0,37600.0,37300.0
2246,FPT,2022-09-13,84600.0,85000.0,85300.0,84300.0
2247,HPG,2022-09-13,23700.0,23750.0,24000.0,23500.0
2248,POW,2022-09-13,14150.0,14100.0,14300.0,13950.0
2249,VHM,2022-09-13,60700.0,61500.0,61500.0,60700.0
2250,VHM,2022-09-12,61400.0,60100.0,61800.0,60100.0
2251,POW,2022-09-12,14100.0,14200.0,14450.0,14100.0
2252,HPG,2022-09-12,23800.0,23900.0,24300.0,23800.0
2253,FPT,2022-09-12,84600.0,85100.0,85200.0,84300.0
2254,TCB,2022-09-12,37500.0,37650.0,37800.0,37450.0
2255,VHM,2022-09-09,59900.0,59800.0,60200.0,59500.0
2256,TCB,2022-09-09,37650.0,37700.0,37700.0,37000.0
2257,HPG,2022-09-09,23800.0,23350.0,23800.0,23100.0
2258,FPT,2022-09-09,84300.0,84600.0,85000.0,84300.0
2259,POW,2022-09-09,14050.0,13750.0,14200.0,13700.0
2260,FPT,2022-09-08,84300.0,84100.0,85000.0,83800.0
2261,POW,2022-09-08,13700.0,14150.0,14200.0,13700.0
2262,VHM,2022-09-08,59600.0,59600.0,59800.0,59300.0
2263,HPG,2022-09-08,23100.0,23200.0,23450.0,22900.0
2264,TCB,2022-09-08,37400.0,37750.0,37900.0,37350.0
2265,HPG,2022-09-07,23000.0,23550.0,23800.0,23000.0
2266,FPT,2022-09-07,84000.0,85500.0,85900.0,84000.0
2267,VHM,2022-09-07,59500.0,61000.0,61100.0,59500.0
2268,POW,2022-09-07,14000.0,14300.0,14500.0,14000.0
2269,TCB,2022-09-07,37550.0,38650.0,38700.0,37550.0
2270,POW,2022-09-06,14300.0,14150.0,14700.0,14050.0
2271,TCB,2022-09-06,38650.0,38550.0,39000.0,38550.0
2272,VHM,2022-09-06,61100.0,61200.0,61500.0,61000.0
2273,HPG,2022-09-06,23550.0,24000.0,24200.0,23550.0
2274,FPT,2022-09-06,85800.0,86000.0,86400.0,85800.0
2275,VHM,2022-09-05,61000.0,61200.0,61800.0,61000.0
2276,HPG,2022-09-05,23900.0,23050.0,24100.0,23050.0
2277,TCB,2022-09-05,38600.0,38850.0,38900.0,38550.0
2278,POW,2022-09-05,14000.0,14000.0,14250.0,14000.0
2279,FPT,2022-09-05,86200.0,86500.0,86700.0,85900.0
2280,FPT,2022-08-31,86600.0,85800.0,87000.0,85800.0
2281,TCB,2022-08-31,38950.0,38750.0,39150.0,38650.0
2282,POW,2022-08-31,14000.0,13750.0,14400.0,13750.0
2283,VHM,2022-08-31,61000.0,59900.0,61400.0,59700.0
2284,HPG,2022-08-31,23000.0,23000.0,23150.0,22750.0
2285,TCB,2022-08-30,38750.0,38800.0,39150.0,38750.0
2286,VHM,2022-08-30,59900.0,59700.0,60400.0,59500.0
2287,POW,2022-08-30,13850.0,14200.0,14200.0,13750.0
2288,FPT,2022-08-30,86400.0,86500.0,87000.0,86000.0
2289,HPG,2022-08-30,23050.0,23100.0,23300.0,22950.0
2290,HPG,2022-08-29,23000.0,23050.0,23250.0,22650.0
2291,FPT,2022-08-29,86500.0,87000.0,87000.0,84700.0
2292,POW,2022-08-29,13950.0,14000.0,14200.0,13600.0
2293,VHM,2022-08-29,59700.0,59600.0,59800.0,58900.0
2294,TCB,2022-08-29,38750.0,38800.0,39100.0,38500.0
2295,HPG,2022-08-26,23500.0,24000.0,24000.0,23500.0
2296,TCB,2022-08-26,39500.0,39600.0,39950.0,39500.0
2297,FPT,2022-08-26,87200.0,86400.0,87800.0,86300.0
2298,VHM,2022-08-26,60300.0,61000.0,61400.0,60200.0
2299,POW,2022-08-26,14250.0,14200.0,14550.0,14100.0
2300,TCB,2022-08-25,39550.0,39300.0,39700.0,39300.0
2301,POW,2022-08-25,14100.0,14100.0,14300.0,14000.0
2302,HPG,2022-08-25,23850.0,23750.0,24050.0,23600.0
2303,VHM,2022-08-25,61000.0,59900.0,61200.0,59800.0
2304,FPT,2022-08-25,86300.0,86200.0,86700.0,86000.0
2305,VHM,2022-08-24,59700.0,59600.0,59800.0,59300.0
2306,POW,2022-08-24,14050.0,13900.0,14250.0,13850.0
2307,HPG,2022-08-24,23500.0,23650.0,23750.0,23500.0
2308,TCB,2022-08-24,39250.0,38800.0,39750.0,38800.0
2309,FPT,2022-08-24,86200.0,86500.0,86800.0,86100.0
2310,FPT,2022-08-23,87000.0,86100.0,87000.0,86100.0
2311,HPG,2022-08-23,23650.0,23100.0,23650.0,23100.0
2312,TCB,2022-08-23,38800.0,38650.0,38800.0,38350.0
2313,POW,2022-08-23,13900.0,13650.0,13900.0,13600.0
2314,VHM,2022-08-23,59500.0,59200.0,59700.0,59100.0
2315,FPT,2022-08-22,86800.0,86600.0,87300.0,85900.0
2316,HPG,2022-08-22,23350.0,23650.0,23750.0,23150.0
2317,VHM,2022-08-22,59400.0,59900.0,60400.0,59100.0
2318,TCB,2022-08-22,38700.0,38850.0,39100.0,38550.0
2319,POW,2022-08-22,13650.0,13600.0,13750.0,13500.0
2320,TCB,2022-08-19,39000.0,39050.0,39200.0,38950.0
2321,POW,2022-08-19,13600.0,13800.0,13950.0,13500.0
2322,VHM,2022-08-19,60100.0,61000.0,61100.0,59500.0
2323,HPG,2022-08-19,23750.0,24100.0,24250.0,23650.0
2324,FPT,2022-08-19,86900.0,88000.0,88500.0,86200.0
2325,TCB,2022-08-18,39100.0,39100.0,39500.0,38950.0
2326,POW,2022-08-18,13800.0,13850.0,13950.0,13750.0
2327,FPT,2022-08-18,88300.0,87900.0,89700.0,87900.0
2328,VHM,2022-08-18,61100.0,61300.0,61800.0,61100.0
2329,HPG,2022-08-18,24150.0,24100.0,24350.0,24050.0
2330,HPG,2022-08-17,24300.0,24600.0,24650.0,24150.0
2331,TCB,2022-08-17,39300.0,39050.0,39350.0,39000.0
2332,VHM,2022-08-17,61300.0,61500.0,61800.0,61300.0
2333,FPT,2022-08-17,88300.0,89000.0,89100.0,88000.0
2334,POW,2022-08-17,13950.0,14200.0,14250.0,13900.0
2335,HPG,2022-08-16,24550.0,24000.0,24700.0,24000.0
2336,POW,2022-08-16,14100.0,14150.0,14250.0,13950.0
2337,TCB,2022-08-16,39000.0,39050.0,39200.0,38950.0
2338,VHM,2022-08-16,61300.0,61500.0,61800.0,61100.0
2339,FPT,2022-08-16,88700.0,88900.0,89400.0,88100.0
2340,HPG,2022-08-15,24000.0,24100.0,24200.0,23800.0
2341,TCB,2022-08-15,39100.0,39000.0,39350.0,38850.0
2342,VHM,2022-08-15,61500.0,61500.0,62300.0,61300.0
2343,FPT,2022-08-15,88900.0,86600.0,89100.0,86600.0
2344,POW,2022-08-15,14000.0,14100.0,14350.0,13950.0
2345,POW,2022-08-12,14000.0,13800.0,14100.0,13700.0
2346,FPT,2022-08-12,86500.0,85700.0,86500.0,85700.0
2347,TCB,2022-08-12,38800.0,38500.0,38800.0,38250.0
2348,VHM,2022-08-12,61200.0,61400.0,61500.0,61100.0
2349,HPG,2022-08-12,23950.0,23300.0,24050.0,23250.0
2350,POW,2022-08-11,13800.0,14100.0,14150.0,13700.0
2351,TCB,2022-08-11,38500.0,39100.0,39300.0,38350.0
2352,HPG,2022-08-11,23400.0,24050.0,24150.0,23300.0
2353,FPT,2022-08-11,86000.0,86200.0,86800.0,85700.0
2354,VHM,2022-08-11,61400.0,61900.0,61900.0,61000.0
2355,HPG,2022-08-10,23800.0,24000.0,24400.0,23800.0
2356,POW,2022-08-10,13950.0,14000.0,14150.0,13850.0
2357,TCB,2022-08-10,38800.0,38850.0,39050.0,38700.0
2358,VHM,2022-08-10,61300.0,61000.0,62300.0,60800.0
2359,FPT,2022-08-10,86000.0,86300.0,86700.0,86000.0
2360,TCB,2022-08-09,39150.0,39400.0,39650.0,39000.0
2361,HPG,2022-08-09,24100.0,23900.0,24300.0,23650.0
2362,VHM,2022-08-09,60900.0,61700.0,61900.0,60900.0
2363,FPT,2022-08-09,86200.0,86000.0,87500.0,85700.0
2364,POW,2022-08-09,14050.0,14050.0,14350.0,13950.0
2365,VHM,2022-08-08,61500.0,61500.0,61900.0,61500.0
2366,FPT,2022-08-08,86000.0,85900.0,86400.0,85300.0
2367,POW,2022-08-08,14000.0,14100.0,14250.0,13950.0
2368,TCB,2022-08-08,39200.0,38500.0,39650.0,38500.0
2369,HPG,2022-08-08,23600.0,23400.0,23900.0,23300.0
2370,VHM,2022-08-05,61800.0,62700.0,62700.0,61600.0
2371,FPT,2022-08-05,85800.0,86100.0,87200.0,85600.0
2372,POW,2022-08-05,14000.0,13550.0,14150.0,13450.0
2373,HPG,2022-08-05,23300.0,23400.0,23650.0,23150.0
2374,TCB,2022-08-05,38400.0,38400.0,38800.0,38300.0
2375,HPG,2022-08-04,23650.0,23900.0,23950.0,23500.0
2376,POW,2022-08-04,13600.0,13800.0,13800.0,13550.0
2377,TCB,2022-08-04,38400.0,38250.0,38850.0,38200.0
2378,VHM,2022-08-04,63000.0,62000.0,63100.0,62000.0
2379,FPT,2022-08-04,86100.0,85100.0,86600.0,84900.0
2380,FPT,2022-08-03,84800.0,85000.0,85200.0,84200.0
2381,POW,2022-08-03,13700.0,13700.0,13900.0,13550.0
2382,VHM,2022-08-03,61900.0,62000.0,62700.0,61400.0
2383,HPG,2022-08-03,23750.0,22700.0,23850.0,22600.0
2384,TCB,2022-08-03,38150.0,38300.0,38400.0,37850.0
2385,FPT,2022-08-02,85000.0,84000.0,85100.0,83500.0
2386,TCB,2022-08-02,38300.0,38400.0,38600.0,38050.0
2387,POW,2022-08-02,13750.0,13550.0,13900.0,13450.0
2388,HPG,2022-08-02,22900.0,22900.0,23150.0,22700.0
2389,VHM,2022-08-02,62500.0,59800.0,62800.0,59400.0
2390,FPT,2022-08-01,84000.0,84000.0,84200.0,83100.0
2391,POW,2022-08-01,13500.0,13350.0,13550.0,13300.0
2392,HPG,2022-08-01,22800.0,21700.0,22850.0,21600.0
2393,VHM,2022-08-01,60000.0,59800.0,60000.0,59000.0
2394,TCB,2022-08-01,38600.0,37850.0,38800.0,37600.0
2395,FPT,2022-07-29,83500.0,85100.0,85200.0,83500.0
2396,HPG,2022-07-29,21500.0,21600.0,21950.0,21500.0
2397,POW,2022-07-29,13350.0,13550.0,13700.0,13350.0
2398,TCB,2022-07-29,37900.0,37500.0,37900.0,37150.0
2399,VHM,2022-07-29,59900.0,58900.0,60500.0,58800.0
2400,VHM,2022-07-28,58800.0,59000.0,59100.0,58500.0
2401,FPT,2022-07-28,84900.0,85200.0,85800.0,83100.0
2402,HPG,2022-07-28,21400.0,21500.0,21700.0,21250.0
2403,POW,2022-07-28,13550.0,13250.0,13700.0,13150.0
2404,TCB,2022-07-28,37300.0,36900.0,37500.0,36800.0
2405,HPG,2022-07-27,21250.0,21450.0,21500.0,21050.0
2406,POW,2022-07-27,13100.0,13000.0,13100.0,12850.0
2407,VHM,2022-07-27,58600.0,58500.0,58800.0,58500.0
2408,TCB,2022-07-27,36600.0,36400.0,36600.0,36400.0
2409,FPT,2022-07-27,85200.0,84600.0,85200.0,84400.0
2410,VHM,2022-07-26,58700.0,59000.0,59300.0,58500.0
2411,FPT,2022-07-26,84800.0,86000.0,86000.0,84800.0
2412,HPG,2022-07-26,21650.0,21800.0,22000.0,21600.0
2413,POW,2022-07-26,13000.0,13150.0,13250.0,13000.0
2414,TCB,2022-07-26,36600.0,36800.0,37050.0,36550.0
2415,FPT,2022-07-25,85400.0,87000.0,87000.0,85100.0
2416,POW,2022-07-25,13150.0,13100.0,13300.0,13050.0
2417,TCB,2022-07-25,36800.0,36850.0,37100.0,36750.0
2418,HPG,2022-07-25,21900.0,22200.0,22300.0,21800.0
2419,VHM,2022-07-25,58900.0,58500.0,59100.0,58500.0
2420,TCB,2022-07-22,37100.0,37300.0,37900.0,37050.0
2421,POW,2022-07-22,13150.0,13400.0,13450.0,13050.0
2422,HPG,2022-07-22,22200.0,22700.0,22800.0,22200.0
2423,FPT,2022-07-22,85100.0,86400.0,86500.0,85100.0
2424,VHM,2022-07-22,58700.0,58900.0,59000.0,58500.0
2425,TCB,2022-07-21,36850.0,36600.0,36900.0,36300.0
2426,FPT,2022-07-21,85000.0,85900.0,85900.0,84500.0
2427,HPG,2022-07-21,22700.0,22350.0,23000.0,22300.0
2428,POW,2022-07-21,13350.0,13500.0,13550.0,13250.0
2429,VHM,2022-07-21,58900.0,59600.0,59700.0,58900.0
2430,FPT,2022-07-20,84900.0,85000.0,85900.0,84000.0
2431,TCB,2022-07-20,36300.0,36500.0,36600.0,36200.0
2432,VHM,2022-07-20,59700.0,59000.0,59700.0,58500.0
2433,POW,2022-07-20,13500.0,13650.0,13750.0,13400.0
2434,HPG,2022-07-20,22350.0,22350.0,22750.0,22300.0
2435,POW,2022-07-19,13450.0,13350.0,13600.0,13200.0
2436,FPT,2022-07-19,83000.0,82900.0,83000.0,82200.0
2437,TCB,2022-07-19,36100.0,36250.0,36300.0,35750.0
2438,HPG,2022-07-19,22150.0,22500.0,22600.0,22100.0
2439,VHM,2022-07-19,58800.0,58600.0,59100.0,58600.0
2440,HPG,2022-07-18,22600.0,23200.0,23300.0,22500.0
2441,POW,2022-07-18,13100.0,13050.0,13400.0,13000.0
2442,FPT,2022-07-18,83000.0,82800.0,84500.0,82300.0
2443,VHM,2022-07-18,59000.0,60000.0,60000.0,59000.0
2444,TCB,2022-07-18,36300.0,36300.0,36850.0,36100.0
2445,FPT,2022-07-15,82200.0,84000.0,84000.0,82200.0
2446,TCB,2022-07-15,36100.0,36100.0,36550.0,36100.0
2447,POW,2022-07-15,13000.0,13250.0,13300.0,13000.0
2448,HPG,2022-07-15,23200.0,22350.0,23500.0,22350.0
2449,VHM,2022-07-15,60000.0,59500.0,60200.0,59400.0
2450,VHM,2022-07-14,60100.0,60100.0,60300.0,59200.0
2451,TCB,2022-07-14,35950.0,35900.0,36300.0,35850.0
2452,HPG,2022-07-14,22200.0,22200.0,22400.0,22100.0
2453,POW,2022-07-14,13100.0,12850.0,13100.0,12850.0
2454,FPT,2022-07-14,82800.0,82800.0,83500.0,82200.0
2455,TCB,2022-07-13,36100.0,36150.0,36800.0,36000.0
2456,POW,2022-07-13,13000.0,12950.0,13250.0,12900.0
2457,HPG,2022-07-13,22300.0,22200.0,22800.0,22150.0
2458,FPT,2022-07-13,82500.0,84000.0,84000.0,82500.0
2459,VHM,2022-07-13,60100.0,60000.0,60500.0,59000.0
2460,TCB,2022-07-12,36100.0,35800.0,36100.0,35650.0
2461,FPT,2022-07-12,83500.0,82800.0,83500.0,82700.0
2462,POW,2022-07-12,12950.0,12500.0,13100.0,12500.0
2463,HPG,2022-07-12,22300.0,22050.0,22500.0,21950.0
2464,VHM,2022-07-12,60200.0,59500.0,60500.0,59100.0
2465,VHM,2022-07-11,60500.0,59100.0,60500.0,58400.0
2466,HPG,2022-07-11,22050.0,22400.0,22650.0,21950.0
2467,TCB,2022-07-11,35600.0,37050.0,37300.0,35500.0
2468,POW,2022-07-11,12500.0,12950.0,13000.0,12350.0
2469,FPT,2022-07-11,82800.0,84600.0,84600.0,82800.0
2470,TCB,2022-07-08,37550.0,37950.0,38000.0,37350.0
2471,HPG,2022-07-08,22450.0,22000.0,22550.0,22000.0
2472,FPT,2022-07-08,83600.0,83900.0,84000.0,83100.0
2473,POW,2022-07-08,13000.0,12950.0,13150.0,12900.0
2474,VHM,2022-07-08,61000.0,61300.0,61300.0,59500.0
2475,HPG,2022-07-07,21750.0,21450.0,21750.0,21400.0
2476,VHM,2022-07-07,61000.0,59000.0,61000.0,58300.0
2477,FPT,2022-07-07,83100.0,83900.0,84600.0,83100.0
2478,POW,2022-07-07,12800.0,12800.0,13000.0,12650.0
2479,TCB,2022-07-07,37800.0,37450.0,38000.0,37000.0
2480,TCB,2022-07-06,37600.0,37500.0,38400.0,37200.0
2481,HPG,2022-07-06,21450.0,21700.0,22250.0,21300.0
2482,FPT,2022-07-06,83500.0,84100.0,85900.0,83500.0
2483,VHM,2022-07-06,59100.0,60200.0,60500.0,58400.0
2484,POW,2022-07-06,12800.0,12800.0,13300.0,12800.0
2485,TCB,2022-07-05,37750.0,36600.0,38250.0,36350.0
2486,POW,2022-07-05,13000.0,13500.0,13600.0,12800.0
2487,HPG,2022-07-05,21900.0,22100.0,22350.0,21750.0
2488,VHM,2022-07-05,60500.0,61100.0,61500.0,60400.0
2489,FPT,2022-07-05,85400.0,87800.0,87800.0,85400.0
2490,HPG,2022-07-04,22000.0,22650.0,22650.0,22000.0
2491,FPT,2022-07-04,86700.0,88500.0,88500.0,86000.0
2492,TCB,2022-07-04,36350.0,36250.0,36700.0,36050.0
2493,VHM,2022-07-04,61000.0,62000.0,62000.0,61000.0
2494,POW,2022-07-04,13500.0,13800.0,13850.0,13400.0
2495,TCB,2022-07-01,36000.0,35600.0,36250.0,34850.0
2496,VHM,2022-07-01,61400.0,62200.0,63500.0,61400.0
2497,HPG,2022-07-01,22400.0,22300.0,22600.0,21550.0
2498,FPT,2022-07-01,88000.0,87000.0,88800.0,84800.0
2499,POW,2022-07-01,13600.0,13650.0,13850.0,13000.0
2500,TCB,2022-06-30,35550.0,36550.0,37100.0,35550.0
2501,POW,2022-06-30,13600.0,13900.0,14300.0,13600.0
2502,FPT,2022-06-30,86200.0,89500.0,89900.0,86200.0
2503,HPG,2022-06-30,22300.0,22900.0,23400.0,22300.0
2504,VHM,2022-06-30,62100.0,63300.0,63800.0,62100.0
2505,POW,2022-06-29,13750.0,13800.0,14050.0,13650.0
2506,FPT,2022-06-29,90000.0,88900.0,90000.0,88200.0
2507,HPG,2022-06-29,22750.0,22300.0,23150.0,22100.0
2508,VHM,2022-06-29,63300.0,63600.0,64000.0,63100.0
2509,TCB,2022-06-29,36750.0,36200.0,37150.0,36200.0
2510,HPG,2022-06-28,22500.0,22850.0,22850.0,22250.0
2511,FPT,2022-06-28,89700.0,89500.0,90200.0,87200.0
2512,POW,2022-06-28,13900.0,13850.0,14400.0,13750.0
2513,TCB,2022-06-28,36700.0,35500.0,36950.0,35350.0
2514,VHM,2022-06-28,63800.0,63500.0,64100.0,63500.0
2515,FPT,2022-06-27,86500.0,86400.0,87900.0,85900.0
2516,VHM,2022-06-27,63500.0,63200.0,64900.0,63200.0
2517,POW,2022-06-27,13850.0,13650.0,14100.0,13500.0
2518,HPG,2022-06-27,22900.0,22000.0,22900.0,21350.0
2519,TCB,2022-06-27,35550.0,35550.0,35950.0,35500.0
2520,POW,2022-06-24,13550.0,14050.0,14050.0,13550.0
2521,TCB,2022-06-24,35500.0,35950.0,36100.0,35500.0
2522,FPT,2022-06-24,85500.0,86100.0,87800.0,85500.0
2523,HPG,2022-06-24,21800.0,21850.0,22500.0,21700.0
2524,VHM,2022-06-24,63200.0,63300.0,63800.0,63100.0
2525,POW,2022-06-23,13900.0,12600.0,13900.0,12600.0
2526,VHM,2022-06-23,63200.0,63900.0,64200.0,63000.0
2527,TCB,2022-06-23,35950.0,34800.0,36400.0,34550.0
2528,HPG,2022-06-23,21800.0,21500.0,21850.0,21500.0
2529,FPT,2022-06-23,85500.0,84000.0,86800.0,83700.0
2530,TCB,2022-06-22,34800.0,33750.0,35300.0,33450.0
2531,FPT,2022-06-22,84500.0,89800.0,90400.0,84400.0
2532,HPG,2022-06-22,21500.0,20850.0,22000.0,20850.0
2533,POW,2022-06-22,13000.0,13800.0,14050.0,13000.0
2534,VHM,2022-06-22,64800.0,64500.0,65000.0,63500.0
2535,POW,2022-06-21,13950.0,14800.0,15150.0,13950.0
2536,TCB,2022-06-21,33000.0,33100.0,33800.0,32800.0
2537,VHM,2022-06-21,65000.0,64700.0,65000.0,63800.0
2538,FPT,2022-06-21,89100.0,92400.0,93500.0,89000.0
2539,HPG,2022-06-21,20800.0,21350.0,21500.0,20500.0
2540,VHM,2022-06-20,65000.0,65900.0,66000.0,64700.0
2541,FPT,2022-06-20,92000.0,93500.0,94500.0,91300.0
2542,TCB,2022-06-20,33000.0,34500.0,35200.0,33000.0
2543,HPG,2022-06-20,21600.0,22750.0,23000.0,21600.0
2544,POW,2022-06-20,15000.0,16200.0,16400.0,15000.0
2545,POW,2022-06-17,16100.0,15000.0,16350.0,14950.0
2546,HPG,2022-06-17,23200.0,23450.0,23500.0,21950.0
2547,FPT,2022-06-17,92000.0,90300.0,92600.0,89000.0
2548,VHM,2022-06-17,66000.0,64800.0,66000.0,63800.0
2549,TCB,2022-06-17,34500.0,35050.0,35400.0,33850.0
2550,VHM,2022-06-16,66000.0,65900.0,66700.0,65600.0
2551,HPG,2022-06-16,31000.0,30150.0,31350.0,29900.0
2552,POW,2022-06-16,15400.0,14800.0,15500.0,14300.0
2553,FPT,2022-06-16,92000.0,91000.0,93800.0,90200.0
2554,TCB,2022-06-16,36050.0,35900.0,36500.0,35600.0
2555,VHM,2022-06-15,65900.0,66000.0,66300.0,64700.0
2556,TCB,2022-06-15,35700.0,35700.0,36150.0,35050.0
2557,POW,2022-06-15,14500.0,15250.0,15450.0,14200.0
2558,FPT,2022-06-15,90500.0,90600.0,90600.0,88000.0
2559,HPG,2022-06-15,29400.0,30100.0,30900.0,28850.0
2560,HPG,2022-06-14,30300.0,31500.0,31550.0,30200.0
2561,FPT,2022-06-14,89100.0,86000.0,89900.0,85500.0
2562,VHM,2022-06-14,66000.0,65600.0,66000.0,64700.0
2563,POW,2022-06-14,15250.0,15200.0,15700.0,14800.0
2564,TCB,2022-06-14,35750.0,35300.0,36300.0,35200.0
2565,VHM,2022-06-13,66000.0,66500.0,67000.0,65200.0
2566,TCB,2022-06-13,36000.0,37000.0,37250.0,35950.0
2567,POW,2022-06-13,15250.0,14600.0,15800.0,14550.0
2568,HPG,2022-06-13,31800.0,33000.0,33500.0,31700.0
2569,FPT,2022-06-13,86200.0,88000.0,90800.0,86000.0
2570,HPG,2022-06-10,33600.0,33800.0,34250.0,33600.0
2571,POW,2022-06-10,15000.0,15550.0,15950.0,14850.0
2572,FPT,2022-06-10,110000.0,113400.0,114700.0,110000.0
2573,TCB,2022-06-10,37950.0,37000.0,38900.0,36950.0
2574,VHM,2022-06-10,68300.0,67200.0,68300.0,67200.0
2575,HPG,2022-06-09,33800.0,32900.0,34550.0,32750.0
2576,TCB,2022-06-09,37400.0,37250.0,37550.0,37050.0
2577,POW,2022-06-09,15900.0,15100.0,15900.0,15100.0
2578,FPT,2022-06-09,115300.0,115500.0,115900.0,113300.0
2579,VHM,2022-06-09,68300.0,68700.0,68700.0,67500.0
2580,HPG,2022-06-08,32900.0,33300.0,33450.0,32750.0
2581,POW,2022-06-08,15400.0,15300.0,15750.0,15100.0
2582,VHM,2022-06-08,68500.0,68500.0,69200.0,68000.0
2583,FPT,2022-06-08,115000.0,116300.0,117600.0,114500.0
2584,TCB,2022-06-08,37250.0,36300.0,37450.0,36150.0
2585,HPG,2022-06-07,33200.0,33300.0,33550.0,32650.0
2586,TCB,2022-06-07,36200.0,36000.0,36200.0,35000.0
2587,POW,2022-06-07,14750.0,13800.0,14750.0,13700.0
2588,VHM,2022-06-07,68500.0,69000.0,69000.0,67800.0
2589,FPT,2022-06-07,115600.0,112700.0,115600.0,108600.0
2590,VHM,2022-06-06,69300.0,69400.0,69500.0,68200.0
2591,HPG,2022-06-06,33300.0,34150.0,34250.0,33100.0
2592,TCB,2022-06-06,36050.0,36450.0,36800.0,36000.0
2593,FPT,2022-06-06,113000.0,114000.0,116000.0,112000.0
2594,POW,2022-06-06,13800.0,13500.0,14200.0,13200.0
2595,POW,2022-06-03,13500.0,13500.0,13650.0,13250.0
2596,VHM,2022-06-03,69400.0,68600.0,69400.0,68000.0
2597,FPT,2022-06-03,114000.0,111500.0,114000.0,110900.0
2598,TCB,2022-06-03,36450.0,36350.0,36850.0,36050.0
2599,HPG,2022-06-03,33400.0,33300.0,34000.0,33250.0
2600,FPT,2022-06-02,111500.0,112800.0,114800.0,111100.0
2601,TCB,2022-06-02,36400.0,36900.0,37000.0,36000.0
2602,POW,2022-06-02,13550.0,14000.0,14100.0,13500.0
2603,HPG,2022-06-02,33150.0,34000.0,34300.0,33050.0
2604,VHM,2022-06-02,69500.0,70100.0,70100.0,68600.0
2605,VHM,2022-06-01,70300.0,69600.0,70300.0,69000.0
2606,FPT,2022-06-01,111800.0,109900.0,112900.0,109800.0
2607,TCB,2022-06-01,36850.0,37000.0,37700.0,36650.0
2608,POW,2022-06-01,13950.0,13550.0,14200.0,13450.0
2609,HPG,2022-06-01,34350.0,34500.0,34800.0,33800.0
2610,POW,2022-05-31,13550.0,13400.0,13600.0,13300.0
2611,HPG,2022-05-31,34700.0,35350.0,35350.0,34500.0
2612,VHM,2022-05-31,69600.0,68700.0,69900.0,68500.0
2613,TCB,2022-05-31,37150.0,37450.0,37600.0,37150.0
2614,FPT,2022-05-31,109900.0,111300.0,111300.0,107500.0
2615,HPG,2022-05-30,35450.0,35500.0,35850.0,35300.0
2616,POW,2022-05-30,13450.0,13450.0,13600.0,13350.0
2617,FPT,2022-05-30,111300.0,111100.0,112400.0,109200.0
2618,TCB,2022-05-30,37750.0,38000.0,38000.0,37450.0
2619,VHM,2022-05-30,70500.0,70000.0,70500.0,68800.0
2620,FPT,2022-05-27,111800.0,105600.0,112000.0,105500.0
2621,TCB,2022-05-27,37450.0,36900.0,37450.0,36850.0
2622,POW,2022-05-27,13350.0,13200.0,13600.0,13100.0
2623,HPG,2022-05-27,35450.0,35000.0,35900.0,34800.0
2624,VHM,2022-05-27,69700.0,69000.0,69700.0,68500.0
2625,VHM,2022-05-26,68700.0,67900.0,69600.0,67900.0
2626,FPT,2022-05-26,105600.0,105200.0,107100.0,104600.0
2627,TCB,2022-05-26,36700.0,36700.0,37250.0,36550.0
2628,HPG,2022-05-26,35000.0,35000.0,35600.0,34550.0
2629,POW,2022-05-26,13150.0,13500.0,13500.0,13100.0
2630,VHM,2022-05-25,67900.0,66800.0,67900.0,66300.0
2631,FPT,2022-05-25,105000.0,99500.0,105000.0,98700.0
2632,POW,2022-05-25,13400.0,12900.0,13450.0,12850.0
2633,TCB,2022-05-25,36500.0,35850.0,36650.0,35500.0
2634,HPG,2022-05-25,34450.0,34500.0,34950.0,33050.0
2635,VHM,2022-05-24,66900.0,65800.0,66900.0,65700.0
2636,HPG,2022-05-24,34900.0,36750.0,37000.0,34200.0
2637,TCB,2022-05-24,35250.0,34800.0,35250.0,34400.0
2638,POW,2022-05-24,12850.0,12750.0,12850.0,12300.0
2639,FPT,2022-05-24,98200.0,96500.0,98200.0,96000.0
2640,HPG,2022-05-23,36750.0,37950.0,38200.0,36300.0
2641,POW,2022-05-23,12750.0,13000.0,13150.0,12550.0
2642,FPT,2022-05-23,96500.0,98200.0,98200.0,96100.0
2643,TCB,2022-05-23,34850.0,35800.0,36200.0,34850.0
2644,VHM,2022-05-23,66700.0,66700.0,67400.0,65300.0
2645,POW,2022-05-20,12800.0,12950.0,13200.0,12700.0
2646,FPT,2022-05-20,97500.0,97700.0,98900.0,97000.0
2647,VHM,2022-05-20,66800.0,67100.0,67400.0,66000.0
2648,TCB,2022-05-20,35700.0,35800.0,36450.0,35350.0
2649,HPG,2022-05-20,37650.0,37700.0,37800.0,37250.0
2650,TCB,2022-05-19,35800.0,35400.0,36400.0,35200.0
2651,VHM,2022-05-19,67000.0,65000.0,67700.0,65000.0
2652,FPT,2022-05-19,97000.0,95100.0,97700.0,95100.0
2653,POW,2022-05-19,12800.0,12200.0,13000.0,12200.0
2654,HPG,2022-05-19,37900.0,37300.0,38100.0,36850.0
2655,POW,2022-05-18,12650.0,12700.0,12900.0,12500.0
2656,TCB,2022-05-18,36050.0,35700.0,36900.0,35350.0
2657,FPT,2022-05-18,97700.0,99700.0,100100.0,97500.0
2658,VHM,2022-05-18,66900.0,66900.0,66900.0,65300.0
2659,HPG,2022-05-18,38200.0,38400.0,38700.0,37850.0
2660,HPG,2022-05-17,38200.0,36200.0,38200.0,36000.0
2661,TCB,2022-05-17,34850.0,32600.0,34850.0,32550.0
2662,VHM,2022-05-17,66900.0,65200.0,66900.0,63300.0
2663,POW,2022-05-17,12400.0,11650.0,12400.0,11600.0
2664,FPT,2022-05-17,99700.0,93000.0,99700.0,92500.0
2665,POW,2022-05-16,11600.0,12000.0,12250.0,11550.0
2666,HPG,2022-05-16,36300.0,37050.0,37500.0,36300.0
2667,TCB,2022-05-16,32600.0,35100.0,35800.0,32600.0
2668,FPT,2022-05-16,93200.0,97500.0,97500.0,93200.0
2669,VHM,2022-05-16,65800.0,68000.0,68100.0,64500.0
2670,POW,2022-05-13,11450.0,12350.0,12550.0,11450.0
2671,HPG,2022-05-13,35900.0,38150.0,38550.0,35750.0
2672,FPT,2022-05-13,93600.0,96100.0,99000.0,93100.0
2673,VHM,2022-05-13,68000.0,68900.0,68900.0,64500.0
2674,TCB,2022-05-13,33800.0,36300.0,36800.0,33800.0
2675,VHM,2022-05-12,68900.0,69200.0,69900.0,67000.0
2676,HPG,2022-05-12,38250.0,40600.0,40650.0,38250.0
2677,TCB,2022-05-12,36300.0,39000.0,39000.0,36300.0
2678,POW,2022-05-12,12300.0,13150.0,13250.0,12300.0
2679,FPT,2022-05-12,95600.0,99300.0,101900.0,95000.0
2680,HPG,2022-05-11,40650.0,41000.0,41300.0,40550.0
2681,VHM,2022-05-11,70500.0,69000.0,71200.0,68600.0
2682,POW,2022-05-11,13200.0,13400.0,13500.0,13050.0
2683,TCB,2022-05-11,39000.0,39000.0,39450.0,38450.0
2684,FPT,2022-05-11,101900.0,98000.0,101900.0,96800.0
2685,VHM,2022-05-10,69900.0,66900.0,69900.0,65000.0
2686,POW,2022-05-10,13300.0,12300.0,13300.0,12250.0
2687,TCB,2022-05-10,38700.0,37450.0,38850.0,37450.0
2688,FPT,2022-05-10,98400.0,94000.0,98800.0,92000.0
2689,HPG,2022-05-10,41100.0,39500.0,41100.0,38700.0
2690,POW,2022-05-09,12950.0,13600.0,13850.0,12950.0
2691,VHM,2022-05-09,68000.0,67900.0,68500.0,66400.0
2692,HPG,2022-05-09,39950.0,41500.0,41900.0,39950.0
2693,FPT,2022-05-09,94000.0,98300.0,99000.0,94000.0
2694,TCB,2022-05-09,38600.0,41200.0,41400.0,38600.0
2695,HPG,2022-05-06,41800.0,41400.0,43000.0,41400.0
2696,POW,2022-05-06,13900.0,13800.0,14450.0,13750.0
2697,TCB,2022-05-06,41500.0,41700.0,42300.0,41500.0
2698,VHM,2022-05-06,68700.0,67000.0,68800.0,66700.0
2699,FPT,2022-05-06,100200.0,102300.0,104000.0,100200.0
2700,TCB,2022-05-05,42600.0,42850.0,42850.0,41400.0
2701,FPT,2022-05-05,104700.0,104600.0,105500.0,101900.0
2702,HPG,2022-05-05,42050.0,42600.0,42600.0,41500.0
2703,VHM,2022-05-05,68800.0,64600.0,68800.0,64400.0
2704,POW,2022-05-05,14150.0,14450.0,14500.0,13900.0
2705,VHM,2022-05-04,64500.0,65000.0,65200.0,63500.0
2706,FPT,2022-05-04,104500.0,104900.0,105900.0,104100.0
2707,HPG,2022-05-04,42000.0,43300.0,43300.0,42000.0
2708,POW,2022-05-04,14050.0,13550.0,14050.0,13450.0
2709,TCB,2022-05-04,42000.0,43500.0,43650.0,42000.0
2710,FPT,2022-04-29,105000.0,105000.0,107100.0,104200.0
2711,HPG,2022-04-29,43300.0,42900.0,43400.0,42850.0
2712,POW,2022-04-29,13150.0,12800.0,13350.0,12700.0
2713,VHM,2022-04-29,65000.0,63100.0,65000.0,63000.0
2714,TCB,2022-04-29,44000.0,42300.0,44000.0,42200.0
2715,FPT,2022-04-28,105500.0,102900.0,106800.0,102500.0
2716,TCB,2022-04-28,42300.0,41650.0,42800.0,41650.0
2717,VHM,2022-04-28,64500.0,64900.0,64900.0,62600.0
2718,POW,2022-04-28,12800.0,12950.0,13150.0,12800.0
2719,HPG,2022-04-28,43100.0,42500.0,43450.0,42500.0
2720,TCB,2022-04-27,41600.0,41500.0,42200.0,40900.0
2721,HPG,2022-04-27,42500.0,41200.0,42900.0,41100.0
2722,FPT,2022-04-27,103000.0,102500.0,104000.0,100500.0
2723,POW,2022-04-27,12950.0,12850.0,13150.0,12700.0
2724,VHM,2022-04-27,65000.0,64300.0,65000.0,62700.0
2725,POW,2022-04-26,13000.0,12000.0,13000.0,11650.0
2726,VHM,2022-04-26,65000.0,61300.0,65000.0,59200.0
2727,TCB,2022-04-26,41500.0,40600.0,42000.0,38850.0
2728,FPT,2022-04-26,104300.0,100200.0,105000.0,97000.0
2729,HPG,2022-04-26,41200.0,40150.0,41400.0,39600.0
2730,FPT,2022-04-25,103400.0,110100.0,110900.0,103400.0
2731,POW,2022-04-25,12450.0,13450.0,13500.0,12450.0
2732,HPG,2022-04-25,40750.0,43800.0,43800.0,40750.0
2733,TCB,2022-04-25,41050.0,44200.0,44300.0,41050.0
2734,VHM,2022-04-25,63000.0,65000.0,65100.0,60200.0
2735,TCB,2022-04-22,44100.0,44000.0,44750.0,43550.0
2736,POW,2022-04-22,13350.0,13500.0,13750.0,12950.0
2737,VHM,2022-04-22,64700.0,64700.0,65800.0,63900.0
2738,HPG,2022-04-22,43800.0,44000.0,44050.0,42350.0
2739,FPT,2022-04-22,111100.0,112500.0,113900.0,106000.0
2740,HPG,2022-04-21,43350.0,43000.0,44100.0,42100.0
2741,VHM,2022-04-21,64000.0,66500.0,67000.0,64000.0
2742,POW,2022-04-21,13300.0,13000.0,13550.0,12550.0
2743,TCB,2022-04-21,43600.0,43000.0,44000.0,42900.0
2744,FPT,2022-04-21,112000.0,111200.0,115900.0,111200.0
2745,TCB,2022-04-20,43050.0,43700.0,44200.0,43050.0
2746,VHM,2022-04-20,66800.0,68500.0,68600.0,65700.0
2747,POW,2022-04-20,13050.0,13500.0,13800.0,13000.0
2748,HPG,2022-04-20,43200.0,43500.0,44000.0,43100.0
2749,FPT,2022-04-20,112000.0,112000.0,113000.0,109600.0
2750,HPG,2022-04-19,43300.0,43000.0,43900.0,42900.0
2751,FPT,2022-04-19,112000.0,116500.0,117000.0,112000.0
2752,VHM,2022-04-19,68900.0,69200.0,70500.0,68400.0
2753,POW,2022-04-19,13500.0,14500.0,14750.0,13500.0
2754,TCB,2022-04-19,43700.0,45000.0,45450.0,43500.0
2755,TCB,2022-04-18,44850.0,46000.0,46250.0,44800.0
2756,HPG,2022-04-18,42650.0,44050.0,44550.0,42650.0
2757,FPT,2022-04-18,115500.0,115000.0,118600.0,114000.0
2758,VHM,2022-04-18,69800.0,70100.0,70800.0,68100.0
2759,POW,2022-04-18,14500.0,14700.0,15050.0,14400.0
2760,FPT,2022-04-15,115000.0,115100.0,117900.0,114000.0
2761,HPG,2022-04-15,44200.0,44900.0,45000.0,44150.0
2762,VHM,2022-04-15,71100.0,72300.0,72400.0,70700.0
2763,TCB,2022-04-15,45600.0,47300.0,47300.0,45600.0
2764,POW,2022-04-15,14700.0,15500.0,15500.0,14500.0
2765,TCB,2022-04-14,47300.0,48050.0,48350.0,47150.0
2766,POW,2022-04-14,15550.0,15700.0,15850.0,15550.0
2767,VHM,2022-04-14,72300.0,73300.0,73500.0,72000.0
2768,FPT,2022-04-14,116600.0,115200.0,118900.0,115200.0
2769,HPG,2022-04-14,44900.0,45300.0,45550.0,44900.0
2770,VHM,2022-04-13,73100.0,73200.0,73400.0,72200.0
2771,FPT,2022-04-13,115100.0,110000.0,115100.0,109800.0
2772,HPG,2022-04-13,45200.0,45300.0,45450.0,44700.0
2773,POW,2022-04-13,15700.0,15700.0,15800.0,15300.0
2774,TCB,2022-04-13,48000.0,48400.0,48450.0,47900.0
2775,TCB,2022-04-12,48000.0,48700.0,48900.0,47900.0
2776,HPG,2022-04-12,45100.0,46500.0,46500.0,45050.0
2777,FPT,2022-04-12,109800.0,109000.0,111500.0,106600.0
2778,POW,2022-04-12,15600.0,16200.0,16300.0,15600.0
2779,VHM,2022-04-12,73000.0,74900.0,75100.0,73000.0
2780,VHM,2022-04-08,75100.0,75100.0,76000.0,74500.0
2781,FPT,2022-04-08,108500.0,113300.0,113900.0,108500.0
2782,POW,2022-04-08,16200.0,16650.0,16750.0,16200.0
2783,TCB,2022-04-08,48850.0,49400.0,49400.0,48800.0
2784,HPG,2022-04-08,46400.0,46750.0,47050.0,46350.0
2785,TCB,2022-04-07,49300.0,49900.0,50300.0,49300.0
2786,VHM,2022-04-07,75000.0,76000.0,76100.0,74700.0
2787,POW,2022-04-07,16650.0,16450.0,16950.0,16400.0
2788,HPG,2022-04-07,46550.0,47500.0,47600.0,46550.0
2789,FPT,2022-04-07,113300.0,113700.0,116900.0,112100.0
2790,VHM,2022-04-06,76300.0,76000.0,76300.0,75100.0
2791,FPT,2022-04-06,113000.0,108400.0,114000.0,108400.0
2792,TCB,2022-04-06,49900.0,48900.0,49900.0,48700.0
2793,HPG,2022-04-06,47250.0,46000.0,47950.0,46000.0
2794,POW,2022-04-06,16400.0,16300.0,16600.0,16150.0
2795,HPG,2022-04-05,46100.0,46000.0,46400.0,45950.0
2796,POW,2022-04-05,16350.0,16300.0,16600.0,16200.0
2797,TCB,2022-04-05,49050.0,49400.0,49500.0,49050.0
2798,FPT,2022-04-05,109000.0,109100.0,111600.0,109000.0
2799,VHM,2022-04-05,76400.0,76300.0,77500.0,76000.0
2800,HPG,2022-04-04,45850.0,46000.0,46300.0,45750.0
2801,FPT,2022-04-04,109300.0,113500.0,113500.0,109300.0
2802,POW,2022-04-04,16200.0,16150.0,16350.0,16100.0
2803,TCB,2022-04-04,49650.0,50400.0,50600.0,49650.0
2804,VHM,2022-04-04,76300.0,77000.0,77000.0,76100.0
2805,TCB,2022-04-01,50300.0,49550.0,50400.0,49400.0
2806,VHM,2022-04-01,76200.0,75500.0,76500.0,75100.0
2807,HPG,2022-04-01,45700.0,45000.0,46000.0,44500.0
2808,POW,2022-04-01,16000.0,15800.0,16150.0,15700.0
2809,FPT,2022-04-01,111000.0,106900.0,111000.0,106100.0
2810,HPG,2022-03-31,45100.0,45650.0,45950.0,44800.0
2811,VHM,2022-03-31,75800.0,75600.0,76000.0,75100.0
2812,TCB,2022-03-31,49550.0,49500.0,49700.0,49300.0
2813,POW,2022-03-31,15850.0,15950.0,16150.0,15850.0
2814,FPT,2022-03-31,107000.0,105500.0,110600.0,104600.0
2815,VHM,2022-03-30,75800.0,75800.0,76300.0,74700.0
2816,FPT,2022-03-30,106000.0,105800.0,107300.0,104500.0
2817,POW,2022-03-30,15950.0,16050.0,16300.0,15900.0
2818,TCB,2022-03-30,49150.0,48900.0,49900.0,48900.0
2819,HPG,2022-03-30,45500.0,45800.0,46400.0,45400.0
2820,HPG,2022-03-29,45850.0,46200.0,46250.0,45800.0
2821,VHM,2022-03-29,76500.0,74900.0,76600.0,74800.0
2822,POW,2022-03-29,16250.0,16050.0,16350.0,16050.0
2823,FPT,2022-03-29,104900.0,98600.0,104900.0,98600.0
2824,TCB,2022-03-29,48900.0,48900.0,49150.0,48650.0
2825,FPT,2022-03-28,98100.0,95500.0,98700.0,95200.0
2826,VHM,2022-03-28,74900.0,75300.0,75700.0,74400.0
2827,POW,2022-03-28,16050.0,16400.0,16500.0,15850.0
2828,HPG,2022-03-28,45900.0,46100.0,46850.0,45800.0
2829,TCB,2022-03-28,48800.0,49150.0,49150.0,48350.0
2830,HPG,2022-03-25,46400.0,46550.0,46950.0,46200.0
2831,POW,2022-03-25,16600.0,16800.0,16800.0,16600.0
2832,VHM,2022-03-25,75900.0,75800.0,76300.0,75500.0
2833,TCB,2022-03-25,49250.0,49400.0,49450.0,49150.0
2834,FPT,2022-03-25,95700.0,96100.0,96500.0,95600.0
2835,FPT,2022-03-24,96000.0,96000.0,97200.0,95300.0
2836,VHM,2022-03-24,75700.0,77000.0,77000.0,75600.0
2837,TCB,2022-03-24,49300.0,49600.0,49800.0,49300.0
2838,HPG,2022-03-24,46400.0,47000.0,47000.0,46350.0
2839,POW,2022-03-24,16800.0,16900.0,17100.0,16750.0
2840,FPT,2022-03-23,96500.0,96500.0,97500.0,96000.0
2841,VHM,2022-03-23,77200.0,78000.0,78100.0,77100.0
2842,TCB,2022-03-23,49600.0,49900.0,50200.0,49600.0
2843,HPG,2022-03-23,46800.0,47200.0,47450.0,46800.0
2844,POW,2022-03-23,16900.0,16600.0,17250.0,16550.0
2845,VHM,2022-03-22,78000.0,77600.0,78500.0,76800.0
2846,FPT,2022-03-22,96400.0,96000.0,97000.0,95400.0
2847,TCB,2022-03-22,49900.0,49550.0,50300.0,49500.0
2848,POW,2022-03-22,16500.0,16300.0,16500.0,16250.0
2849,HPG,2022-03-22,46900.0,46900.0,46950.0,46300.0
2850,HPG,2022-03-21,46850.0,46700.0,47200.0,46400.0
2851,TCB,2022-03-21,49450.0,49250.0,49550.0,49100.0
2852,VHM,2022-03-21,77500.0,75300.0,77500.0,75200.0
2853,POW,2022-03-21,16200.0,16200.0,16350.0,16100.0
2854,FPT,2022-03-21,95300.0,95200.0,96000.0,95000.0
2855,HPG,2022-03-18,46500.0,46200.0,46850.0,46050.0
2856,POW,2022-03-18,16100.0,16300.0,16450.0,16050.0
2857,FPT,2022-03-18,95100.0,93000.0,96600.0,93000.0
2858,TCB,2022-03-18,49200.0,49150.0,49400.0,49100.0
2859,VHM,2022-03-18,74600.0,74700.0,76300.0,74200.0
2860,HPG,2022-03-17,45950.0,46600.0,46700.0,45900.0
2861,VHM,2022-03-17,74000.0,74000.0,75800.0,73900.0
2862,TCB,2022-03-17,49000.0,49450.0,49500.0,49000.0
2863,POW,2022-03-17,16300.0,16300.0,16450.0,16250.0
2864,FPT,2022-03-17,92000.0,91800.0,92700.0,91500.0
2865,POW,2022-03-16,16300.0,16400.0,16700.0,16250.0
2866,FPT,2022-03-16,91600.0,91100.0,92300.0,90500.0
2867,VHM,2022-03-16,74200.0,74300.0,74500.0,73700.0
2868,TCB,2022-03-16,49050.0,48800.0,49450.0,48800.0
2869,HPG,2022-03-16,46200.0,46900.0,47150.0,46200.0
2870,FPT,2022-03-15,91000.0,91800.0,91800.0,89800.0
2871,HPG,2022-03-15,46150.0,45950.0,46700.0,45450.0
2872,TCB,2022-03-15,48600.0,48600.0,49000.0,48500.0
2873,VHM,2022-03-15,74500.0,74800.0,74800.0,73700.0
2874,POW,2022-03-15,16400.0,15700.0,16400.0,15650.0
2875,HPG,2022-03-14,45800.0,47300.0,48200.0,45800.0
2876,VHM,2022-03-14,74500.0,74600.0,74700.0,73400.0
2877,FPT,2022-03-14,91800.0,93000.0,93000.0,90500.0
2878,TCB,2022-03-14,48500.0,48800.0,48900.0,48300.0
2879,POW,2022-03-14,15650.0,16150.0,16200.0,15600.0
2880,FPT,2022-03-11,93200.0,94500.0,94600.0,92700.0
2881,HPG,2022-03-11,47600.0,49200.0,49300.0,46850.0
2882,TCB,2022-03-11,48900.0,49200.0,49200.0,48700.0
2883,VHM,2022-03-11,75000.0,75200.0,75200.0,74000.0
2884,POW,2022-03-11,16150.0,16400.0,16700.0,16100.0
2885,FPT,2022-03-10,94600.0,96300.0,96300.0,94600.0
2886,POW,2022-03-10,16600.0,17000.0,17150.0,16600.0
2887,VHM,2022-03-10,75200.0,74800.0,75900.0,74500.0
2888,HPG,2022-03-10,49150.0,50000.0,50100.0,49100.0
2889,TCB,2022-03-10,49250.0,49800.0,49800.0,49250.0
2890,HPG,2022-03-09,49850.0,50000.0,50300.0,48850.0
2891,POW,2022-03-09,16750.0,17300.0,17400.0,16750.0
2892,FPT,2022-03-09,95500.0,94600.0,96500.0,94600.0
2893,VHM,2022-03-09,74000.0,75000.0,75000.0,73800.0
2894,TCB,2022-03-09,49100.0,49000.0,49350.0,48900.0
2895,TCB,2022-03-08,49000.0,49000.0,49500.0,48800.0
2896,HPG,2022-03-08,49450.0,50600.0,51200.0,49450.0
2897,POW,2022-03-08,17200.0,17000.0,17500.0,16900.0
2898,FPT,2022-03-08,94800.0,93800.0,95400.0,92600.0
2899,VHM,2022-03-08,74600.0,75900.0,76500.0,74600.0
2900,VHM,2022-03-07,76200.0,77200.0,77200.0,75800.0
2901,TCB,2022-03-07,49250.0,49500.0,49600.0,49100.0
2902,POW,2022-03-07,17050.0,17200.0,17200.0,16900.0
2903,HPG,2022-03-07,51100.0,50200.0,52500.0,50000.0
2904,FPT,2022-03-07,93800.0,93100.0,93900.0,92200.0
2905,FPT,2022-03-04,93500.0,93300.0,93800.0,93000.0
2906,VHM,2022-03-04,77900.0,78000.0,78500.0,77200.0
2907,TCB,2022-03-04,49950.0,49750.0,50400.0,49500.0
2908,POW,2022-03-04,17300.0,17200.0,17600.0,17150.0
2909,HPG,2022-03-04,49800.0,51000.0,51300.0,49800.0
2910,HPG,2022-03-03,50100.0,47600.0,50100.0,47300.0
2911,TCB,2022-03-03,49650.0,49500.0,49900.0,49150.0
2912,POW,2022-03-03,17200.0,17450.0,17650.0,17100.0
2913,VHM,2022-03-03,78000.0,77900.0,78500.0,77200.0
2914,FPT,2022-03-03,93400.0,93200.0,94000.0,93200.0
2915,FPT,2022-03-02,93100.0,93000.0,93400.0,92700.0
2916,TCB,2022-03-02,49200.0,50100.0,50100.0,49200.0
2917,VHM,2022-03-02,77500.0,77700.0,78000.0,77000.0
2918,HPG,2022-03-02,46900.0,47000.0,47350.0,46600.0
2919,POW,2022-03-02,17450.0,17450.0,17900.0,17250.0
2920,VHM,2022-03-01,78000.0,77500.0,78200.0,77500.0
2921,POW,2022-03-01,17450.0,17250.0,17700.0,16850.0
2922,TCB,2022-03-01,50300.0,50700.0,50700.0,50100.0
2923,HPG,2022-03-01,46900.0,47700.0,48100.0,46850.0
2924,FPT,2022-03-01,93400.0,94000.0,94000.0,92500.0
2925,VHM,2022-02-28,77500.0,78300.0,78600.0,77500.0
2926,POW,2022-02-28,17350.0,17850.0,18000.0,17300.0
2927,TCB,2022-02-28,50400.0,50500.0,50900.0,50200.0
2928,FPT,2022-02-28,93300.0,92300.0,93500.0,92300.0
2929,HPG,2022-02-28,47200.0,46050.0,47800.0,46050.0
2930,FPT,2022-02-25,92300.0,92400.0,93400.0,92100.0
2931,TCB,2022-02-25,50700.0,51000.0,51300.0,50500.0
2932,VHM,2022-02-25,78300.0,79000.0,79300.0,78300.0
2933,HPG,2022-02-25,45900.0,46100.0,46350.0,45900.0
2934,POW,2022-02-25,17850.0,18000.0,18150.0,17750.0
2935,POW,2022-02-24,17750.0,18200.0,18400.0,17350.0
2936,VHM,2022-02-24,78600.0,79300.0,79500.0,77100.0
2937,HPG,2022-02-24,46000.0,46750.0,46850.0,45100.0
2938,FPT,2022-02-24,92000.0,93000.0,93500.0,90000.0
2939,TCB,2022-02-24,50500.0,51500.0,51900.0,49800.0
2940,POW,2022-02-23,18150.0,17950.0,18600.0,17900.0
2941,FPT,2022-02-23,93000.0,92600.0,93900.0,92600.0
2942,VHM,2022-02-23,79400.0,79800.0,80300.0,79300.0
2943,TCB,2022-02-23,51700.0,51700.0,52200.0,51400.0
2944,HPG,2022-02-23,46700.0,46650.0,47200.0,46250.0
2945,FPT,2022-02-22,92900.0,93000.0,93300.0,92000.0
2946,VHM,2022-02-22,79300.0,79300.0,79500.0,78400.0
2947,HPG,2022-02-22,46400.0,46300.0,46600.0,45700.0
2948,POW,2022-02-22,17800.0,18200.0,18250.0,17500.0
2949,TCB,2022-02-22,51400.0,51000.0,51700.0,50600.0
2950,FPT,2022-02-21,93500.0,92200.0,94000.0,92000.0
2951,TCB,2022-02-21,51500.0,51600.0,51700.0,50800.0
2952,VHM,2022-02-21,80000.0,80000.0,80500.0,79700.0
2953,POW,2022-02-21,18400.0,18550.0,18700.0,18350.0
2954,HPG,2022-02-21,46650.0,47100.0,47500.0,46550.0
2955,HPG,2022-02-18,47050.0,46200.0,47650.0,46050.0
2956,TCB,2022-02-18,51600.0,51700.0,52000.0,51500.0
2957,POW,2022-02-18,18550.0,18400.0,18800.0,18300.0
2958,VHM,2022-02-18,79700.0,80000.0,80300.0,79600.0
2959,FPT,2022-02-18,92200.0,92300.0,92500.0,91700.0
2960,FPT,2022-02-17,92800.0,91900.0,92800.0,91000.0
2961,VHM,2022-02-17,80800.0,80000.0,80800.0,79700.0
2962,TCB,2022-02-17,52200.0,51600.0,52500.0,51600.0
2963,HPG,2022-02-17,46500.0,46000.0,46750.0,46000.0
2964,POW,2022-02-17,18600.0,18400.0,18950.0,18150.0
2965,POW,2022-02-16,18200.0,18400.0,18600.0,18100.0
2966,FPT,2022-02-16,91300.0,91700.0,92500.0,91300.0
2967,TCB,2022-02-16,51600.0,52200.0,52200.0,51500.0
2968,VHM,2022-02-16,80000.0,80300.0,80500.0,79700.0
2969,HPG,2022-02-16,46000.0,46100.0,46500.0,45600.0
2970,VHM,2022-02-15,80000.0,78100.0,80900.0,78100.0
2971,FPT,2022-02-15,91100.0,91000.0,91700.0,90500.0
2972,HPG,2022-02-15,46000.0,46200.0,46550.0,45400.0
2973,TCB,2022-02-15,51800.0,51600.0,52100.0,51300.0
2974,POW,2022-02-15,18100.0,17700.0,18150.0,17300.0
2975,VHM,2022-02-14,78100.0,79000.0,79500.0,78100.0
2976,TCB,2022-02-14,51500.0,53200.0,53200.0,51500.0
2977,HPG,2022-02-14,46200.0,46500.0,47500.0,46150.0
2978,POW,2022-02-14,17700.0,17900.0,18350.0,17700.0
2979,FPT,2022-02-14,91000.0,91000.0,91600.0,90400.0
2980,POW,2022-02-11,18300.0,18500.0,18700.0,18100.0
2981,FPT,2022-02-11,91600.0,91800.0,92400.0,91400.0
2982,VHM,2022-02-11,79700.0,80000.0,80500.0,79500.0
2983,HPG,2022-02-11,47150.0,46600.0,47500.0,46300.0
2984,TCB,2022-02-11,53700.0,53500.0,53800.0,53000.0
2985,HPG,2022-02-10,47000.0,47400.0,47900.0,46700.0
2986,POW,2022-02-10,18550.0,17850.0,18800.0,17850.0
2987,VHM,2022-02-10,80100.0,81800.0,81800.0,79600.0
2988,TCB,2022-02-10,53600.0,53600.0,54200.0,53100.0
2989,FPT,2022-02-10,92000.0,91400.0,92000.0,90200.0
2990,VHM,2022-02-09,81500.0,81200.0,84000.0,81200.0
2991,TCB,2022-02-09,53600.0,54000.0,54900.0,53600.0
2992,FPT,2022-02-09,90700.0,91700.0,91700.0,90600.0
2993,HPG,2022-02-09,47300.0,45800.0,48300.0,45700.0
2994,POW,2022-02-09,17800.0,17900.0,18150.0,17700.0
2995,HPG,2022-02-08,45550.0,43000.0,45550.0,43000.0
2996,FPT,2022-02-08,90600.0,89500.0,91800.0,89500.0
2997,TCB,2022-02-08,53800.0,52800.0,54300.0,52800.0
2998,VHM,2022-02-08,81200.0,82500.0,82500.0,81000.0
2999,POW,2022-02-08,17900.0,17800.0,18150.0,17550.0
3000,TCB,2022-02-07,52800.0,53700.0,53800.0,52800.0
3001,HPG,2022-02-07,43050.0,42800.0,43700.0,41800.0
3002,POW,2022-02-07,17850.0,17000.0,17950.0,16900.0
3003,VHM,2022-02-07,82200.0,81600.0,83000.0,81200.0
3004,FPT,2022-02-07,89500.0,90000.0,90100.0,89000.0
3005,POW,2022-01-28,16800.0,16400.0,16950.0,16200.0
3006,TCB,2022-01-28,52800.0,51900.0,53000.0,51600.0
3007,VHM,2022-01-28,80300.0,80400.0,81200.0,80200.0
3008,HPG,2022-01-28,42200.0,42250.0,42800.0,41700.0
3009,FPT,2022-01-28,89500.0,86000.0,89500.0,85900.0
3010,FPT,2022-01-27,85900.0,86000.0,86700.0,85400.0
3011,POW,2022-01-27,16400.0,16300.0,16400.0,16000.0
3012,TCB,2022-01-27,51900.0,52000.0,52700.0,51500.0
3013,VHM,2022-01-27,81000.0,81200.0,81800.0,79700.0
3014,HPG,2022-01-27,42150.0,43200.0,43500.0,42000.0
3015,HPG,2022-01-26,43450.0,43500.0,44450.0,43450.0
3016,TCB,2022-01-26,52400.0,52400.0,53300.0,52000.0
3017,VHM,2022-01-26,81200.0,81000.0,81200.0,80000.0
3018,POW,2022-01-26,16300.0,16800.0,16850.0,16300.0
3019,FPT,2022-01-26,86000.0,87000.0,87000.0,85500.0
3020,HPG,2022-01-25,43250.0,40500.0,43300.0,40200.0
3021,FPT,2022-01-25,86500.0,85200.0,87500.0,84000.0
3022,VHM,2022-01-25,81000.0,76500.0,81000.0,75700.0
3023,POW,2022-01-25,16550.0,15100.0,16550.0,15100.0
3024,TCB,2022-01-25,51900.0,51200.0,52100.0,51000.0
3025,VHM,2022-01-24,76200.0,78700.0,79000.0,76200.0
3026,HPG,2022-01-24,40700.0,43100.0,43200.0,40700.0
3027,TCB,2022-01-24,50300.0,49950.0,51400.0,49800.0
3028,FPT,2022-01-24,85300.0,88200.0,88500.0,85000.0
3029,POW,2022-01-24,15500.0,16500.0,16500.0,15500.0
3030,HPG,2022-01-21,43300.0,44000.0,44450.0,43100.0
3031,VHM,2022-01-21,79400.0,79400.0,79500.0,77700.0
3032,TCB,2022-01-21,49800.0,49000.0,50800.0,48900.0
3033,FPT,2022-01-21,88200.0,89000.0,89800.0,88200.0
3034,POW,2022-01-21,16650.0,17000.0,17150.0,16600.0
3035,TCB,2022-01-20,48950.0,48650.0,48950.0,48600.0
3036,VHM,2022-01-20,78600.0,77600.0,78800.0,77400.0
3037,FPT,2022-01-20,90900.0,88400.0,91000.0,88300.0
3038,POW,2022-01-20,16650.0,16100.0,16900.0,15800.0
3039,HPG,2022-01-20,44000.0,43800.0,44050.0,43300.0
3040,TCB,2022-01-19,48800.0,49000.0,49400.0,48800.0
3041,HPG,2022-01-19,43550.0,44400.0,44550.0,43450.0
3042,POW,2022-01-19,15750.0,15600.0,16100.0,15500.0
3043,VHM,2022-01-19,77400.0,77000.0,78300.0,77000.0
3044,FPT,2022-01-19,88400.0,88100.0,89200.0,88000.0
3045,HPG,2022-01-18,44000.0,44500.0,45250.0,43000.0
3046,TCB,2022-01-18,48750.0,48600.0,49450.0,48500.0
3047,POW,2022-01-18,15400.0,15800.0,16400.0,15350.0
3048,VHM,2022-01-18,77000.0,79200.0,80000.0,76100.0
3049,FPT,2022-01-18,88100.0,88300.0,89600.0,88000.0
3050,POW,2022-01-17,16500.0,17700.0,17700.0,16500.0
3051,VHM,2022-01-17,79100.0,82300.0,82500.0,79100.0
3052,HPG,2022-01-17,44700.0,46250.0,46500.0,44700.0
3053,FPT,2022-01-17,89000.0,90500.0,91300.0,89000.0
3054,TCB,2022-01-17,48600.0,49700.0,50500.0,48600.0
3055,FPT,2022-01-14,91300.0,91700.0,92100.0,90900.0
3056,VHM,2022-01-14,82200.0,82000.0,82800.0,81600.0
3057,TCB,2022-01-14,49750.0,50000.0,50400.0,49500.0
3058,HPG,2022-01-14,46250.0,46500.0,46850.0,46200.0
3059,POW,2022-01-14,17700.0,16500.0,17800.0,16500.0
3060,POW,2022-01-13,16900.0,18150.0,18650.0,16900.0
3061,TCB,2022-01-13,50500.0,50900.0,51800.0,50200.0
3062,HPG,2022-01-13,46700.0,46300.0,47300.0,46200.0
3063,VHM,2022-01-13,82200.0,84000.0,84300.0,82000.0
3064,FPT,2022-01-13,92100.0,90900.0,92700.0,89800.0
3065,HPG,2022-01-12,46200.0,45200.0,46250.0,45150.0
3066,VHM,2022-01-12,83600.0,83000.0,84400.0,81400.0
3067,POW,2022-01-12,18150.0,18650.0,19200.0,17350.0
3068,FPT,2022-01-12,89600.0,89100.0,90600.0,88500.0
3069,TCB,2022-01-12,50400.0,48450.0,50400.0,48400.0
3070,TCB,2022-01-11,48450.0,48900.0,49100.0,48400.0
3071,FPT,2022-01-11,89500.0,92000.0,92200.0,89100.0
3072,HPG,2022-01-11,45100.0,46050.0,46050.0,45100.0
3073,VHM,2022-01-11,83600.0,85500.0,85700.0,83000.0
3074,POW,2022-01-11,18650.0,19000.0,19400.0,18450.0
3075,POW,2022-01-10,18750.0,20500.0,20800.0,18750.0
3076,VHM,2022-01-10,85400.0,85500.0,87400.0,84600.0
3077,HPG,2022-01-10,45650.0,45850.0,46650.0,45500.0
3078,FPT,2022-01-10,92000.0,93200.0,93500.0,91900.0
3079,TCB,2022-01-10,48650.0,49500.0,49600.0,48650.0
3080,VHM,2022-01-07,85400.0,85500.0,86400.0,84300.0
3081,FPT,2022-01-07,93400.0,93100.0,93700.0,93100.0
3082,TCB,2022-01-07,49450.0,49900.0,50100.0,49400.0
3083,HPG,2022-01-07,45800.0,46100.0,46200.0,45650.0
3084,POW,2022-01-07,20150.0,19250.0,20350.0,19250.0
3085,TCB,2022-01-06,49900.0,50200.0,50400.0,49600.0
3086,FPT,2022-01-06,93500.0,93600.0,94000.0,93500.0
3087,VHM,2022-01-06,85300.0,84000.0,86000.0,84000.0
3088,HPG,2022-01-06,46100.0,46500.0,46700.0,46100.0
3089,POW,2022-01-06,19250.0,18850.0,19800.0,18850.0
3090,TCB,2022-01-05,50500.0,50900.0,51200.0,50300.0
3091,FPT,2022-01-05,93600.0,93700.0,94200.0,93500.0
3092,HPG,2022-01-05,46800.0,46900.0,47350.0,46800.0
3093,POW,2022-01-05,19000.0,19200.0,19950.0,19000.0
3094,VHM,2022-01-05,84000.0,85100.0,85900.0,84000.0
3095,FPT,2022-01-04,93500.0,93400.0,94200.0,93300.0
3096,TCB,2022-01-04,50900.0,50500.0,51200.0,50300.0
3097,POW,2022-01-04,18700.0,17700.0,18700.0,17700.0
3098,HPG,2022-01-04,46750.0,46800.0,47200.0,46600.0
3099,VHM,2022-01-04,85100.0,82700.0,85400.0,82500.0
3100,VHM,2021-12-31,82000.0,82000.0,82300.0,81600.0
3101,HPG,2021-12-31,46400.0,46000.0,46650.0,45850.0
3102,TCB,2021-12-31,50000.0,49500.0,50500.0,49450.0
3103,FPT,2021-12-31,93000.0,93800.0,94400.0,93000.0
3104,POW,2021-12-31,17500.0,17450.0,17900.0,17300.0
3105,VHM,2021-12-30,81600.0,82400.0,82400.0,81600.0
3106,TCB,2021-12-30,49300.0,49200.0,49750.0,49000.0
3107,HPG,2021-12-30,45700.0,46300.0,46300.0,45700.0
3108,FPT,2021-12-30,93600.0,93700.0,94300.0,93500.0
3109,POW,2021-12-30,17450.0,18000.0,18300.0,17350.0
3110,FPT,2021-12-29,93600.0,94800.0,94800.0,93600.0
3111,VHM,2021-12-29,81700.0,82900.0,83500.0,81700.0
3112,TCB,2021-12-29,49100.0,49150.0,49650.0,49000.0
3113,POW,2021-12-29,18000.0,18100.0,18700.0,17850.0
3114,HPG,2021-12-29,45800.0,45800.0,46300.0,45500.0
3115,TCB,2021-12-28,49150.0,49250.0,49350.0,48700.0
3116,FPT,2021-12-28,94500.0,94500.0,94900.0,94100.0
3117,HPG,2021-12-28,45800.0,45900.0,46700.0,45600.0
3118,VHM,2021-12-28,82800.0,83000.0,84200.0,82600.0
3119,POW,2021-12-28,18350.0,18450.0,19200.0,18000.0
3120,FPT,2021-12-27,94500.0,94200.0,95000.0,93300.0
3121,HPG,2021-12-27,45900.0,46550.0,46600.0,45550.0
3122,TCB,2021-12-27,48850.0,49400.0,49400.0,48500.0
3123,VHM,2021-12-27,82800.0,83100.0,83500.0,81500.0
3124,POW,2021-12-27,18450.0,17050.0,18450.0,16500.0
3125,HPG,2021-12-24,46050.0,45300.0,46650.0,45250.0
3126,POW,2021-12-24,17250.0,18150.0,18350.0,17250.0
3127,TCB,2021-12-24,48900.0,47450.0,49150.0,47450.0
3128,VHM,2021-12-24,82900.0,82700.0,83300.0,82200.0
3129,FPT,2021-12-24,93800.0,93500.0,94500.0,92800.0
3130,TCB,2021-12-23,47350.0,48850.0,48850.0,47300.0
3131,VHM,2021-12-23,82500.0,85900.0,86100.0,82500.0
3132,FPT,2021-12-23,93200.0,95000.0,95000.0,93000.0
3133,HPG,2021-12-23,44950.0,45100.0,45100.0,44100.0
3134,POW,2021-12-23,18500.0,19000.0,19350.0,17800.0
3135,POW,2021-12-22,19000.0,18950.0,19500.0,18700.0
3136,TCB,2021-12-22,48900.0,49300.0,49500.0,48300.0
3137,HPG,2021-12-22,45100.0,46300.0,46500.0,45100.0
3138,FPT,2021-12-22,95000.0,95000.0,95400.0,94600.0
3139,VHM,2021-12-22,85700.0,86800.0,87500.0,85200.0
3140,TCB,2021-12-21,49250.0,49500.0,49700.0,49200.0
3141,HPG,2021-12-21,46100.0,46900.0,46950.0,46100.0
3142,VHM,2021-12-21,86000.0,83500.0,86800.0,83500.0
3143,FPT,2021-12-21,95200.0,95700.0,95900.0,95100.0
3144,POW,2021-12-21,18700.0,18100.0,19500.0,17950.0
3145,POW,2021-12-20,18250.0,17200.0,18250.0,16800.0
3146,TCB,2021-12-20,49500.0,49850.0,50000.0,49350.0
3147,FPT,2021-12-20,95800.0,96500.0,96500.0,95500.0
3148,HPG,2021-12-20,46900.0,46700.0,47350.0,46500.0
3149,VHM,2021-12-20,83500.0,85200.0,85200.0,83300.0
3150,POW,2021-12-17,17100.0,17500.0,18000.0,17100.0
3151,HPG,2021-12-17,46700.0,47350.0,47550.0,46600.0
3152,TCB,2021-12-17,49850.0,50000.0,50100.0,49800.0
3153,VHM,2021-12-17,84500.0,82400.0,86000.0,82400.0
3154,FPT,2021-12-17,96400.0,95600.0,97000.0,95500.0
3155,POW,2021-12-16,17200.0,16050.0,17200.0,16000.0
3156,VHM,2021-12-16,82300.0,82800.0,82800.0,81700.0
3157,FPT,2021-12-16,95500.0,97500.0,97500.0,95500.0
3158,HPG,2021-12-16,47500.0,48100.0,48100.0,47300.0
3159,TCB,2021-12-16,49850.0,50500.0,50500.0,49850.0
3160,TCB,2021-12-15,50200.0,50300.0,50800.0,49950.0
3161,POW,2021-12-15,16100.0,16600.0,16800.0,16100.0
3162,FPT,2021-12-15,95900.0,95700.0,96300.0,95600.0
3163,VHM,2021-12-15,82600.0,82200.0,82900.0,81600.0
3164,HPG,2021-12-15,47800.0,48000.0,48600.0,47700.0
3165,VHM,2021-12-14,82100.0,82500.0,83000.0,81900.0
3166,TCB,2021-12-14,50100.0,50000.0,50800.0,49850.0
3167,POW,2021-12-14,16600.0,16100.0,16950.0,15950.0
3168,HPG,2021-12-14,47700.0,46550.0,49100.0,46200.0
3169,FPT,2021-12-14,95700.0,96000.0,96400.0,95400.0
3170,TCB,2021-12-13,50000.0,50300.0,50400.0,49950.0
3171,POW,2021-12-13,16200.0,16250.0,16550.0,15950.0
3172,HPG,2021-12-13,46550.0,46550.0,47150.0,46300.0
3173,VHM,2021-12-13,82100.0,81000.0,83500.0,80900.0
3174,FPT,2021-12-13,96000.0,96500.0,96500.0,95600.0
3175,TCB,2021-12-10,50200.0,50500.0,50900.0,50100.0
3176,FPT,2021-12-10,95800.0,96400.0,97000.0,95400.0
3177,VHM,2021-12-10,80900.0,81300.0,81600.0,80600.0
3178,POW,2021-12-10,16250.0,15400.0,16350.0,15250.0
3179,HPG,2021-12-10,46500.0,47050.0,47200.0,46400.0
3180,VHM,2021-12-09,81600.0,81100.0,81800.0,80600.0
3181,HPG,2021-12-09,47100.0,46900.0,47300.0,46800.0
3182,FPT,2021-12-09,97000.0,95100.0,97000.0,95100.0
3183,TCB,2021-12-09,50400.0,50000.0,50400.0,49850.0
3184,POW,2021-12-09,15450.0,15000.0,15600.0,14950.0
3185,TCB,2021-12-08,50000.0,50200.0,50800.0,49900.0
3186,HPG,2021-12-08,47200.0,47900.0,47900.0,47050.0
3187,VHM,2021-12-08,81000.0,81700.0,81800.0,80900.0
3188,POW,2021-12-08,15100.0,15450.0,15700.0,15050.0
3189,FPT,2021-12-08,95600.0,96500.0,96500.0,95000.0
3190,VHM,2021-12-07,81600.0,80600.0,81800.0,80200.0
3191,TCB,2021-12-07,50000.0,49600.0,50300.0,49350.0
3192,FPT,2021-12-07,96000.0,95000.0,96000.0,94500.0
3193,HPG,2021-12-07,47600.0,46450.0,47600.0,46000.0
3194,POW,2021-12-07,14850.0,14100.0,14850.0,14100.0
3195,VHM,2021-12-06,79700.0,80900.0,81100.0,79400.0
3196,HPG,2021-12-06,45750.0,47500.0,47950.0,45500.0
3197,POW,2021-12-06,13900.0,13800.0,14300.0,13550.0
3198,FPT,2021-12-06,94500.0,95500.0,96500.0,94200.0
3199,TCB,2021-12-06,49000.0,50300.0,51000.0,48650.0
3200,TCB,2021-12-03,50200.0,52000.0,52200.0,50200.0
3201,FPT,2021-12-03,95500.0,97800.0,97800.0,95500.0
3202,VHM,2021-12-03,80200.0,82600.0,83100.0,80200.0
3203,HPG,2021-12-03,47700.0,48800.0,49150.0,47700.0
3204,POW,2021-12-03,13550.0,14200.0,14350.0,13550.0
3205,HPG,2021-12-02,48600.0,49200.0,49250.0,48600.0
3206,FPT,2021-12-02,97200.0,97600.0,98300.0,97200.0
3207,TCB,2021-12-02,51700.0,52400.0,52600.0,51700.0
3208,POW,2021-12-02,14150.0,14000.0,14650.0,14000.0
3209,VHM,2021-12-02,82300.0,83200.0,83400.0,82300.0
3210,POW,2021-12-01,14000.0,13500.0,14150.0,13500.0
3211,FPT,2021-12-01,98200.0,97500.0,98600.0,96700.0
3212,HPG,2021-12-01,49000.0,49500.0,49500.0,48900.0
3213,TCB,2021-12-01,52400.0,51600.0,52400.0,51500.0
3214,VHM,2021-12-01,82900.0,84200.0,84500.0,82800.0
3215,POW,2021-11-30,13500.0,13650.0,13900.0,13400.0
3216,HPG,2021-11-30,48950.0,48950.0,49950.0,48500.0
3217,VHM,2021-11-30,84600.0,85500.0,85500.0,83000.0
3218,TCB,2021-11-30,51800.0,53100.0,53100.0,51500.0
3219,FPT,2021-11-30,97100.0,98100.0,98500.0,97000.0
3220,TCB,2021-11-29,52300.0,53000.0,53400.0,52100.0
3221,VHM,2021-11-29,84800.0,81600.0,84800.0,81600.0
3222,HPG,2021-11-29,48400.0,48200.0,48900.0,48200.0
3223,FPT,2021-11-29,98100.0,97500.0,98900.0,97500.0
3224,POW,2021-11-29,13450.0,13200.0,13650.0,13150.0
3225,FPT,2021-11-26,98900.0,100100.0,100800.0,98800.0
3226,HPG,2021-11-26,49050.0,49300.0,49950.0,49000.0
3227,TCB,2021-11-26,54000.0,55100.0,55500.0,53900.0
3228,VHM,2021-11-26,83300.0,83900.0,84900.0,83200.0
3229,POW,2021-11-26,13550.0,13950.0,14000.0,13400.0
3230,POW,2021-11-25,13850.0,13650.0,14200.0,13600.0
3231,FPT,2021-11-25,100000.0,98500.0,101800.0,98300.0
3232,HPG,2021-11-25,49250.0,48700.0,49350.0,48700.0
3233,VHM,2021-11-25,83900.0,84300.0,85000.0,83500.0
3234,TCB,2021-11-25,54900.0,56000.0,56000.0,54700.0
3235,VHM,2021-11-24,83700.0,82700.0,83700.0,81800.0
3236,HPG,2021-11-24,48650.0,49500.0,49700.0,48500.0
3237,TCB,2021-11-24,55500.0,52600.0,55700.0,52300.0
3238,POW,2021-11-24,13600.0,13900.0,14000.0,13500.0
3239,FPT,2021-11-24,97900.0,96700.0,98400.0,96400.0
3240,FPT,2021-11-23,96600.0,95000.0,96600.0,94900.0
3241,TCB,2021-11-23,52600.0,53400.0,53500.0,52400.0
3242,HPG,2021-11-23,49550.0,48900.0,49800.0,48600.0
3243,POW,2021-11-23,13800.0,13300.0,13800.0,13100.0
3244,VHM,2021-11-23,82500.0,81000.0,82500.0,80700.0
3245,HPG,2021-11-22,48650.0,48200.0,49200.0,48000.0
3246,POW,2021-11-22,13050.0,13900.0,13950.0,13050.0
3247,TCB,2021-11-22,53100.0,52300.0,54800.0,52300.0
3248,VHM,2021-11-22,81000.0,81200.0,81500.0,79700.0
3249,FPT,2021-11-22,95000.0,95500.0,96000.0,95000.0
3250,POW,2021-11-19,13950.0,14800.0,14800.0,13650.0
3251,HPG,2021-11-19,48000.0,49600.0,49700.0,47900.0
3252,TCB,2021-11-19,52300.0,51800.0,53400.0,51200.0
3253,VHM,2021-11-19,80500.0,82900.0,83100.0,80000.0
3254,FPT,2021-11-19,95300.0,97500.0,97800.0,95100.0
3255,HPG,2021-11-18,49950.0,51400.0,51400.0,49600.0
3256,FPT,2021-11-18,96500.0,98300.0,98700.0,96500.0
3257,POW,2021-11-18,14650.0,14100.0,14950.0,14050.0
3258,VHM,2021-11-18,82800.0,83500.0,83900.0,82400.0
3259,TCB,2021-11-18,51500.0,52000.0,52200.0,51400.0
3260,TCB,2021-11-17,52200.0,52000.0,52400.0,51700.0
3261,HPG,2021-11-17,51400.0,52000.0,52600.0,51400.0
3262,VHM,2021-11-17,83500.0,83000.0,84000.0,82800.0
3263,POW,2021-11-17,14150.0,14000.0,14350.0,13850.0
3264,FPT,2021-11-17,98300.0,98300.0,98400.0,98000.0
3265,TCB,2021-11-16,52000.0,52000.0,52900.0,51600.0
3266,POW,2021-11-16,14050.0,14100.0,14350.0,13800.0
3267,VHM,2021-11-16,83000.0,84000.0,84300.0,82700.0
3268,HPG,2021-11-16,52000.0,53300.0,53600.0,52000.0
3269,FPT,2021-11-16,98300.0,97300.0,99500.0,96800.0
3270,TCB,2021-11-15,52000.0,52800.0,53000.0,51900.0
3271,HPG,2021-11-15,53600.0,54500.0,54600.0,53300.0
3272,POW,2021-11-15,13850.0,13100.0,13850.0,12800.0
3273,VHM,2021-11-15,84000.0,82500.0,84400.0,82100.0
3274,FPT,2021-11-15,97300.0,98500.0,98500.0,97300.0
3275,POW,2021-11-12,12950.0,12850.0,13150.0,12850.0
3276,HPG,2021-11-12,54600.0,53900.0,54800.0,53800.0
3277,TCB,2021-11-12,52500.0,51400.0,52700.0,51100.0
3278,VHM,2021-11-12,82000.0,81600.0,82000.0,80800.0
3279,FPT,2021-11-12,98000.0,96200.0,98200.0,95900.0
3280,HPG,2021-11-11,54000.0,55000.0,55300.0,53600.0
3281,TCB,2021-11-11,51500.0,51700.0,52400.0,50700.0
3282,POW,2021-11-11,12900.0,13150.0,13250.0,12850.0
3283,FPT,2021-11-11,96000.0,97000.0,98000.0,95800.0
3284,VHM,2021-11-11,81500.0,82700.0,82800.0,81400.0
3285,FPT,2021-11-10,97000.0,96400.0,97000.0,95900.0
3286,VHM,2021-11-10,82600.0,83400.0,83500.0,82600.0
3287,TCB,2021-11-10,51700.0,52600.0,52700.0,51600.0
3288,POW,2021-11-10,13100.0,12900.0,13300.0,12850.0
3289,HPG,2021-11-10,55300.0,56500.0,56600.0,55200.0
3290,HPG,2021-11-09,56500.0,56800.0,57600.0,56400.0
3291,POW,2021-11-09,12850.0,13050.0,13150.0,12850.0
3292,VHM,2021-11-09,83000.0,82500.0,84500.0,82000.0
3293,TCB,2021-11-09,52300.0,53000.0,53300.0,52300.0
3294,FPT,2021-11-09,96400.0,97500.0,97600.0,96000.0
3295,FPT,2021-11-08,97400.0,97600.0,98500.0,97300.0
3296,POW,2021-11-08,13100.0,13050.0,13350.0,13000.0
3297,TCB,2021-11-08,52600.0,52800.0,53300.0,52300.0
3298,VHM,2021-11-08,82400.0,82500.0,83000.0,81500.0
3299,HPG,2021-11-08,56800.0,56900.0,57000.0,56200.0
3300,HPG,2021-11-05,56600.0,56300.0,57000.0,55700.0
3301,FPT,2021-11-05,97600.0,96200.0,97800.0,96000.0
3302,VHM,2021-11-05,82000.0,82200.0,82800.0,81600.0
3303,POW,2021-11-05,13000.0,12700.0,13200.0,12700.0
3304,TCB,2021-11-05,53000.0,53500.0,53500.0,52700.0
3305,VHM,2021-11-04,82700.0,82500.0,83500.0,81800.0
3306,TCB,2021-11-04,53300.0,53700.0,54200.0,52800.0
3307,POW,2021-11-04,12650.0,12600.0,12800.0,12500.0
3308,HPG,2021-11-04,56300.0,55600.0,56900.0,55600.0
3309,FPT,2021-11-04,96000.0,96100.0,96800.0,95700.0
3310,FPT,2021-11-03,96100.0,96200.0,96700.0,95200.0
3311,HPG,2021-11-03,55600.0,56200.0,56300.0,55300.0
3312,TCB,2021-11-03,53700.0,52300.0,54200.0,52000.0
3313,POW,2021-11-03,12600.0,12900.0,12950.0,12550.0
3314,VHM,2021-11-03,82900.0,85100.0,85500.0,82600.0
3315,VHM,2021-11-02,85000.0,84400.0,85200.0,84300.0
3316,HPG,2021-11-02,55500.0,55500.0,56400.0,55200.0
3317,FPT,2021-11-02,96100.0,95500.0,97000.0,95500.0
3318,TCB,2021-11-02,51600.0,51800.0,51800.0,51500.0
3319,POW,2021-11-02,12850.0,13100.0,13100.0,12850.0
3320,FPT,2021-11-01,95800.0,97400.0,97400.0,95600.0
3321,TCB,2021-11-01,51600.0,51700.0,52500.0,51500.0
3322,HPG,2021-11-01,55700.0,57100.0,57100.0,55700.0
3323,VHM,2021-11-01,84300.0,86000.0,86900.0,84000.0
3324,POW,2021-11-01,13100.0,13000.0,13300.0,12900.0
3325,FPT,2021-10-29,96900.0,98000.0,98000.0,96900.0
3326,TCB,2021-10-29,51600.0,51900.0,52000.0,51300.0
3327,POW,2021-10-29,12650.0,12850.0,12900.0,12500.0
3328,VHM,2021-10-29,85500.0,81200.0,85500.0,81200.0
3329,HPG,2021-10-29,57100.0,58000.0,58100.0,57100.0
3330,VHM,2021-10-28,81000.0,81300.0,81500.0,80500.0
3331,POW,2021-10-28,12750.0,12450.0,12950.0,12450.0
3332,FPT,2021-10-28,98000.0,98200.0,98400.0,97200.0
3333,TCB,2021-10-28,51800.0,52000.0,52100.0,51500.0
3334,HPG,2021-10-28,58000.0,57900.0,58200.0,57300.0
3335,VHM,2021-10-27,81000.0,78900.0,81200.0,78900.0
3336,TCB,2021-10-27,51500.0,51200.0,51800.0,50900.0
3337,FPT,2021-10-27,98200.0,96800.0,98200.0,96500.0
3338,HPG,2021-10-27,57900.0,56300.0,57900.0,56300.0
3339,POW,2021-10-27,12400.0,12400.0,12500.0,12250.0
3340,VHM,2021-10-26,78700.0,78900.0,79300.0,78500.0
3341,TCB,2021-10-26,51000.0,50400.0,51000.0,49950.0
3342,FPT,2021-10-26,96900.0,95000.0,96900.0,94300.0
3343,HPG,2021-10-26,56300.0,54800.0,56300.0,54200.0
3344,POW,2021-10-26,12350.0,12250.0,12400.0,12100.0
3345,VHM,2021-10-25,78500.0,78600.0,79700.0,78200.0
3346,FPT,2021-10-25,94900.0,96200.0,96200.0,94900.0
3347,TCB,2021-10-25,50900.0,52100.0,52100.0,50800.0
3348,POW,2021-10-25,12250.0,12250.0,12400.0,12100.0
3349,HPG,2021-10-25,55100.0,56500.0,56700.0,55100.0
3350,FPT,2021-10-22,96200.0,97000.0,97400.0,96100.0
3351,HPG,2021-10-22,56700.0,57400.0,57800.0,56700.0
3352,VHM,2021-10-22,78000.0,78200.0,78900.0,78000.0
3353,POW,2021-10-22,12100.0,12050.0,12200.0,12000.0
3354,TCB,2021-10-22,52300.0,52900.0,53000.0,52200.0
3355,TCB,2021-10-21,52900.0,54000.0,54000.0,52900.0
3356,POW,2021-10-21,12050.0,12300.0,12300.0,12050.0
3357,VHM,2021-10-21,77900.0,78800.0,78900.0,77900.0
3358,FPT,2021-10-21,96700.0,98400.0,98500.0,96700.0
3359,HPG,2021-10-21,57200.0,57200.0,58200.0,56600.0
3360,POW,2021-10-20,12300.0,12300.0,12400.0,12050.0
3361,VHM,2021-10-20,78800.0,79600.0,79600.0,78200.0
3362,FPT,2021-10-20,97600.0,98700.0,99500.0,96600.0
3363,TCB,2021-10-20,53200.0,52800.0,53900.0,52500.0
3364,HPG,2021-10-20,56900.0,57400.0,57500.0,55800.0
3365,VHM,2021-10-19,79400.0,78900.0,79800.0,78500.0
3366,HPG,2021-10-19,57200.0,57600.0,58000.0,57100.0
3367,POW,2021-10-19,12300.0,12300.0,12500.0,12250.0
3368,FPT,2021-10-19,98600.0,99000.0,99500.0,98600.0
3369,TCB,2021-10-19,52700.0,52900.0,53000.0,52000.0
3370,POW,2021-10-18,12350.0,12300.0,12500.0,12250.0
3371,FPT,2021-10-18,99000.0,99000.0,100000.0,98600.0
3372,HPG,2021-10-18,57900.0,57600.0,58400.0,57500.0
3373,VHM,2021-10-18,78900.0,78800.0,79500.0,78500.0
3374,TCB,2021-10-18,52900.0,53200.0,53600.0,52700.0
3375,TCB,2021-10-15,52600.0,52900.0,52900.0,52300.0
3376,VHM,2021-10-15,78700.0,78900.0,79500.0,78100.0
3377,FPT,2021-10-15,98900.0,99400.0,100100.0,98400.0
3378,HPG,2021-10-15,57300.0,57300.0,57700.0,57000.0
3379,POW,2021-10-15,12300.0,12500.0,12600.0,12200.0
3380,FPT,2021-10-14,98800.0,99400.0,100000.0,98400.0
3381,VHM,2021-10-14,78900.0,80000.0,80000.0,78800.0
3382,TCB,2021-10-14,52500.0,52500.0,53000.0,52200.0
3383,HPG,2021-10-14,56800.0,56800.0,57400.0,56700.0
3384,POW,2021-10-14,12500.0,12500.0,12600.0,12400.0
3385,FPT,2021-10-13,99400.0,99000.0,101500.0,98500.0
3386,POW,2021-10-13,12500.0,12800.0,12800.0,12450.0
3387,TCB,2021-10-13,52400.0,53000.0,53200.0,52300.0
3388,HPG,2021-10-13,56800.0,57000.0,57400.0,56500.0
3389,VHM,2021-10-13,80000.0,81000.0,81000.0,79900.0
3390,HPG,2021-10-12,57000.0,57300.0,57600.0,56800.0
3391,FPT,2021-10-12,99000.0,99200.0,99200.0,98500.0
3392,VHM,2021-10-12,80900.0,81000.0,81600.0,80400.0
3393,POW,2021-10-12,12700.0,12400.0,12700.0,12400.0
3394,TCB,2021-10-12,53000.0,53400.0,53400.0,52600.0
3395,POW,2021-10-11,12400.0,12400.0,12600.0,12200.0
3396,TCB,2021-10-11,53000.0,51000.0,53000.0,51000.0
3397,HPG,2021-10-11,57200.0,56100.0,57300.0,55700.0
3398,VHM,2021-10-11,81000.0,79900.0,81000.0,79500.0
3399,FPT,2021-10-11,99200.0,99000.0,99300.0,98300.0
3400,TCB,2021-10-08,50700.0,50100.0,50900.0,50000.0
3401,VHM,2021-10-08,79900.0,79800.0,80800.0,79700.0
3402,HPG,2021-10-08,55700.0,55800.0,56200.0,55200.0
3403,POW,2021-10-08,12450.0,12700.0,12700.0,12400.0
3404,FPT,2021-10-08,98900.0,95000.0,99500.0,94400.0
3405,VHM,2021-10-07,80000.0,80600.0,80800.0,79700.0
3406,TCB,2021-10-07,50000.0,50600.0,50800.0,50000.0
3407,POW,2021-10-07,12650.0,12850.0,12850.0,12600.0
3408,HPG,2021-10-07,55600.0,56400.0,56700.0,55500.0
3409,FPT,2021-10-07,94300.0,94900.0,95000.0,94100.0
3410,FPT,2021-10-06,94400.0,94500.0,94700.0,93700.0
3411,POW,2021-10-06,12850.0,12850.0,13100.0,12700.0
3412,TCB,2021-10-06,50300.0,49450.0,50500.0,49200.0
3413,VHM,2021-10-06,80500.0,79700.0,80500.0,79600.0
3414,HPG,2021-10-06,56100.0,55800.0,56300.0,55400.0
3415,POW,2021-10-05,12750.0,12700.0,12900.0,12550.0
3416,VHM,2021-10-05,79400.0,77800.0,79600.0,77500.0
3417,TCB,2021-10-05,49100.0,48600.0,49200.0,48600.0
3418,HPG,2021-10-05,55300.0,55500.0,55900.0,55100.0
3419,FPT,2021-10-05,94400.0,95000.0,96000.0,94400.0
3420,HPG,2021-10-04,55500.0,53900.0,55900.0,53900.0
3421,POW,2021-10-04,12650.0,12450.0,12900.0,12450.0
3422,TCB,2021-10-04,48350.0,48800.0,48950.0,48300.0
3423,VHM,2021-10-04,78000.0,77000.0,78200.0,76200.0
3424,FPT,2021-10-04,94600.0,93000.0,95200.0,92400.0
3425,HPG,2021-10-01,53400.0,52900.0,53700.0,52700.0
3426,FPT,2021-10-01,92900.0,92900.0,93100.0,92500.0
3427,VHM,2021-10-01,77000.0,78300.0,78300.0,77000.0
3428,POW,2021-10-01,12200.0,11800.0,12350.0,11800.0
3429,TCB,2021-10-01,49000.0,49600.0,49800.0,48900.0
3430,TCB,2021-09-30,49600.0,49700.0,50400.0,49600.0
3431,POW,2021-09-30,11950.0,12200.0,12250.0,11850.0
3432,FPT,2021-09-30,93000.0,93500.0,93900.0,93000.0
3433,VHM,2021-09-30,78300.0,78500.0,79400.0,78200.0
3434,HPG,2021-09-30,52900.0,53700.0,53700.0,52800.0
3435,TCB,2021-09-29,49400.0,49200.0,49750.0,48900.0
3436,VHM,2021-09-29,78200.0,78500.0,78900.0,77700.0
3437,POW,2021-09-29,12200.0,11750.0,12400.0,11750.0
3438,FPT,2021-09-29,93200.0,93000.0,93400.0,92300.0
3439,HPG,2021-09-29,53300.0,52700.0,53600.0,52600.0
3440,POW,2021-09-28,11750.0,11550.0,11800.0,11450.0
3441,VHM,2021-09-28,78500.0,77500.0,79400.0,77400.0
3442,FPT,2021-09-28,93000.0,91700.0,93000.0,91500.0
3443,HPG,2021-09-28,52600.0,50600.0,52700.0,50600.0
3444,TCB,2021-09-28,49800.0,49300.0,49850.0,48800.0
3445,VHM,2021-09-27,78200.0,79600.0,79600.0,78200.0
3446,HPG,2021-09-27,50800.0,51400.0,52000.0,50800.0
3447,FPT,2021-09-27,92100.0,92900.0,93500.0,92100.0
3448,TCB,2021-09-27,49500.0,50700.0,51100.0,49500.0
3449,POW,2021-09-27,11550.0,11650.0,11900.0,11550.0
3450,POW,2021-09-24,11600.0,11800.0,11800.0,11600.0
3451,VHM,2021-09-24,79600.0,79300.0,80300.0,78700.0
3452,FPT,2021-09-24,92700.0,93200.0,93200.0,92700.0
3453,HPG,2021-09-24,50800.0,51000.0,51700.0,50700.0
3454,TCB,2021-09-24,50600.0,50700.0,51500.0,50300.0
3455,TCB,2021-09-23,50200.0,50600.0,51300.0,50000.0
3456,FPT,2021-09-23,93100.0,93200.0,93800.0,93000.0
3457,POW,2021-09-23,11750.0,11950.0,11950.0,11750.0
3458,HPG,2021-09-23,51000.0,51300.0,51900.0,50900.0
3459,VHM,2021-09-23,79300.0,78100.0,79500.0,78000.0
3460,VHM,2021-09-22,78000.0,78000.0,78200.0,76000.0
3461,POW,2021-09-22,11800.0,11700.0,11850.0,11550.0
3462,HPG,2021-09-22,50900.0,50800.0,51100.0,50600.0
3463,FPT,2021-09-22,93200.0,93200.0,93400.0,92700.0
3464,TCB,2021-09-22,50500.0,50900.0,50900.0,49900.0
3465,VHM,2021-09-21,77500.0,78500.0,79800.0,76100.0
3466,TCB,2021-09-21,50400.0,50100.0,50900.0,49750.0
3467,POW,2021-09-21,11650.0,11600.0,11750.0,11500.0
3468,FPT,2021-09-21,93500.0,93400.0,94000.0,92500.0
3469,HPG,2021-09-21,50800.0,50600.0,51200.0,50200.0
3470,POW,2021-09-20,11750.0,11950.0,12000.0,11700.0
3471,FPT,2021-09-20,94400.0,96000.0,96200.0,94100.0
3472,VHM,2021-09-20,79900.0,80800.0,81100.0,79900.0
3473,TCB,2021-09-20,50700.0,50500.0,51600.0,50100.0
3474,HPG,2021-09-20,51300.0,52400.0,52400.0,50900.0
3475,HPG,2021-09-17,51800.0,51400.0,52000.0,51300.0
3476,POW,2021-09-17,11750.0,11900.0,12150.0,11700.0
3477,FPT,2021-09-17,95700.0,95500.0,97000.0,95400.0
3478,TCB,2021-09-17,49750.0,49200.0,49900.0,49200.0
3479,VHM,2021-09-17,81200.0,80100.0,81500.0,79600.0
3480,POW,2021-09-16,11800.0,11850.0,11900.0,11650.0
3481,HPG,2021-09-16,51300.0,52000.0,52300.0,51300.0
3482,VHM,2021-09-16,80100.0,82000.0,82500.0,80000.0
3483,FPT,2021-09-16,94700.0,94400.0,95000.0,94200.0
3484,TCB,2021-09-16,49100.0,48900.0,49150.0,48600.0
3485,VHM,2021-09-15,81900.0,82300.0,83500.0,80700.0
3486,HPG,2021-09-15,51600.0,50100.0,52000.0,49900.0
3487,FPT,2021-09-15,94100.0,93800.0,94400.0,93300.0
3488,TCB,2021-09-15,48400.0,48200.0,48800.0,48100.0
3489,POW,2021-09-15,11800.0,11500.0,11850.0,11500.0
3490,POW,2021-09-14,11500.0,11800.0,12000.0,11450.0
3491,HPG,2021-09-14,50300.0,50800.0,51000.0,50200.0
3492,FPT,2021-09-14,93800.0,93300.0,94700.0,93000.0
3493,VHM,2021-09-14,107000.0,107000.0,108400.0,106700.0
3494,TCB,2021-09-14,48500.0,48950.0,49100.0,48500.0
3495,FPT,2021-09-13,93000.0,93600.0,94000.0,92900.0
3496,HPG,2021-09-13,50800.0,51500.0,51500.0,50700.0
3497,TCB,2021-09-13,48950.0,49150.0,49450.0,48900.0
3498,VHM,2021-09-13,107000.0,108000.0,108100.0,106800.0
3499,POW,2021-09-13,11850.0,12100.0,12150.0,11850.0
3500,FPT,2021-09-10,93500.0,93400.0,94400.0,93400.0
3501,VHM,2021-09-10,107500.0,108000.0,108900.0,107500.0
3502,POW,2021-09-10,12100.0,12050.0,12350.0,12050.0
3503,TCB,2021-09-10,49300.0,49800.0,49800.0,49000.0
3504,HPG,2021-09-10,51500.0,52000.0,52200.0,51400.0
3505,HPG,2021-09-09,51900.0,51600.0,52400.0,51500.0
3506,POW,2021-09-09,12100.0,11950.0,12350.0,11850.0
3507,FPT,2021-09-09,93200.0,93100.0,93900.0,92800.0
3508,TCB,2021-09-09,49300.0,48500.0,49500.0,48500.0
3509,VHM,2021-09-09,107700.0,107500.0,108900.0,107100.0
3510,HPG,2021-09-08,51300.0,50700.0,51900.0,50400.0
3511,POW,2021-09-08,11900.0,12000.0,12200.0,11850.0
3512,TCB,2021-09-08,48800.0,49600.0,49650.0,48600.0
3513,VHM,2021-09-08,107900.0,109700.0,110000.0,107700.0
3514,FPT,2021-09-08,93100.0,93500.0,94200.0,92800.0
3515,FPT,2021-09-07,93500.0,95300.0,95300.0,93500.0
3516,HPG,2021-09-07,50700.0,51600.0,52000.0,50600.0
3517,POW,2021-09-07,12050.0,12400.0,12500.0,12050.0
3518,VHM,2021-09-07,109600.0,109000.0,111000.0,108500.0
3519,TCB,2021-09-07,49650.0,49050.0,50400.0,49050.0
3520,POW,2021-09-06,12400.0,12500.0,12750.0,12350.0
3521,HPG,2021-09-06,51200.0,49500.0,51400.0,49400.0
3522,TCB,2021-09-06,48950.0,48650.0,48950.0,47900.0
3523,VHM,2021-09-06,108400.0,107900.0,108900.0,106800.0
3524,FPT,2021-09-06,94900.0,92400.0,94900.0,92300.0
3525,VHM,2021-09-01,107000.0,108400.0,109200.0,106600.0
3526,HPG,2021-09-01,49200.0,49000.0,49550.0,48900.0
3527,TCB,2021-09-01,48300.0,48200.0,48950.0,48200.0
3528,POW,2021-09-01,12450.0,11750.0,12450.0,11700.0
3529,FPT,2021-09-01,92400.0,92100.0,93000.0,92100.0
3530,VHM,2021-08-31,106400.0,107000.0,107100.0,106200.0
3531,HPG,2021-08-31,49300.0,49000.0,49700.0,48800.0
3532,POW,2021-08-31,11850.0,11950.0,12000.0,11750.0
3533,FPT,2021-08-31,92400.0,92300.0,93200.0,92000.0
3534,TCB,2021-08-31,48500.0,49500.0,49500.0,47000.0
3535,FPT,2021-08-30,92200.0,93000.0,93000.0,92100.0
3536,VHM,2021-08-30,106900.0,107100.0,107700.0,106600.0
3537,POW,2021-08-30,11950.0,12000.0,12200.0,11850.0
3538,HPG,2021-08-30,48700.0,48000.0,48750.0,47650.0
3539,TCB,2021-08-30,49200.0,48600.0,49400.0,48100.0
3540,POW,2021-08-27,11900.0,11250.0,12000.0,11050.0
3541,HPG,2021-08-27,47600.0,47500.0,47850.0,46750.0
3542,FPT,2021-08-27,92000.0,91000.0,92000.0,90600.0
3543,TCB,2021-08-27,48050.0,47800.0,48150.0,47000.0
3544,VHM,2021-08-27,106900.0,106000.0,106900.0,105000.0
3545,POW,2021-08-26,11350.0,11600.0,11650.0,11200.0
3546,FPT,2021-08-26,91400.0,92000.0,92900.0,91200.0
3547,TCB,2021-08-26,48300.0,49300.0,49350.0,48200.0
3548,VHM,2021-08-26,106600.0,107000.0,107400.0,105300.0
3549,HPG,2021-08-26,47700.0,48600.0,48600.0,47550.0
3550,HPG,2021-08-25,48400.0,47950.0,48500.0,47400.0
3551,TCB,2021-08-25,49150.0,48900.0,49200.0,48500.0
3552,POW,2021-08-25,11250.0,10650.0,11250.0,10550.0
3553,VHM,2021-08-25,107000.0,107500.0,107900.0,106800.0
3554,FPT,2021-08-25,91900.0,92400.0,92400.0,91000.0
3555,HPG,2021-08-24,47750.0,47600.0,48250.0,47500.0
3556,FPT,2021-08-24,91900.0,91500.0,92000.0,89900.0
3557,VHM,2021-08-24,107300.0,107500.0,108100.0,106500.0
3558,TCB,2021-08-24,49000.0,48750.0,49200.0,48400.0
3559,POW,2021-08-24,10550.0,10600.0,10750.0,10400.0
3560,FPT,2021-08-23,91000.0,92500.0,92500.0,91000.0
3561,TCB,2021-08-23,48750.0,50300.0,50800.0,48750.0
3562,HPG,2021-08-23,47500.0,49000.0,49000.0,47500.0
3563,VHM,2021-08-23,107200.0,107500.0,109000.0,107200.0
3564,POW,2021-08-23,10550.0,10850.0,10900.0,10550.0
3565,FPT,2021-08-20,92800.0,94500.0,94700.0,91100.0
3566,POW,2021-08-20,10900.0,11350.0,11400.0,10750.0
3567,HPG,2021-08-20,49000.0,50800.0,51000.0,48200.0
3568,TCB,2021-08-20,50500.0,52800.0,53000.0,49800.0
3569,VHM,2021-08-20,108100.0,111000.0,111000.0,107800.0
3570,HPG,2021-08-19,50900.0,50600.0,51300.0,50400.0
3571,TCB,2021-08-19,53000.0,52500.0,53300.0,52100.0
3572,FPT,2021-08-19,94500.0,95000.0,95000.0,93800.0
3573,VHM,2021-08-19,111000.0,110000.0,111400.0,109000.0
3574,POW,2021-08-19,11350.0,11400.0,11400.0,11250.0
3575,VHM,2021-08-18,110000.0,110000.0,113500.0,107900.0
3576,POW,2021-08-18,11400.0,11350.0,11450.0,11250.0
3577,FPT,2021-08-18,94000.0,93800.0,94900.0,93800.0
3578,TCB,2021-08-18,52800.0,53000.0,53500.0,52500.0
3579,HPG,2021-08-18,50400.0,50500.0,50900.0,49900.0
3580,TCB,2021-08-17,53300.0,54300.0,54700.0,52800.0
3581,POW,2021-08-17,11350.0,11500.0,11500.0,11300.0
3582,VHM,2021-08-17,111000.0,115000.0,115500.0,110500.0
3583,FPT,2021-08-17,93800.0,94100.0,94600.0,93500.0
3584,HPG,2021-08-17,50400.0,49650.0,50900.0,49600.0
3585,VHM,2021-08-16,116000.0,121900.0,121900.0,114600.0
3586,HPG,2021-08-16,49450.0,49000.0,49500.0,48950.0
3587,FPT,2021-08-16,94600.0,95000.0,95200.0,94400.0
3588,TCB,2021-08-16,54000.0,52300.0,54400.0,52100.0
3589,POW,2021-08-16,11450.0,11300.0,11550.0,11300.0
3590,FPT,2021-08-13,95000.0,93100.0,95000.0,93000.0
3591,TCB,2021-08-13,52200.0,52000.0,52200.0,51100.0
3592,VHM,2021-08-13,120000.0,118000.0,120700.0,117200.0
3593,POW,2021-08-13,11300.0,11300.0,11450.0,11100.0
3594,HPG,2021-08-13,48650.0,48400.0,48700.0,47700.0
3595,POW,2021-08-12,11350.0,11500.0,11550.0,11350.0
3596,FPT,2021-08-12,93800.0,95800.0,96000.0,93400.0
3597,HPG,2021-08-12,48400.0,48900.0,49000.0,48400.0
3598,VHM,2021-08-12,117000.0,115800.0,117300.0,115200.0
3599,TCB,2021-08-12,52000.0,52400.0,53000.0,52000.0
3600,TCB,2021-08-11,52300.0,52300.0,53500.0,51900.0
3601,HPG,2021-08-11,48950.0,49800.0,49800.0,48950.0
3602,POW,2021-08-11,11450.0,11250.0,11750.0,11200.0
3603,VHM,2021-08-11,116000.0,117000.0,117700.0,115400.0
3604,FPT,2021-08-11,96100.0,97700.0,97800.0,96100.0
3605,POW,2021-08-10,11250.0,11200.0,11400.0,11150.0
3606,TCB,2021-08-10,52300.0,53000.0,53000.0,51900.0
3607,HPG,2021-08-10,49400.0,50100.0,50500.0,49100.0
3608,FPT,2021-08-10,97800.0,98300.0,98400.0,97600.0
3609,VHM,2021-08-10,117000.0,118500.0,119100.0,117000.0
3610,POW,2021-08-09,11150.0,11050.0,11200.0,10900.0
3611,VHM,2021-08-09,117400.0,113900.0,117400.0,113500.0
3612,FPT,2021-08-09,97500.0,97000.0,97700.0,95900.0
3613,TCB,2021-08-09,52500.0,51500.0,52700.0,51300.0
3614,HPG,2021-08-09,49700.0,48100.0,49700.0,47950.0
3615,FPT,2021-08-06,96600.0,96800.0,97200.0,95800.0
3616,VHM,2021-08-06,113900.0,112000.0,114500.0,111800.0
3617,TCB,2021-08-06,51800.0,52500.0,53200.0,51800.0
3618,HPG,2021-08-06,48400.0,48600.0,49100.0,48300.0
3619,POW,2021-08-06,11000.0,10800.0,11200.0,10750.0
3620,VHM,2021-08-05,111700.0,110400.0,111700.0,109900.0
3621,HPG,2021-08-05,48800.0,47450.0,49000.0,47350.0
3622,POW,2021-08-05,10800.0,10800.0,10900.0,10700.0
3623,FPT,2021-08-05,96600.0,95200.0,97000.0,94900.0
3624,TCB,2021-08-05,52500.0,51900.0,52700.0,51700.0
3625,VHM,2021-08-04,110500.0,111500.0,112000.0,109500.0
3626,TCB,2021-08-04,52000.0,52500.0,52600.0,51800.0
3627,FPT,2021-08-04,95600.0,95900.0,96200.0,94900.0
3628,POW,2021-08-04,10850.0,10800.0,10950.0,10750.0
3629,HPG,2021-08-04,47500.0,47550.0,48000.0,47250.0
3630,POW,2021-08-03,10800.0,10800.0,10850.0,10700.0
3631,TCB,2021-08-03,51800.0,50800.0,52000.0,50800.0
3632,VHM,2021-08-03,110900.0,107800.0,112200.0,107800.0
3633,HPG,2021-08-03,47250.0,47300.0,47650.0,46750.0
3634,FPT,2021-08-03,95800.0,95800.0,96000.0,94700.0
3635,FPT,2021-08-02,95600.0,94000.0,96600.0,94000.0
3636,TCB,2021-08-02,50800.0,51000.0,51400.0,50600.0
3637,HPG,2021-08-02,47250.0,47100.0,47900.0,46900.0
3638,POW,2021-08-02,10750.0,10700.0,10900.0,10650.0
3639,VHM,2021-08-02,108100.0,108000.0,108400.0,107100.0
3640,TCB,2021-07-30,51100.0,50700.0,51600.0,50500.0
3641,VHM,2021-07-30,108300.0,108000.0,108800.0,107000.0
3642,POW,2021-07-30,10700.0,10650.0,10800.0,10550.0
3643,FPT,2021-07-30,94000.0,93500.0,94800.0,92800.0
3644,HPG,2021-07-30,47300.0,47100.0,47600.0,47100.0
3645,VHM,2021-07-29,107900.0,109000.0,109300.0,106500.0
3646,TCB,2021-07-29,50600.0,50100.0,50800.0,50000.0
3647,FPT,2021-07-29,93400.0,92000.0,93900.0,91700.0
3648,HPG,2021-07-29,47100.0,46950.0,47700.0,46800.0
3649,POW,2021-07-29,10650.0,10700.0,10700.0,10550.0
3650,HPG,2021-07-28,46700.0,46300.0,47100.0,46200.0
3651,FPT,2021-07-28,92000.0,92800.0,93700.0,91700.0
3652,TCB,2021-07-28,49700.0,49750.0,50300.0,49500.0
3653,POW,2021-07-28,10600.0,10700.0,10800.0,10600.0
3654,VHM,2021-07-28,106500.0,107100.0,107700.0,105600.0
3655,HPG,2021-07-27,46200.0,46000.0,46800.0,45700.0
3656,FPT,2021-07-27,93200.0,94400.0,94900.0,92500.0
3657,POW,2021-07-27,10800.0,10600.0,10950.0,10550.0
3658,TCB,2021-07-27,49750.0,50000.0,50300.0,49550.0
3659,VHM,2021-07-27,107800.0,110700.0,110800.0,107600.0
3660,TCB,2021-07-26,49000.0,49000.0,49650.0,48700.0
3661,HPG,2021-07-26,45600.0,45500.0,46100.0,44650.0
3662,VHM,2021-07-26,109600.0,107500.0,110600.0,107200.0
3663,POW,2021-07-26,10500.0,10400.0,10550.0,10350.0
3664,FPT,2021-07-26,93700.0,90300.0,93900.0,90200.0
3665,TCB,2021-07-23,49500.0,50600.0,51100.0,49500.0
3666,HPG,2021-07-23,45800.0,46800.0,47000.0,45800.0
3667,VHM,2021-07-23,107600.0,110000.0,111500.0,107600.0
3668,FPT,2021-07-23,90500.0,89400.0,92900.0,88700.0
3669,POW,2021-07-23,10500.0,10400.0,10750.0,10400.0
3670,VHM,2021-07-22,111000.0,108000.0,111000.0,107000.0
3671,HPG,2021-07-22,47200.0,46700.0,47700.0,46300.0
3672,TCB,2021-07-22,51100.0,50100.0,51500.0,49800.0
3673,FPT,2021-07-22,89400.0,86200.0,89600.0,86200.0
3674,POW,2021-07-22,10350.0,10300.0,10500.0,10200.0
3675,VHM,2021-07-21,108000.0,107500.0,108800.0,106600.0
3676,FPT,2021-07-21,86600.0,86800.0,87900.0,86100.0
3677,HPG,2021-07-21,46750.0,47500.0,47800.0,46600.0
3678,TCB,2021-07-21,50300.0,50600.0,51400.0,49600.0
3679,POW,2021-07-21,10250.0,10300.0,10400.0,10200.0
3680,POW,2021-07-20,10300.0,10200.0,10300.0,10050.0
3681,FPT,2021-07-20,86800.0,84800.0,86800.0,83900.0
3682,HPG,2021-07-20,47300.0,45000.0,47300.0,44450.0
3683,VHM,2021-07-20,106600.0,105600.0,106600.0,103000.0
3684,TCB,2021-07-20,49500.0,48300.0,49600.0,47000.0
3685,TCB,2021-07-19,48000.0,50000.0,50900.0,48000.0
3686,FPT,2021-07-19,84700.0,85200.0,86400.0,84500.0
3687,VHM,2021-07-19,104300.0,106900.0,107700.0,103300.0
3688,HPG,2021-07-19,44300.0,45650.0,45900.0,44000.0
3689,POW,2021-07-19,10100.0,10300.0,10400.0,9980.0
3690,FPT,2021-07-16,86800.0,85900.0,88000.0,85500.0
3691,VHM,2021-07-16,109000.0,110300.0,110500.0,108700.0
3692,HPG,2021-07-16,46750.0,46700.0,47450.0,46500.0
3693,TCB,2021-07-16,51600.0,52600.0,52900.0,51600.0
3694,POW,2021-07-16,10600.0,10700.0,10700.0,10500.0
3695,HPG,2021-07-15,46500.0,44600.0,46850.0,44600.0
3696,TCB,2021-07-15,52100.0,51000.0,53200.0,50800.0
3697,FPT,2021-07-15,85400.0,84700.0,86600.0,84700.0
3698,VHM,2021-07-15,110300.0,108500.0,110600.0,108500.0
3699,POW,2021-07-15,10700.0,10450.0,10700.0,10300.0
3700,TCB,2021-07-14,51000.0,53700.0,53800.0,50600.0
3701,POW,2021-07-14,10450.0,10600.0,10700.0,10350.0
3702,HPG,2021-07-14,45000.0,45900.0,46000.0,44350.0
3703,VHM,2021-07-14,109500.0,109700.0,112200.0,107800.0
3704,FPT,2021-07-14,85200.0,87600.0,87600.0,84700.0
3705,FPT,2021-07-13,87000.0,86900.0,87300.0,85000.0
3706,HPG,2021-07-13,45500.0,45500.0,46000.0,44550.0
3707,VHM,2021-07-13,109500.0,109900.0,109900.0,106000.0
3708,POW,2021-07-13,10550.0,10200.0,10550.0,10100.0
3709,TCB,2021-07-13,53900.0,54100.0,54300.0,52800.0
3710,POW,2021-07-12,10150.0,10800.0,10850.0,10050.0
3711,VHM,2021-07-12,108000.0,112000.0,112000.0,104700.0
3712,HPG,2021-07-12,44950.0,46700.0,46900.0,44000.0
3713,TCB,2021-07-12,53500.0,55500.0,56500.0,52700.0
3714,FPT,2021-07-12,86100.0,88800.0,89700.0,83600.0
3715,POW,2021-07-09,10800.0,11300.0,11300.0,10800.0
3716,TCB,2021-07-09,56600.0,56100.0,58500.0,55600.0
3717,HPG,2021-07-09,47300.0,48500.0,49100.0,46000.0
3718,FPT,2021-07-09,89700.0,89600.0,92000.0,88800.0
3719,VHM,2021-07-09,112500.0,113700.0,115900.0,111500.0
3720,FPT,2021-07-08,89800.0,90400.0,90500.0,89000.0
3721,HPG,2021-07-08,49000.0,49900.0,50100.0,48600.0
3722,TCB,2021-07-08,56600.0,55800.0,57400.0,55600.0
3723,POW,2021-07-08,11350.0,11400.0,11550.0,11300.0
3724,VHM,2021-07-08,115000.0,115500.0,116700.0,113800.0
3725,FPT,2021-07-07,90500.0,87000.0,91000.0,85000.0
3726,POW,2021-07-07,11400.0,11450.0,11600.0,11200.0
3727,HPG,2021-07-07,49900.0,49000.0,49900.0,47850.0
3728,VHM,2021-07-07,117000.0,111000.0,117000.0,109500.0
3729,TCB,2021-07-07,56600.0,55000.0,56600.0,53600.0
3730,FPT,2021-07-06,87000.0,92500.0,93000.0,87000.0
3731,TCB,2021-07-06,54000.0,57800.0,58600.0,54000.0
3732,POW,2021-07-06,11450.0,11750.0,11850.0,11450.0
3733,VHM,2021-07-06,110300.0,118100.0,119100.0,110300.0
3734,HPG,2021-07-06,48000.0,51100.0,52200.0,48000.0
3735,HPG,2021-07-05,51200.0,52300.0,52300.0,50800.0
3736,FPT,2021-07-05,92700.0,95000.0,95000.0,91000.0
3737,POW,2021-07-05,11700.0,11950.0,12000.0,11650.0
3738,TCB,2021-07-05,58000.0,54800.0,58100.0,53800.0
3739,VHM,2021-07-05,118500.0,119000.0,119000.0,115200.0
3740,FPT,2021-07-02,91900.0,89300.0,92500.0,88900.0
3741,POW,2021-07-02,12000.0,12100.0,12200.0,12000.0
3742,TCB,2021-07-02,54300.0,54200.0,54900.0,53600.0
3743,VHM,2021-07-02,118000.0,117200.0,119200.0,116500.0
3744,HPG,2021-07-02,52300.0,53000.0,53400.0,52200.0
3745,HPG,2021-07-01,52800.0,51700.0,52900.0,51600.0
3746,VHM,2021-07-01,117200.0,117100.0,118500.0,116800.0
3747,FPT,2021-07-01,88900.0,88100.0,88900.0,88000.0
3748,POW,2021-07-01,12100.0,12050.0,12150.0,11950.0
3749,TCB,2021-07-01,53300.0,52900.0,53500.0,52100.0
3750,FPT,2021-06-30,88000.0,89000.0,89100.0,88000.0
3751,VHM,2021-06-30,118000.0,119000.0,120400.0,117300.0
3752,POW,2021-06-30,12050.0,12050.0,12300.0,12000.0
3753,HPG,2021-06-30,51500.0,51900.0,52200.0,51400.0
3754,TCB,2021-06-30,52700.0,53400.0,53800.0,52600.0
3755,TCB,2021-06-29,53500.0,53600.0,53800.0,52800.0
3756,VHM,2021-06-29,118600.0,116000.0,119400.0,115800.0
3757,POW,2021-06-29,12050.0,12200.0,12250.0,12050.0
3758,HPG,2021-06-29,51800.0,52500.0,52600.0,51700.0
3759,FPT,2021-06-29,88600.0,86600.0,89000.0,86300.0
3760,VHM,2021-06-28,115500.0,113000.0,115500.0,112400.0
3761,FPT,2021-06-28,85700.0,86100.0,86100.0,85400.0
3762,POW,2021-06-28,12150.0,12200.0,12250.0,12100.0
3763,TCB,2021-06-28,53600.0,52500.0,54000.0,52200.0
3764,HPG,2021-06-28,52400.0,51300.0,52500.0,50800.0
3765,POW,2021-06-25,12150.0,12150.0,12250.0,11950.0
3766,VHM,2021-06-25,112100.0,112900.0,113500.0,111600.0
3767,HPG,2021-06-25,50700.0,50700.0,51200.0,49800.0
3768,FPT,2021-06-25,85200.0,84700.0,85400.0,84200.0
3769,TCB,2021-06-25,51600.0,51000.0,51600.0,50400.0
3770,POW,2021-06-24,12150.0,12250.0,12350.0,12050.0
3771,FPT,2021-06-24,84700.0,84300.0,84900.0,83900.0
3772,HPG,2021-06-24,50600.0,51400.0,51700.0,50500.0
3773,TCB,2021-06-24,50900.0,51300.0,51700.0,50600.0
3774,VHM,2021-06-24,112100.0,110900.0,115000.0,110000.0
3775,TCB,2021-06-23,51100.0,50900.0,52100.0,50600.0
3776,POW,2021-06-23,12300.0,12600.0,12650.0,12200.0
3777,VHM,2021-06-23,111300.0,112000.0,112000.0,108900.0
3778,HPG,2021-06-23,51400.0,51600.0,51900.0,51100.0
3779,FPT,2021-06-23,84900.0,85300.0,85600.0,84100.0
3780,VHM,2021-06-22,111500.0,111900.0,112300.0,111500.0
3781,TCB,2021-06-22,50900.0,50800.0,51300.0,50300.0
3782,POW,2021-06-22,12550.0,12600.0,12800.0,12500.0
3783,HPG,2021-06-22,51700.0,51500.0,52400.0,51200.0
3784,FPT,2021-06-22,85400.0,86100.0,86600.0,85400.0
3785,FPT,2021-06-21,85600.0,83600.0,86300.0,83200.0
3786,HPG,2021-06-21,51200.0,52000.0,52500.0,51200.0
3787,VHM,2021-06-21,112000.0,111900.0,113000.0,111000.0
3788,TCB,2021-06-21,50400.0,50500.0,51000.0,50000.0
3789,POW,2021-06-21,12500.0,12300.0,12700.0,12200.0
3790,POW,2021-06-18,12300.0,12600.0,12600.0,12250.0
3791,FPT,2021-06-18,83800.0,83100.0,84200.0,82700.0
3792,TCB,2021-06-18,51000.0,51000.0,51400.0,50600.0
3793,VHM,2021-06-18,112500.0,110000.0,116000.0,108800.0
3794,HPG,2021-06-18,52100.0,51900.0,53300.0,51400.0
3795,TCB,2021-06-17,50200.0,49500.0,50800.0,49500.0
3796,POW,2021-06-17,12400.0,11950.0,12600.0,11900.0
3797,FPT,2021-06-17,82600.0,82100.0,83100.0,82100.0
3798,VHM,2021-06-17,109000.0,108500.0,110000.0,108100.0
3799,HPG,2021-06-17,51400.0,50900.0,51900.0,50900.0
3800,POW,2021-06-16,12050.0,12050.0,12300.0,12000.0
3801,FPT,2021-06-16,83100.0,83200.0,84600.0,82700.0
3802,HPG,2021-06-16,51800.0,52800.0,53000.0,51500.0
3803,TCB,2021-06-16,50700.0,51500.0,52200.0,50500.0
3804,VHM,2021-06-16,110000.0,112000.0,113000.0,109100.0
3805,POW,2021-06-15,12050.0,12200.0,12350.0,12000.0
3806,VHM,2021-06-15,112600.0,112000.0,113100.0,111100.0
3807,HPG,2021-06-15,53200.0,53000.0,53600.0,52700.0
3808,TCB,2021-06-15,52300.0,52600.0,53200.0,52000.0
3809,FPT,2021-06-15,83200.0,83800.0,84500.0,83200.0
3810,TCB,2021-06-14,52700.0,52700.0,53300.0,52000.0
3811,POW,2021-06-14,12200.0,12150.0,12350.0,12000.0
3812,VHM,2021-06-14,109900.0,107100.0,110900.0,107100.0
3813,HPG,2021-06-14,53600.0,53500.0,54300.0,52800.0
3814,FPT,2021-06-14,83800.0,83500.0,84600.0,83000.0
3815,HPG,2021-06-11,53100.0,52100.0,53200.0,51600.0
3816,TCB,2021-06-11,52600.0,50500.0,53200.0,50100.0
3817,FPT,2021-06-11,83500.0,81500.0,83900.0,81300.0
3818,VHM,2021-06-11,106000.0,104000.0,106400.0,103800.0
3819,POW,2021-06-11,12050.0,11900.0,12150.0,11900.0
3820,HPG,2021-06-10,51600.0,50200.0,52600.0,50000.0
3821,VHM,2021-06-10,104100.0,105500.0,107000.0,104000.0
3822,POW,2021-06-10,11900.0,12100.0,12200.0,11800.0
3823,TCB,2021-06-10,50100.0,50800.0,51200.0,50000.0
3824,FPT,2021-06-10,81900.0,81700.0,82500.0,81000.0
3825,TCB,2021-06-09,50800.0,49700.0,51100.0,49000.0
3826,HPG,2021-06-09,50300.0,49900.0,51400.0,49000.0
3827,POW,2021-06-09,12100.0,12000.0,12200.0,11800.0
3828,VHM,2021-06-09,106100.0,106000.0,106800.0,104500.0
3829,FPT,2021-06-09,81700.0,80600.0,82100.0,79000.0
3830,FPT,2021-06-08,80800.0,82000.0,83000.0,80600.0
3831,POW,2021-06-08,12100.0,12700.0,12800.0,12050.0
3832,HPG,2021-06-08,50000.0,52300.0,52900.0,50000.0
3833,VHM,2021-06-08,105300.0,106700.0,109500.0,105000.0
3834,TCB,2021-06-08,49500.0,52300.0,52900.0,49000.0
3835,TCB,2021-06-07,52400.0,53000.0,54400.0,51000.0
3836,FPT,2021-06-07,82700.0,84600.0,84700.0,81000.0
3837,POW,2021-06-07,12900.0,13300.0,13450.0,12800.0
3838,HPG,2021-06-07,52700.0,54600.0,55000.0,52000.0
3839,VHM,2021-06-07,106000.0,104500.0,106800.0,104500.0
3840,POW,2021-06-04,13100.0,13000.0,13100.0,12650.0
3841,HPG,2021-06-04,54500.0,54500.0,55300.0,54300.0
3842,VHM,2021-06-04,104500.0,107000.0,107300.0,103800.0
3843,TCB,2021-06-04,54600.0,54800.0,55200.0,54000.0
3844,FPT,2021-06-04,84700.0,85000.0,85100.0,83800.0
3845,VHM,2021-06-03,105400.0,104600.0,106000.0,104600.0
3846,POW,2021-06-03,12700.0,11950.0,12700.0,11950.0
3847,FPT,2021-06-03,85200.0,85000.0,85400.0,84300.0
3848,HPG,2021-06-03,54300.0,54000.0,54600.0,53000.0
3849,TCB,2021-06-03,54800.0,53300.0,55100.0,52800.0
3850,POW,2021-06-02,11900.0,12150.0,12200.0,11850.0
3851,VHM,2021-06-02,104400.0,103500.0,105500.0,103000.0
3852,FPT,2021-06-02,85500.0,87100.0,87500.0,85000.0
3853,HPG,2021-06-02,54000.0,55000.0,55500.0,53000.0
3854,TCB,2021-06-02,52800.0,52900.0,53300.0,51800.0
3855,FPT,2021-06-01,87100.0,87900.0,88500.0,87000.0
3856,TCB,2021-06-01,53100.0,54100.0,54300.0,53000.0
3857,HPG,2021-06-01,55500.0,54600.0,56300.0,54000.0
3858,POW,2021-06-01,12100.0,12100.0,12300.0,12000.0
3859,VHM,2021-06-01,104000.0,102000.0,105700.0,101300.0
3860,POW,2021-05-31,11750.0,11700.0,11750.0,11450.0
3861,TCB,2021-05-31,53700.0,53200.0,53700.0,52200.0
3862,FPT,2021-05-31,97900.0,95500.0,98000.0,94700.0
3863,HPG,2021-05-31,52700.0,52700.0,52700.0,51800.0
3864,VHM,2021-05-31,102600.0,104500.0,104500.0,101100.0
3865,VHM,2021-05-28,104600.0,105000.0,105500.0,103200.0
3866,FPT,2021-05-28,94800.0,94000.0,95000.0,93700.0
3867,HPG,2021-05-28,67100.0,67100.0,67300.0,66200.0
3868,POW,2021-05-28,11700.0,11650.0,11800.0,11600.0
3869,TCB,2021-05-28,53000.0,51700.0,53300.0,51200.0
3870,VHM,2021-05-27,104400.0,106000.0,107500.0,98700.0
3871,POW,2021-05-27,11650.0,11750.0,11850.0,11550.0
3872,FPT,2021-05-27,93800.0,95300.0,95400.0,93500.0
3873,TCB,2021-05-27,51400.0,53200.0,53500.0,50800.0
3874,HPG,2021-05-27,66800.0,67700.0,67800.0,66200.0
3875,POW,2021-05-26,11650.0,11900.0,11900.0,11650.0
3876,VHM,2021-05-26,105700.0,104600.0,107200.0,103800.0
3877,HPG,2021-05-26,67800.0,67400.0,67800.0,67200.0
3878,FPT,2021-05-26,95300.0,94200.0,95500.0,93700.0
3879,TCB,2021-05-26,52800.0,51600.0,53000.0,51200.0
3880,TCB,2021-05-25,51600.0,51200.0,52100.0,51200.0
3881,FPT,2021-05-25,93800.0,93500.0,95200.0,92800.0
3882,VHM,2021-05-25,104600.0,105200.0,105900.0,104200.0
3883,HPG,2021-05-25,67400.0,65300.0,67800.0,65200.0
3884,POW,2021-05-25,11900.0,12000.0,12150.0,11850.0
3885,HPG,2021-05-24,65400.0,65600.0,66100.0,65000.0
3886,POW,2021-05-24,11800.0,11850.0,11950.0,11700.0
3887,FPT,2021-05-24,93500.0,93800.0,93900.0,92100.0
3888,TCB,2021-05-24,50900.0,50700.0,51200.0,50400.0
3889,VHM,2021-05-24,106000.0,104800.0,107000.0,104000.0
3890,POW,2021-05-21,11700.0,11450.0,11950.0,11300.0
3891,FPT,2021-05-21,93800.0,94300.0,96600.0,93000.0
3892,HPG,2021-05-21,65600.0,66100.0,66400.0,65400.0
3893,VHM,2021-05-21,103900.0,101500.0,104200.0,100500.0
3894,TCB,2021-05-21,50800.0,50000.0,51700.0,49850.0
3895,VHM,2021-05-20,102000.0,100400.0,102000.0,99200.0
3896,TCB,2021-05-20,50200.0,50700.0,50800.0,49900.0
3897,FPT,2021-05-20,95500.0,90800.0,95500.0,90400.0
3898,POW,2021-05-20,11450.0,11700.0,11850.0,11400.0
3899,HPG,2021-05-20,66600.0,66200.0,66700.0,65500.0
3900,HPG,2021-05-19,66100.0,64000.0,66700.0,63500.0
3901,VHM,2021-05-19,100400.0,99000.0,100700.0,98500.0
3902,FPT,2021-05-19,90800.0,87500.0,91100.0,86800.0
3903,TCB,2021-05-19,50100.0,48400.0,50200.0,48400.0
3904,POW,2021-05-19,11700.0,12000.0,12100.0,11600.0
3905,VHM,2021-05-18,98900.0,101600.0,102000.0,98900.0
3906,POW,2021-05-18,12000.0,12100.0,12250.0,11950.0
3907,TCB,2021-05-18,48350.0,47700.0,48900.0,47550.0
3908,FPT,2021-05-18,87000.0,86400.0,87400.0,86200.0
3909,HPG,2021-05-18,63400.0,62500.0,63700.0,62500.0
3910,VHM,2021-05-17,100800.0,99500.0,103500.0,99300.0
3911,HPG,2021-05-17,61900.0,61400.0,62400.0,60600.0
3912,POW,2021-05-17,12150.0,12300.0,12500.0,12150.0
3913,FPT,2021-05-17,85700.0,85800.0,86600.0,85200.0
3914,TCB,2021-05-17,47850.0,48750.0,49100.0,47600.0
3915,HPG,2021-05-14,61400.0,62000.0,62500.0,61000.0
3916,POW,2021-05-14,12250.0,12350.0,12550.0,12200.0
3917,VHM,2021-05-14,97200.0,97000.0,98500.0,96900.0
3918,TCB,2021-05-14,48650.0,48900.0,48950.0,48150.0
3919,FPT,2021-05-14,84800.0,84300.0,86200.0,84100.0
3920,FPT,2021-05-13,84000.0,85000.0,85400.0,84000.0
3921,POW,2021-05-13,12200.0,12400.0,12600.0,12200.0
3922,VHM,2021-05-13,97000.0,97200.0,98300.0,96900.0
3923,TCB,2021-05-13,48000.0,48950.0,49850.0,48000.0
3924,HPG,2021-05-13,61500.0,62400.0,63000.0,61500.0
3925,TCB,2021-05-12,49250.0,46700.0,49250.0,46700.0
3926,VHM,2021-05-12,97700.0,97500.0,98300.0,96800.0
3927,HPG,2021-05-12,62700.0,61600.0,62700.0,61300.0
3928,POW,2021-05-12,12450.0,12300.0,12550.0,12300.0
3929,FPT,2021-05-12,85400.0,85000.0,85400.0,84300.0
3930,FPT,2021-05-11,85200.0,86000.0,86600.0,85200.0
3931,TCB,2021-05-11,47000.0,48100.0,48250.0,47000.0
3932,HPG,2021-05-11,62000.0,63300.0,63300.0,62000.0
3933,POW,2021-05-11,12300.0,12300.0,12650.0,12150.0
3934,VHM,2021-05-11,98000.0,99900.0,99900.0,98000.0
3935,TCB,2021-05-10,48100.0,46700.0,48400.0,46700.0
3936,FPT,2021-05-10,85800.0,83100.0,86000.0,83000.0
3937,VHM,2021-05-10,99100.0,96100.0,99800.0,96100.0
3938,POW,2021-05-10,12200.0,12000.0,12300.0,11950.0
3939,HPG,2021-05-10,63000.0,60800.0,63300.0,60800.0
3940,TCB,2021-05-07,47050.0,46800.0,47800.0,46400.0
3941,HPG,2021-05-07,60800.0,59200.0,61500.0,59100.0
3942,VHM,2021-05-07,97100.0,98500.0,99500.0,97000.0
3943,POW,2021-05-07,12100.0,12200.0,12300.0,12000.0
3944,FPT,2021-05-07,83000.0,82700.0,84000.0,82300.0
3945,VHM,2021-05-06,98700.0,99600.0,101000.0,98700.0
3946,FPT,2021-05-06,82700.0,83000.0,83500.0,82200.0
3947,POW,2021-05-06,12300.0,12700.0,12800.0,12300.0
3948,HPG,2021-05-06,59400.0,59300.0,60300.0,58800.0
3949,TCB,2021-05-06,47100.0,45100.0,47450.0,45050.0
3950,VHM,2021-05-05,99600.0,99200.0,101200.0,99200.0
3951,FPT,2021-05-05,82900.0,84500.0,84500.0,82700.0
3952,POW,2021-05-05,12700.0,12150.0,12850.0,12150.0
3953,HPG,2021-05-05,59300.0,60000.0,60300.0,59300.0
3954,TCB,2021-05-05,45950.0,44400.0,46400.0,44350.0
3955,VHM,2021-05-04,99200.0,98000.0,99500.0,96100.0
3956,POW,2021-05-04,12050.0,11950.0,12150.0,11900.0
3957,TCB,2021-05-04,43400.0,40300.0,43400.0,40100.0
3958,HPG,2021-05-04,59800.0,57300.0,60400.0,57000.0
3959,FPT,2021-05-04,82900.0,80000.0,83500.0,80000.0
3960,TCB,2021-04-29,41000.0,40050.0,41750.0,39950.0
3961,VHM,2021-04-29,99300.0,101400.0,101500.0,99000.0
3962,HPG,2021-04-29,58100.0,56500.0,58700.0,56400.0
3963,FPT,2021-04-29,80900.0,80800.0,81800.0,80800.0
3964,POW,2021-04-29,12300.0,12400.0,12450.0,12200.0
3965,TCB,2021-04-28,39950.0,39500.0,40400.0,39500.0
3966,FPT,2021-04-28,80800.0,80100.0,81300.0,80100.0
3967,HPG,2021-04-28,56000.0,56300.0,56500.0,55500.0
3968,VHM,2021-04-28,100900.0,100000.0,102900.0,100000.0
3969,POW,2021-04-28,12200.0,12100.0,12550.0,12100.0
3970,POW,2021-04-27,12100.0,12100.0,12350.0,11900.0
3971,TCB,2021-04-27,39500.0,39450.0,40100.0,39350.0
3972,FPT,2021-04-27,80700.0,80400.0,81400.0,80100.0
3973,HPG,2021-04-27,56300.0,55100.0,56400.0,54400.0
3974,VHM,2021-04-27,100000.0,99600.0,101100.0,98200.0
3975,TCB,2021-04-26,39450.0,40500.0,40800.0,39450.0
3976,POW,2021-04-26,12100.0,12750.0,12750.0,12050.0
3977,FPT,2021-04-26,81000.0,82500.0,82800.0,80500.0
3978,VHM,2021-04-26,99600.0,105000.0,105000.0,99600.0
3979,HPG,2021-04-26,55100.0,56500.0,56600.0,55000.0
3980,POW,2021-04-23,12600.0,12350.0,12600.0,12150.0
3981,VHM,2021-04-23,105000.0,103600.0,105000.0,102000.0
3982,HPG,2021-04-23,56400.0,55500.0,56400.0,54800.0
3983,FPT,2021-04-23,83000.0,80000.0,83000.0,79700.0
3984,TCB,2021-04-23,40500.0,39750.0,40550.0,39100.0
3985,TCB,2021-04-22,39700.0,40700.0,41100.0,39700.0
3986,POW,2021-04-22,12350.0,12850.0,13000.0,12350.0
3987,HPG,2021-04-22,55000.0,56500.0,57900.0,55000.0
3988,FPT,2021-04-22,80000.0,82000.0,83900.0,80000.0
3989,VHM,2021-04-22,103100.0,109000.0,112400.0,103100.0
3990,POW,2021-04-20,13000.0,13150.0,13300.0,12950.0
3991,FPT,2021-04-20,82900.0,81800.0,84900.0,81600.0
3992,VHM,2021-04-20,108600.0,107300.0,111800.0,106600.0
3993,TCB,2021-04-20,41150.0,41550.0,41900.0,40800.0
3994,HPG,2021-04-20,57200.0,58000.0,58600.0,56000.0
3995,TCB,2021-04-19,41600.0,40800.0,41700.0,40000.0
3996,VHM,2021-04-19,104500.0,103000.0,104500.0,101300.0
3997,HPG,2021-04-19,57800.0,55200.0,57800.0,54700.0
3998,FPT,2021-04-19,81500.0,80000.0,81500.0,79500.0
3999,POW,2021-04-19,13100.0,13300.0,13300.0,12950.0
4000,TCB,2021-04-16,40450.0,40800.0,41200.0,39600.0
4001,VHM,2021-04-16,101000.0,101200.0,104500.0,98000.0
4002,FPT,2021-04-16,79700.0,79800.0,81200.0,78800.0
4003,POW,2021-04-16,13200.0,13300.0,13550.0,12800.0
4004,HPG,2021-04-16,54600.0,54100.0,55700.0,53500.0
4005,VHM,2021-04-15,101200.0,101800.0,104500.0,100700.0
4006,HPG,2021-04-15,54500.0,53500.0,54700.0,52500.0
4007,POW,2021-04-15,13400.0,13900.0,13900.0,13400.0
4008,FPT,2021-04-15,80000.0,81000.0,81400.0,79800.0
4009,TCB,2021-04-15,40900.0,41950.0,41950.0,40900.0
4010,TCB,2021-04-14,41800.0,41100.0,41950.0,40900.0
4011,HPG,2021-04-14,53000.0,50100.0,53300.0,49900.0
4012,FPT,2021-04-14,81000.0,80000.0,81000.0,79500.0
4013,POW,2021-04-14,13800.0,13600.0,13900.0,13550.0
4014,VHM,2021-04-14,100500.0,98500.0,100500.0,97900.0
4015,POW,2021-04-13,13850.0,14300.0,14350.0,13700.0
4016,TCB,2021-04-13,41600.0,42500.0,42500.0,41500.0
4017,VHM,2021-04-13,102500.0,102900.0,105000.0,101800.0
4018,FPT,2021-04-13,80700.0,82000.0,82200.0,80500.0
4019,HPG,2021-04-13,50100.0,51500.0,51500.0,50100.0
4020,FPT,2021-04-12,82100.0,82400.0,82400.0,81500.0
4021,VHM,2021-04-12,101800.0,99500.0,102000.0,99300.0
4022,TCB,2021-04-12,42150.0,42000.0,42300.0,41600.0
4023,POW,2021-04-12,14250.0,13950.0,14500.0,13750.0
4024,HPG,2021-04-12,51200.0,49900.0,51500.0,49750.0
4025,TCB,2021-04-09,41600.0,41700.0,42000.0,41500.0
4026,VHM,2021-04-09,98900.0,99200.0,99200.0,98000.0
4027,POW,2021-04-09,13800.0,13850.0,13900.0,13700.0
4028,HPG,2021-04-09,49550.0,49300.0,49900.0,49050.0
4029,FPT,2021-04-09,82100.0,79900.0,83000.0,79900.0
4030,FPT,2021-04-08,79600.0,80200.0,80600.0,79500.0
4031,TCB,2021-04-08,41950.0,42400.0,42450.0,41700.0
4032,HPG,2021-04-08,49350.0,49500.0,49600.0,49000.0
4033,VHM,2021-04-08,99700.0,100500.0,100500.0,99700.0
4034,POW,2021-04-08,13800.0,14000.0,14050.0,13650.0
4035,TCB,2021-04-07,42200.0,42000.0,42550.0,41800.0
4036,POW,2021-04-07,13950.0,13500.0,14050.0,13350.0
4037,HPG,2021-04-07,49450.0,49400.0,49600.0,48900.0
4038,FPT,2021-04-07,79600.0,79200.0,79700.0,79100.0
4039,VHM,2021-04-07,100500.0,100700.0,101400.0,99500.0
4040,VHM,2021-04-06,101700.0,101700.0,103000.0,101300.0
4041,TCB,2021-04-06,42200.0,41450.0,42500.0,41100.0
4042,HPG,2021-04-06,49400.0,49300.0,49550.0,49100.0
4043,FPT,2021-04-06,79400.0,79100.0,80000.0,79100.0
4044,POW,2021-04-06,13450.0,13600.0,13650.0,13350.0
4045,HPG,2021-04-05,49300.0,49500.0,49600.0,48950.0
4046,TCB,2021-04-05,41500.0,41700.0,41800.0,41150.0
4047,POW,2021-04-05,13650.0,13850.0,13850.0,13500.0
4048,VHM,2021-04-05,101700.0,105000.0,105000.0,101000.0
4049,FPT,2021-04-05,79600.0,80400.0,80500.0,78900.0
4050,POW,2021-04-02,13600.0,13750.0,13850.0,13500.0
4051,FPT,2021-04-02,79800.0,80400.0,80500.0,79800.0
4052,HPG,2021-04-02,49050.0,48800.0,49300.0,48600.0
4053,VHM,2021-04-02,100700.0,100000.0,101800.0,99700.0
4054,TCB,2021-04-02,41250.0,41600.0,41800.0,41200.0
4055,HPG,2021-04-01,48500.0,47000.0,48500.0,46950.0
4056,FPT,2021-04-01,79700.0,77900.0,79700.0,77900.0
4057,VHM,2021-04-01,99000.0,97500.0,99500.0,97100.0
4058,TCB,2021-04-01,41000.0,40500.0,41000.0,40250.0
4059,POW,2021-04-01,13650.0,13200.0,13800.0,13000.0
4060,TCB,2021-03-31,40400.0,40200.0,40950.0,40050.0
4061,VHM,2021-03-31,97300.0,96500.0,98400.0,96500.0
4062,HPG,2021-03-31,46800.0,46450.0,47350.0,46350.0
4063,POW,2021-03-31,13200.0,13000.0,13400.0,13000.0
4064,FPT,2021-03-31,77700.0,77100.0,78100.0,76600.0
4065,VHM,2021-03-30,96300.0,96200.0,97900.0,95900.0
4066,HPG,2021-03-30,46450.0,46500.0,46750.0,46100.0
4067,TCB,2021-03-30,40050.0,39700.0,40400.0,39450.0
4068,FPT,2021-03-30,77100.0,77900.0,78000.0,77000.0
4069,POW,2021-03-30,13200.0,13200.0,13400.0,13000.0
4070,TCB,2021-03-29,39550.0,39700.0,39750.0,39150.0
4071,FPT,2021-03-29,77600.0,76500.0,78100.0,76100.0
4072,VHM,2021-03-29,96200.0,96000.0,96500.0,95100.0
4073,HPG,2021-03-29,46300.0,46500.0,46600.0,46150.0
4074,POW,2021-03-29,13100.0,12950.0,13250.0,12700.0
4075,VHM,2021-03-26,95700.0,96500.0,96700.0,94100.0
4076,TCB,2021-03-26,39400.0,39150.0,39650.0,38400.0
4077,POW,2021-03-26,12700.0,12500.0,12850.0,12100.0
4078,HPG,2021-03-26,46200.0,45500.0,46200.0,45050.0
4079,FPT,2021-03-26,76100.0,76200.0,76800.0,74500.0
4080,TCB,2021-03-25,39350.0,39400.0,39800.0,39200.0
4081,POW,2021-03-25,12600.0,12800.0,13000.0,12600.0
4082,VHM,2021-03-25,96700.0,97200.0,97700.0,95000.0
4083,HPG,2021-03-25,45000.0,45700.0,45750.0,44800.0
4084,FPT,2021-03-25,76600.0,77500.0,77500.0,76500.0
4085,HPG,2021-03-24,45450.0,46050.0,46350.0,45100.0
4086,FPT,2021-03-24,77000.0,77900.0,78900.0,76500.0
4087,TCB,2021-03-24,39300.0,39800.0,40450.0,39300.0
4088,POW,2021-03-24,12750.0,12950.0,13100.0,12600.0
4089,VHM,2021-03-24,97200.0,97600.0,98000.0,96000.0
4090,FPT,2021-03-23,78800.0,78500.0,80000.0,78300.0
4091,TCB,2021-03-23,40450.0,41100.0,41400.0,40400.0
4092,VHM,2021-03-23,98700.0,98600.0,99200.0,98000.0
4093,HPG,2021-03-23,46600.0,46650.0,47100.0,46400.0
4094,POW,2021-03-23,13300.0,13600.0,13650.0,13200.0
4095,VHM,2021-03-22,99300.0,98700.0,99500.0,98000.0
4096,POW,2021-03-22,13550.0,13500.0,13700.0,13450.0
4097,TCB,2021-03-22,41300.0,42000.0,42000.0,41150.0
4098,FPT,2021-03-22,78700.0,79500.0,79600.0,78300.0
4099,HPG,2021-03-22,46750.0,47300.0,47450.0,46700.0
4100,POW,2021-03-19,13400.0,13700.0,13750.0,13400.0
4101,FPT,2021-03-19,79800.0,80000.0,80500.0,79400.0
4102,TCB,2021-03-19,42000.0,41500.0,42150.0,41500.0
4103,VHM,2021-03-19,97800.0,99000.0,99300.0,97800.0
4104,HPG,2021-03-19,47150.0,46600.0,47450.0,46600.0
4105,HPG,2021-03-18,46600.0,46700.0,46750.0,46350.0
4106,TCB,2021-03-18,41950.0,41200.0,41950.0,40700.0
4107,POW,2021-03-18,13850.0,14100.0,14150.0,13750.0
4108,FPT,2021-03-18,81000.0,81000.0,81000.0,80000.0
4109,VHM,2021-03-18,99700.0,99500.0,99900.0,98000.0
4110,POW,2021-03-17,13950.0,13750.0,14200.0,13700.0
4111,HPG,2021-03-17,46300.0,46150.0,46450.0,46050.0
4112,TCB,2021-03-17,40300.0,40000.0,40400.0,39700.0
4113,FPT,2021-03-17,80800.0,81500.0,81500.0,80000.0
4114,VHM,2021-03-17,99300.0,98800.0,99700.0,98100.0
4115,HPG,2021-03-16,46100.0,46600.0,46600.0,45800.0
4116,TCB,2021-03-16,39850.0,40100.0,40200.0,39300.0
4117,POW,2021-03-16,13600.0,13700.0,13700.0,13300.0
4118,VHM,2021-03-16,99500.0,99600.0,99800.0,98100.0
4119,FPT,2021-03-16,81000.0,77000.0,81500.0,76600.0
4120,VHM,2021-03-15,99800.0,99900.0,100000.0,98500.0
4121,HPG,2021-03-15,46500.0,46600.0,46900.0,46400.0
4122,POW,2021-03-15,13700.0,13750.0,13850.0,13650.0
4123,TCB,2021-03-15,40100.0,40200.0,40500.0,39900.0
4124,FPT,2021-03-15,76500.0,76600.0,77500.0,76100.0
4125,POW,2021-03-12,13750.0,13900.0,13950.0,13650.0
4126,VHM,2021-03-12,99900.0,100000.0,101200.0,99300.0
4127,TCB,2021-03-12,40050.0,40400.0,40500.0,39750.0
4128,HPG,2021-03-12,46450.0,46600.0,46600.0,46200.0
4129,FPT,2021-03-12,76500.0,77000.0,77100.0,76300.0
4130,TCB,2021-03-11,40150.0,39700.0,40500.0,39450.0
4131,HPG,2021-03-11,46400.0,45900.0,46650.0,45800.0
4132,FPT,2021-03-11,76700.0,76500.0,77100.0,76100.0
4133,POW,2021-03-11,13800.0,13950.0,13950.0,13700.0
4134,VHM,2021-03-11,100000.0,101000.0,101400.0,98900.0
4135,POW,2021-03-10,13650.0,13450.0,14000.0,13350.0
4136,HPG,2021-03-10,45600.0,45850.0,45850.0,45150.0
4137,TCB,2021-03-10,39300.0,39000.0,39400.0,38500.0
4138,VHM,2021-03-10,99900.0,99500.0,100300.0,98000.0
4139,FPT,2021-03-10,76300.0,75900.0,77500.0,75000.0
4140,FPT,2021-03-09,75000.0,75000.0,75700.0,74500.0
4141,POW,2021-03-09,13600.0,13950.0,14000.0,13600.0
4142,VHM,2021-03-09,98200.0,97000.0,99300.0,95200.0
4143,HPG,2021-03-09,45850.0,46000.0,46200.0,45050.0
4144,TCB,2021-03-09,38950.0,38600.0,39300.0,38200.0
4145,FPT,2021-03-08,75800.0,76000.0,76500.0,75400.0
4146,VHM,2021-03-08,97200.0,99700.0,99800.0,96800.0
4147,HPG,2021-03-08,46300.0,46600.0,46900.0,46000.0
4148,TCB,2021-03-08,38850.0,39500.0,39700.0,38500.0
4149,POW,2021-03-08,14150.0,14350.0,14350.0,14050.0
4150,FPT,2021-03-05,75900.0,75500.0,76000.0,74500.0
4151,HPG,2021-03-05,46000.0,45650.0,46100.0,45100.0
4152,TCB,2021-03-05,39200.0,38900.0,39350.0,38300.0
4153,POW,2021-03-05,13450.0,12950.0,13450.0,12900.0
4154,VHM,2021-03-05,98400.0,98400.0,99500.0,98000.0
4155,HPG,2021-03-04,45900.0,46900.0,46900.0,45000.0
4156,VHM,2021-03-04,100000.0,101900.0,102000.0,98000.0
4157,TCB,2021-03-04,39050.0,40400.0,40500.0,38600.0
4158,POW,2021-03-04,12600.0,12950.0,12950.0,12400.0
4159,FPT,2021-03-04,75900.0,77700.0,77800.0,75100.0
4160,POW,2021-03-03,12850.0,12900.0,12950.0,12750.0
4161,HPG,2021-03-03,46800.0,46550.0,47050.0,46500.0
4162,FPT,2021-03-03,77700.0,78000.0,78100.0,77400.0
4163,TCB,2021-03-03,40350.0,40350.0,40500.0,40000.0
4164,VHM,2021-03-03,101500.0,102500.0,102500.0,101300.0
4165,FPT,2021-03-02,77900.0,78900.0,78900.0,76900.0
4166,POW,2021-03-02,12950.0,13200.0,13200.0,12900.0
4167,VHM,2021-03-02,102800.0,104000.0,104500.0,101700.0
4168,HPG,2021-03-02,46700.0,46800.0,47100.0,46200.0
4169,TCB,2021-03-02,40300.0,40700.0,40750.0,40000.0
4170,HPG,2021-03-01,46200.0,46250.0,46300.0,45800.0
4171,POW,2021-03-01,13050.0,12700.0,13100.0,12650.0
4172,TCB,2021-03-01,40200.0,39700.0,40250.0,39300.0
4173,VHM,2021-03-01,103000.0,102000.0,103400.0,101900.0
4174,FPT,2021-03-01,77900.0,76800.0,78000.0,76800.0
4175,VHM,2021-02-26,101600.0,101300.0,102800.0,100400.0
4176,HPG,2021-02-26,45600.0,43700.0,45700.0,43600.0
4177,FPT,2021-02-26,76200.0,75000.0,76400.0,74900.0
4178,POW,2021-02-26,12600.0,12500.0,12700.0,12400.0
4179,TCB,2021-02-26,39250.0,38300.0,39350.0,38300.0
4180,TCB,2021-02-25,39100.0,39500.0,39500.0,38500.0
4181,POW,2021-02-25,12700.0,12800.0,12900.0,12500.0
4182,HPG,2021-02-25,44150.0,44000.0,44400.0,43650.0
4183,FPT,2021-02-25,76200.0,76100.0,76300.0,74500.0
4184,VHM,2021-02-25,102800.0,103000.0,103600.0,101500.0
4185,FPT,2021-02-24,75400.0,76000.0,76500.0,74900.0
4186,HPG,2021-02-24,43600.0,43650.0,44400.0,43300.0
4187,TCB,2021-02-24,39100.0,40200.0,40200.0,38900.0
4188,POW,2021-02-24,12650.0,12950.0,13050.0,12500.0
4189,VHM,2021-02-24,102800.0,106000.0,106000.0,101000.0
4190,HPG,2021-02-23,43300.0,43200.0,43750.0,42950.0
4191,VHM,2021-02-23,105300.0,105800.0,106400.0,104000.0
4192,FPT,2021-02-23,75500.0,76300.0,77000.0,74600.0
4193,POW,2021-02-23,12850.0,13000.0,13050.0,12750.0
4194,TCB,2021-02-23,39800.0,38800.0,40350.0,38800.0
4195,FPT,2021-02-22,76800.0,76600.0,77500.0,76100.0
4196,POW,2021-02-22,12900.0,13050.0,13150.0,12850.0
4197,VHM,2021-02-22,105800.0,103600.0,106200.0,103600.0
4198,HPG,2021-02-22,43400.0,43450.0,44400.0,43000.0
4199,TCB,2021-02-22,38600.0,38650.0,38850.0,38000.0
4200,POW,2021-02-19,13050.0,12900.0,13300.0,12900.0
4201,HPG,2021-02-19,43450.0,43300.0,43900.0,43100.0
4202,VHM,2021-02-19,103100.0,102000.0,103400.0,101300.0
4203,TCB,2021-02-19,38700.0,38200.0,39100.0,38200.0
4204,FPT,2021-02-19,76600.0,77300.0,78000.0,76000.0
4205,HPG,2021-02-18,43850.0,43400.0,44000.0,42950.0
4206,VHM,2021-02-18,103200.0,101000.0,103200.0,100000.0
4207,POW,2021-02-18,13050.0,13150.0,13300.0,12800.0
4208,TCB,2021-02-18,38900.0,38500.0,39200.0,38000.0
4209,FPT,2021-02-18,78200.0,78000.0,78300.0,76600.0
4210,VHM,2021-02-17,101000.0,98000.0,101200.0,97000.0
4211,POW,2021-02-17,13000.0,12650.0,13000.0,12500.0
4212,HPG,2021-02-17,43450.0,42450.0,43450.0,42300.0
4213,TCB,2021-02-17,38400.0,36900.0,38400.0,36500.0
4214,FPT,2021-02-17,77900.0,76300.0,79000.0,75900.0
4215,HPG,2021-02-09,41800.0,40900.0,41900.0,40450.0
4216,VHM,2021-02-09,96800.0,96800.0,97300.0,93900.0
4217,POW,2021-02-09,12350.0,12350.0,12450.0,11900.0
4218,FPT,2021-02-09,74600.0,71400.0,74600.0,70000.0
4219,TCB,2021-02-09,36000.0,36000.0,36400.0,34700.0
4220,FPT,2021-02-08,71300.0,71300.0,72900.0,69600.0
4221,TCB,2021-02-08,35000.0,35000.0,36500.0,34000.0
4222,POW,2021-02-08,12150.0,12150.0,12800.0,11900.0
4223,VHM,2021-02-08,94700.0,94700.0,99400.0,92500.0
4224,HPG,2021-02-08,40900.0,40900.0,42600.0,40000.0
4225,TCB,2021-02-05,36300.0,35300.0,36300.0,35100.0
4226,VHM,2021-02-05,99300.0,98900.0,99600.0,98300.0
4227,FPT,2021-02-05,72900.0,73000.0,73400.0,71800.0
4228,POW,2021-02-05,12700.0,12600.0,12800.0,12500.0
4229,HPG,2021-02-05,42500.0,41950.0,42700.0,41700.0
4230,VHM,2021-02-04,98400.0,97200.0,98900.0,95200.0
4231,FPT,2021-02-04,72500.0,70200.0,73200.0,70200.0
4232,HPG,2021-02-04,41800.0,42000.0,42200.0,41550.0
4233,POW,2021-02-04,12600.0,12800.0,12950.0,12450.0
4234,TCB,2021-02-04,35000.0,35000.0,35600.0,34600.0
4235,VHM,2021-02-03,97200.0,94500.0,98900.0,94500.0
4236,FPT,2021-02-03,70000.0,67500.0,70600.0,66100.0
4237,POW,2021-02-03,12450.0,12000.0,12450.0,11900.0
4238,TCB,2021-02-03,35000.0,34500.0,35500.0,34000.0
4239,HPG,2021-02-03,42000.0,41200.0,42350.0,41000.0
4240,TCB,2021-02-02,34000.0,32200.0,34100.0,31950.0
4241,VHM,2021-02-02,94400.0,89000.0,94400.0,88000.0
4242,FPT,2021-02-02,66000.0,63100.0,66000.0,63000.0
4243,POW,2021-02-02,11650.0,11500.0,11800.0,11250.0
4244,HPG,2021-02-02,40500.0,38500.0,40500.0,38250.0
4245,FPT,2021-02-01,63500.0,64400.0,65400.0,62300.0
4246,POW,2021-02-01,11500.0,11850.0,12350.0,11500.0
4247,VHM,2021-02-01,88300.0,93600.0,95000.0,88300.0
4248,TCB,2021-02-01,32200.0,32000.0,33500.0,31550.0
4249,HPG,2021-02-01,38350.0,39000.0,39850.0,38200.0
4250,HPG,2021-01-29,39150.0,37000.0,39950.0,37000.0
4251,VHM,2021-01-29,93500.0,84000.0,93500.0,84000.0
4252,FPT,2021-01-29,62700.0,59000.0,62700.0,59000.0
4253,POW,2021-01-29,11900.0,11150.0,12500.0,11150.0
4254,TCB,2021-01-29,32000.0,29600.0,33350.0,29600.0
4255,HPG,2021-01-28,37500.0,37600.0,39050.0,37500.0
4256,FPT,2021-01-28,58600.0,60000.0,62300.0,58600.0
4257,POW,2021-01-28,11950.0,11950.0,12300.0,11950.0
4258,VHM,2021-01-28,87400.0,87500.0,89700.0,87400.0
4259,TCB,2021-01-28,31200.0,31500.0,33000.0,31200.0
4260,POW,2021-01-27,12800.0,13100.0,13550.0,12600.0
4261,VHM,2021-01-27,93900.0,96000.0,98200.0,91500.0
4262,TCB,2021-01-27,33500.0,34250.0,35250.0,32650.0
4263,FPT,2021-01-27,63000.0,65700.0,66100.0,62900.0
4264,HPG,2021-01-27,40300.0,41400.0,42400.0,39500.0
4265,POW,2021-01-26,13500.0,14200.0,14200.0,13200.0
4266,TCB,2021-01-26,35000.0,35500.0,35800.0,33500.0
4267,VHM,2021-01-26,98000.0,99600.0,99700.0,95000.0
4268,HPG,2021-01-26,42300.0,43600.0,43600.0,41600.0
4269,FPT,2021-01-26,66000.0,67500.0,67500.0,65500.0
4270,POW,2021-01-25,14150.0,14150.0,14450.0,14100.0
4271,TCB,2021-01-25,35800.0,35750.0,36350.0,35600.0
4272,FPT,2021-01-25,67000.0,66800.0,68200.0,66200.0
4273,VHM,2021-01-25,99500.0,99500.0,100100.0,98600.0
4274,HPG,2021-01-25,43700.0,43250.0,45450.0,43100.0
4275,POW,2021-01-22,14350.0,14350.0,14750.0,14150.0
4276,FPT,2021-01-22,66900.0,65700.0,67500.0,65400.0
4277,TCB,2021-01-22,36300.0,36450.0,36900.0,35800.0
4278,HPG,2021-01-22,43650.0,44300.0,44700.0,43550.0
4279,VHM,2021-01-22,99300.0,99400.0,101000.0,98900.0
4280,HPG,2021-01-21,44200.0,42850.0,44200.0,41800.0
4281,VHM,2021-01-21,99000.0,98000.0,99400.0,97800.0
4282,POW,2021-01-21,14350.0,14300.0,14600.0,13950.0
4283,FPT,2021-01-21,65600.0,64500.0,65800.0,63300.0
4284,TCB,2021-01-21,36200.0,35250.0,36200.0,34500.0
4285,VHM,2021-01-20,97500.0,97000.0,103000.0,94500.0
4286,POW,2021-01-20,14000.0,14050.0,14250.0,13100.0
4287,HPG,2021-01-20,41700.0,42000.0,42950.0,40000.0
4288,TCB,2021-01-20,34500.0,34200.0,34750.0,32000.0
4289,FPT,2021-01-20,63300.0,62700.0,63700.0,60200.0
4290,FPT,2021-01-19,62000.0,66000.0,66100.0,61700.0
4291,POW,2021-01-19,13850.0,14800.0,15100.0,13750.0
4292,TCB,2021-01-19,33900.0,35900.0,36400.0,33700.0
4293,HPG,2021-01-19,41600.0,44600.0,44600.0,41500.0
4294,VHM,2021-01-19,96800.0,100000.0,100700.0,94000.0
4295,POW,2021-01-18,14750.0,14500.0,15200.0,14350.0
4296,FPT,2021-01-18,66300.0,67000.0,67000.0,66200.0
4297,HPG,2021-01-18,44600.0,44500.0,44850.0,44250.0
4298,VHM,2021-01-18,101000.0,102000.0,102800.0,99600.0
4299,TCB,2021-01-18,36200.0,37200.0,37200.0,35900.0
4300,VHM,2021-01-15,101600.0,100700.0,101600.0,99400.0
4301,TCB,2021-01-15,36850.0,36300.0,37550.0,36250.0
4302,FPT,2021-01-15,66600.0,67000.0,67000.0,66400.0
4303,POW,2021-01-15,14350.0,14200.0,14600.0,14200.0
4304,HPG,2021-01-15,44500.0,44300.0,45050.0,44300.0
4305,HPG,2021-01-14,44450.0,44700.0,44700.0,43850.0
4306,POW,2021-01-14,14200.0,14200.0,14300.0,13900.0
4307,TCB,2021-01-14,35750.0,35350.0,35800.0,34850.0
4308,FPT,2021-01-14,66400.0,66500.0,67000.0,65700.0
4309,VHM,2021-01-14,99600.0,100900.0,101200.0,98600.0
4310,POW,2021-01-13,14200.0,14600.0,14600.0,14200.0
4311,VHM,2021-01-13,100900.0,104000.0,104100.0,99600.0
4312,FPT,2021-01-13,66500.0,65900.0,67400.0,65900.0
4313,HPG,2021-01-13,44700.0,45200.0,45450.0,44400.0
4314,TCB,2021-01-13,35150.0,35450.0,36000.0,35100.0
4315,VHM,2021-01-12,103400.0,104800.0,104900.0,103100.0
4316,FPT,2021-01-12,65800.0,65000.0,66000.0,64000.0
4317,TCB,2021-01-12,35100.0,35000.0,35500.0,34500.0
4318,POW,2021-01-12,14600.0,14750.0,14750.0,14350.0
4319,HPG,2021-01-12,44900.0,43200.0,44900.0,42900.0
4320,FPT,2021-01-11,64700.0,63900.0,64700.0,63300.0
4321,HPG,2021-01-11,43050.0,43100.0,43300.0,42600.0
4322,TCB,2021-01-11,35250.0,35750.0,36250.0,35200.0
4323,VHM,2021-01-11,103100.0,98000.0,103100.0,97600.0
4324,POW,2021-01-11,14600.0,14100.0,14650.0,14050.0
4325,TCB,2021-01-08,35700.0,35000.0,36250.0,34900.0
4326,POW,2021-01-08,13950.0,14200.0,14200.0,13800.0
4327,HPG,2021-01-08,42750.0,42900.0,43300.0,42600.0
4328,VHM,2021-01-08,96400.0,95500.0,96800.0,95300.0
4329,FPT,2021-01-08,63300.0,63000.0,63700.0,62600.0
4330,HPG,2021-01-07,42800.0,43150.0,43200.0,42250.0
4331,FPT,2021-01-07,62500.0,62600.0,62900.0,61900.0
4332,POW,2021-01-07,14000.0,13900.0,14200.0,13650.0
4333,VHM,2021-01-07,94800.0,94800.0,95100.0,93400.0
4334,TCB,2021-01-07,34600.0,33750.0,34600.0,33400.0
4335,VHM,2021-01-06,94800.0,96600.0,96600.0,94200.0
4336,TCB,2021-01-06,33200.0,33200.0,34100.0,32950.0
4337,POW,2021-01-06,13900.0,14350.0,14400.0,13800.0
4338,FPT,2021-01-06,62400.0,63100.0,63600.0,62300.0
4339,HPG,2021-01-06,42800.0,42500.0,43300.0,42300.0
4340,HPG,2021-01-05,42350.0,41800.0,42800.0,41700.0
4341,FPT,2021-01-05,62700.0,60000.0,63500.0,59800.0
4342,POW,2021-01-05,14200.0,13950.0,14400.0,13900.0
4343,TCB,2021-01-05,33050.0,32750.0,33350.0,32550.0
4344,VHM,2021-01-05,95600.0,91800.0,96000.0,91500.0
4345,VHM,2021-01-04,92000.0,91000.0,92900.0,89900.0
4346,POW,2021-01-04,14100.0,13900.0,14350.0,13750.0
4347,HPG,2021-01-04,42300.0,42000.0,43000.0,41650.0
4348,FPT,2021-01-04,60200.0,59600.0,60200.0,59300.0
4349,TCB,2021-01-04,33000.0,32000.0,33400.0,31900.0
4350,FPT,2020-12-31,59100.0,58100.0,59200.0,58000.0
4351,TCB,2020-12-31,31500.0,29950.0,31750.0,29900.0
4352,HPG,2020-12-31,41450.0,40900.0,41750.0,40700.0
4353,VHM,2020-12-31,89500.0,91200.0,91400.0,89500.0
4354,POW,2020-12-31,13600.0,13350.0,13700.0,13200.0
4355,FPT,2020-12-30,58100.0,58100.0,58900.0,58100.0
4356,HPG,2020-12-30,40900.0,40900.0,41600.0,40750.0
4357,TCB,2020-12-30,29900.0,29900.0,30550.0,29700.0
4358,POW,2020-12-30,13400.0,13400.0,13800.0,13300.0
4359,VHM,2020-12-30,90200.0,90200.0,92000.0,90000.0
4360,FPT,2020-12-29,58600.0,57900.0,58800.0,57600.0
4361,HPG,2020-12-29,41600.0,41250.0,41850.0,41050.0
4362,TCB,2020-12-29,29750.0,29650.0,29900.0,29500.0
4363,POW,2020-12-29,13450.0,13150.0,13700.0,13000.0
4364,VHM,2020-12-29,90300.0,87700.0,90500.0,87100.0
4365,FPT,2020-12-28,57900.0,57900.0,58600.0,57500.0
4366,VHM,2020-12-28,87700.0,88500.0,88600.0,86700.0
4367,POW,2020-12-28,13150.0,12500.0,13150.0,12400.0
4368,HPG,2020-12-28,41550.0,41800.0,41950.0,41000.0
4369,TCB,2020-12-28,29700.0,29900.0,30300.0,29500.0
4370,TCB,2020-12-25,29550.0,27950.0,29600.0,27700.0
4371,VHM,2020-12-25,87600.0,86200.0,87600.0,85600.0
4372,FPT,2020-12-25,57600.0,57000.0,57600.0,56600.0
4373,POW,2020-12-25,12300.0,12100.0,12350.0,11850.0
4374,HPG,2020-12-25,40750.0,40000.0,40850.0,39500.0
4375,FPT,2020-12-24,57000.0,57500.0,57800.0,56400.0
4376,VHM,2020-12-24,86300.0,88000.0,88100.0,84500.0
4377,POW,2020-12-24,12100.0,12600.0,12650.0,11650.0
4378,TCB,2020-12-24,27950.0,28900.0,28900.0,26900.0
4379,HPG,2020-12-24,39950.0,40600.0,40800.0,38600.0
4380,POW,2020-12-23,12400.0,12400.0,12750.0,12350.0
4381,HPG,2020-12-23,40000.0,39450.0,41200.0,39400.0
4382,TCB,2020-12-23,28700.0,29200.0,29250.0,28500.0
4383,FPT,2020-12-23,57500.0,58300.0,58600.0,57200.0
4384,VHM,2020-12-23,87400.0,87400.0,89000.0,86800.0
4385,VHM,2020-12-22,86900.0,87200.0,87900.0,86400.0
4386,HPG,2020-12-22,39350.0,38550.0,39450.0,38300.0
4387,POW,2020-12-22,12200.0,12000.0,12200.0,11800.0
4388,TCB,2020-12-22,29200.0,29150.0,29500.0,29050.0
4389,FPT,2020-12-22,58100.0,57400.0,58500.0,57100.0
4390,TCB,2020-12-21,29400.0,29500.0,29900.0,29100.0
4391,FPT,2020-12-21,57500.0,57300.0,57800.0,57100.0
4392,HPG,2020-12-21,38550.0,39000.0,39050.0,38350.0
4393,VHM,2020-12-21,87100.0,85600.0,87300.0,85600.0
4394,POW,2020-12-21,12000.0,12150.0,12250.0,11900.0
4395,TCB,2020-12-18,29200.0,28500.0,29250.0,28500.0
4396,VHM,2020-12-18,85300.0,84700.0,86000.0,84600.0
4397,FPT,2020-12-18,56900.0,56500.0,57100.0,56500.0
4398,HPG,2020-12-18,38600.0,38100.0,38750.0,37900.0
4399,POW,2020-12-18,12000.0,12000.0,12100.0,11900.0
4400,POW,2020-12-17,11850.0,11700.0,12350.0,11650.0
4401,VHM,2020-12-17,84700.0,86000.0,86000.0,84500.0
4402,TCB,2020-12-17,28350.0,28000.0,29350.0,27950.0
4403,FPT,2020-12-17,56500.0,56900.0,57100.0,56000.0
4404,HPG,2020-12-17,37650.0,38400.0,38650.0,37650.0
4405,TCB,2020-12-16,27950.0,26450.0,27950.0,26400.0
4406,HPG,2020-12-16,38800.0,38800.0,39350.0,38500.0
4407,POW,2020-12-16,11700.0,11650.0,11800.0,11550.0
4408,FPT,2020-12-16,57100.0,57200.0,57500.0,57000.0
4409,VHM,2020-12-16,86200.0,86000.0,86600.0,85500.0
4410,HPG,2020-12-15,38600.0,39050.0,39150.0,38500.0
4411,POW,2020-12-15,11650.0,11800.0,11900.0,11600.0
4412,FPT,2020-12-15,56700.0,57500.0,57600.0,56600.0
4413,VHM,2020-12-15,86000.0,86500.0,88100.0,85000.0
4414,TCB,2020-12-15,26150.0,26100.0,26350.0,25950.0
4415,TCB,2020-12-14,26200.0,25900.0,26300.0,25700.0
4416,FPT,2020-12-14,57200.0,57000.0,58000.0,56900.0
4417,POW,2020-12-14,11900.0,11750.0,11950.0,11650.0
4418,VHM,2020-12-14,87000.0,85400.0,87000.0,85000.0
4419,HPG,2020-12-14,39250.0,39400.0,39500.0,38950.0
4420,POW,2020-12-11,11650.0,11400.0,11650.0,11300.0
4421,HPG,2020-12-11,38800.0,38000.0,38800.0,37700.0
4422,TCB,2020-12-11,25650.0,25300.0,25650.0,25050.0
4423,FPT,2020-12-11,57000.0,56600.0,57000.0,56300.0
4424,VHM,2020-12-11,85000.0,83600.0,85000.0,83400.0
4425,FPT,2020-12-10,56500.0,57000.0,57700.0,56500.0
4426,HPG,2020-12-10,37600.0,38500.0,38600.0,37200.0
4427,VHM,2020-12-10,83600.0,85400.0,85700.0,83600.0
4428,POW,2020-12-10,11300.0,11500.0,11600.0,11250.0
4429,TCB,2020-12-10,25300.0,26000.0,26000.0,25300.0
4430,POW,2020-12-09,11400.0,11350.0,11800.0,11300.0
4431,FPT,2020-12-09,57500.0,56300.0,57800.0,56200.0
4432,VHM,2020-12-09,85000.0,84500.0,85300.0,84200.0
4433,HPG,2020-12-09,38500.0,38500.0,38600.0,38100.0
4434,TCB,2020-12-09,25750.0,25100.0,25900.0,25050.0
4435,VHM,2020-12-08,84400.0,84900.0,85700.0,84300.0
4436,HPG,2020-12-08,38400.0,38200.0,38800.0,38000.0
4437,POW,2020-12-08,11350.0,11500.0,11600.0,11200.0
4438,TCB,2020-12-08,25000.0,25200.0,25200.0,24900.0
4439,FPT,2020-12-08,56200.0,55700.0,56600.0,55500.0
4440,FPT,2020-12-07,55700.0,55700.0,56000.0,55500.0
4441,POW,2020-12-07,11450.0,11450.0,11700.0,11400.0
4442,HPG,2020-12-07,38200.0,38200.0,38400.0,36850.0
4443,VHM,2020-12-07,84700.0,84700.0,85100.0,83800.0
4444,TCB,2020-12-07,25050.0,25050.0,25200.0,24800.0
4445,VHM,2020-12-04,84900.0,85000.0,85200.0,84100.0
4446,POW,2020-12-04,11550.0,11250.0,11850.0,11100.0
4447,HPG,2020-12-04,36950.0,37050.0,37250.0,36700.0
4448,TCB,2020-12-04,24800.0,24850.0,25000.0,24750.0
4449,FPT,2020-12-04,55700.0,55400.0,55900.0,55400.0
4450,HPG,2020-12-03,36850.0,35550.0,36850.0,35300.0
4451,TCB,2020-12-03,25000.0,25100.0,25500.0,25000.0
4452,POW,2020-12-03,11400.0,11100.0,11550.0,11000.0
4453,VHM,2020-12-03,84900.0,85600.0,85600.0,84500.0
4454,FPT,2020-12-03,55600.0,55500.0,55700.0,55100.0
4455,POW,2020-12-02,10800.0,10100.0,10800.0,10100.0
4456,VHM,2020-12-02,85200.0,83200.0,85800.0,83200.0
4457,FPT,2020-12-02,55600.0,55000.0,55700.0,55000.0
4458,HPG,2020-12-02,35300.0,35600.0,35650.0,35100.0
4459,TCB,2020-12-02,25100.0,24600.0,25300.0,24600.0
4460,POW,2020-12-01,10100.0,10000.0,10200.0,9900.0
4461,VHM,2020-12-01,83300.0,81500.0,83300.0,81500.0
4462,FPT,2020-12-01,55200.0,55000.0,55400.0,54800.0
4463,TCB,2020-12-01,24500.0,23800.0,24500.0,23650.0
4464,HPG,2020-12-01,35600.0,34900.0,35600.0,34550.0
4465,POW,2020-11-30,10100.0,10350.0,10350.0,10100.0
4466,VHM,2020-11-30,82600.0,83500.0,84300.0,82200.0
4467,FPT,2020-11-30,55400.0,56700.0,56700.0,55400.0
4468,HPG,2020-11-30,35500.0,36250.0,36400.0,35500.0
4469,TCB,2020-11-30,24100.0,23950.0,24400.0,23700.0
4470,TCB,2020-11-27,23700.0,23600.0,23900.0,23550.0
4471,HPG,2020-11-27,36250.0,35000.0,36400.0,35000.0
4472,POW,2020-11-27,10250.0,9960.0,10350.0,9960.0
4473,VHM,2020-11-27,83000.0,82700.0,83500.0,82100.0
4474,FPT,2020-11-27,56200.0,55900.0,56200.0,55600.0
4475,HPG,2020-11-26,35100.0,35100.0,35400.0,34300.0
4476,TCB,2020-11-26,23600.0,23650.0,23700.0,23400.0
4477,FPT,2020-11-26,55700.0,55500.0,56000.0,54800.0
4478,POW,2020-11-26,9880.0,9860.0,9950.0,9800.0
4479,VHM,2020-11-26,82700.0,82900.0,83200.0,82100.0
4480,FPT,2020-11-25,55200.0,56300.0,56300.0,55200.0
4481,TCB,2020-11-25,23600.0,23600.0,23950.0,23550.0
4482,VHM,2020-11-25,83500.0,83500.0,85700.0,83400.0
4483,POW,2020-11-25,9860.0,9860.0,9980.0,9840.0
4484,HPG,2020-11-25,35600.0,36800.0,36900.0,35200.0
4485,POW,2020-11-24,9900.0,10000.0,10000.0,9840.0
4486,HPG,2020-11-24,37500.0,37750.0,38500.0,36300.0
4487,VHM,2020-11-24,83800.0,81000.0,83800.0,80600.0
4488,TCB,2020-11-24,23650.0,23700.0,24000.0,23400.0
4489,FPT,2020-11-23,55900.0,55200.0,56200.0,54600.0
4490,VHM,2020-11-23,80600.0,79400.0,80900.0,79300.0
4491,TCB,2020-11-23,23600.0,23400.0,23650.0,23100.0
4492,HPG,2020-11-23,37500.0,35700.0,37850.0,35500.0
4493,POW,2020-11-23,9950.0,9940.0,10050.0,9910.0
4494,HPG,2020-11-20,35700.0,35300.0,35700.0,34950.0
4495,VHM,2020-11-20,78500.0,78000.0,78800.0,77600.0
4496,TCB,2020-11-20,23400.0,23500.0,23500.0,23300.0
4497,POW,2020-11-20,9880.0,9900.0,9960.0,9860.0
4498,FPT,2020-11-20,55200.0,55100.0,55900.0,55000.0
4499,FPT,2020-11-19,55100.0,54300.0,56000.0,54000.0
4500,TCB,2020-11-19,23400.0,23350.0,23600.0,23200.0
4501,HPG,2020-11-19,35200.0,34700.0,35500.0,34450.0
4502,POW,2020-11-19,9850.0,9750.0,9890.0,9720.0
4503,VHM,2020-11-19,77500.0,77500.0,78200.0,77200.0
4504,FPT,2020-11-18,54000.0,54300.0,54300.0,53700.0
4505,POW,2020-11-18,9730.0,9800.0,9800.0,9700.0
4506,TCB,2020-11-18,23350.0,23300.0,23600.0,23100.0
4507,VHM,2020-11-18,77300.0,78200.0,78200.0,77300.0
4508,HPG,2020-11-18,34600.0,33600.0,34600.0,33350.0
4509,POW,2020-11-17,9950.0,9900.0,10000.0,9860.0
4510,VHM,2020-11-17,78300.0,77000.0,78300.0,76700.0
4511,FPT,2020-11-17,54000.0,53600.0,54100.0,53000.0
4512,HPG,2020-11-17,33350.0,32500.0,33350.0,32400.0
4513,TCB,2020-11-17,23350.0,23000.0,23350.0,22850.0
4514,TCB,2020-11-16,22900.0,23400.0,23400.0,22800.0
4515,FPT,2020-11-16,53300.0,54000.0,54400.0,53000.0
4516,POW,2020-11-16,9800.0,10050.0,10100.0,9600.0
4517,HPG,2020-11-16,32250.0,32300.0,32750.0,31900.0
4518,VHM,2020-11-16,76600.0,78600.0,79200.0,76000.0
4519,TCB,2020-11-13,23000.0,22400.0,23150.0,22400.0
4520,VHM,2020-11-13,78300.0,77200.0,78500.0,77200.0
4521,FPT,2020-11-13,53800.0,53800.0,53800.0,53500.0
4522,HPG,2020-11-13,31950.0,31500.0,31950.0,31450.0
4523,POW,2020-11-13,10000.0,9980.0,10050.0,9960.0
4524,TCB,2020-11-12,22300.0,22100.0,22300.0,22000.0
4525,POW,2020-11-12,9960.0,9950.0,10000.0,9930.0
4526,HPG,2020-11-12,31450.0,31300.0,31500.0,31250.0
4527,VHM,2020-11-12,77200.0,76600.0,77500.0,76600.0
4528,FPT,2020-11-12,53500.0,53000.0,53500.0,52900.0
4529,FPT,2020-11-11,53000.0,53400.0,53400.0,52700.0
4530,TCB,2020-11-11,22000.0,22200.0,22400.0,22000.0
4531,VHM,2020-11-11,76600.0,77900.0,78100.0,76600.0
4532,HPG,2020-11-11,31300.0,31300.0,31600.0,31150.0
4533,POW,2020-11-11,9900.0,10000.0,10050.0,9890.0
4534,HPG,2020-11-10,31300.0,32100.0,32200.0,31300.0
4535,VHM,2020-11-10,77400.0,78700.0,79000.0,77400.0
4536,TCB,2020-11-10,22100.0,22500.0,22550.0,22050.0
4537,FPT,2020-11-10,53000.0,54000.0,54000.0,53000.0
4538,POW,2020-11-10,10000.0,10200.0,10200.0,9990.0
4539,TCB,2020-11-09,22050.0,21850.0,22200.0,21800.0
4540,FPT,2020-11-09,53400.0,52800.0,53400.0,52700.0
4541,POW,2020-11-09,10050.0,9880.0,10050.0,9850.0
4542,HPG,2020-11-09,31500.0,30800.0,31500.0,30700.0
4543,VHM,2020-11-09,78000.0,76000.0,78000.0,76000.0
4544,FPT,2020-11-06,52400.0,52400.0,52800.0,52100.0
4545,TCB,2020-11-06,21600.0,21900.0,22000.0,21500.0
4546,POW,2020-11-06,9780.0,9770.0,9810.0,9720.0
4547,VHM,2020-11-06,75700.0,75700.0,76000.0,75600.0
4548,HPG,2020-11-06,30400.0,30300.0,30700.0,30200.0
4549,FPT,2020-11-05,52000.0,52700.0,53400.0,52000.0
4550,POW,2020-11-05,9770.0,9850.0,9860.0,9760.0
4551,TCB,2020-11-05,21800.0,22150.0,22350.0,21800.0
4552,HPG,2020-11-05,30250.0,30650.0,30750.0,30250.0
4553,VHM,2020-11-05,75700.0,76000.0,76900.0,75700.0
4554,VHM,2020-11-04,75900.0,76000.0,76500.0,75700.0
4555,POW,2020-11-04,9840.0,9700.0,9950.0,9660.0
4556,FPT,2020-11-04,53000.0,53000.0,53300.0,52500.0
4557,TCB,2020-11-04,22150.0,22350.0,22600.0,22150.0
4558,HPG,2020-11-04,30650.0,30700.0,31000.0,30350.0
4559,TCB,2020-11-03,22000.0,21800.0,22450.0,21650.0
4560,POW,2020-11-03,9700.0,9600.0,9730.0,9550.0
4561,VHM,2020-11-03,75800.0,76200.0,76200.0,75500.0
4562,HPG,2020-11-03,30700.0,31000.0,31300.0,30550.0
4563,FPT,2020-11-03,52800.0,51900.0,52900.0,51700.0
4564,TCB,2020-11-02,21400.0,21600.0,21850.0,21400.0
4565,POW,2020-11-02,9500.0,9400.0,9550.0,9400.0
4566,HPG,2020-11-02,30600.0,30550.0,30700.0,30350.0
4567,FPT,2020-11-02,51700.0,51500.0,51700.0,51200.0
4568,VHM,2020-11-02,75900.0,76000.0,76300.0,75400.0
4569,FPT,2020-10-30,51500.0,51400.0,51500.0,50500.0
4570,POW,2020-10-30,9400.0,9750.0,9750.0,9350.0
4571,VHM,2020-10-30,76000.0,77000.0,77000.0,74900.0
4572,HPG,2020-10-30,30550.0,30800.0,30900.0,29900.0
4573,TCB,2020-10-30,21350.0,22100.0,22250.0,21350.0
4574,VHM,2020-10-29,76200.0,75500.0,76700.0,75400.0
4575,TCB,2020-10-29,21800.0,22100.0,22700.0,21800.0
4576,FPT,2020-10-29,50900.0,50400.0,51300.0,50200.0
4577,POW,2020-10-29,9590.0,9550.0,9770.0,9530.0
4578,HPG,2020-10-29,30600.0,29950.0,30750.0,29950.0
4579,POW,2020-10-28,9680.0,9900.0,9940.0,9660.0
4580,TCB,2020-10-28,22400.0,23300.0,23450.0,22400.0
4581,VHM,2020-10-28,75600.0,77200.0,77700.0,75600.0
4582,HPG,2020-10-28,30400.0,31150.0,31650.0,30200.0
4583,FPT,2020-10-28,50700.0,52000.0,52400.0,50700.0
4584,HPG,2020-10-27,31400.0,30600.0,31700.0,30550.0
4585,TCB,2020-10-27,23300.0,23800.0,23950.0,23300.0
4586,FPT,2020-10-27,52100.0,52900.0,53200.0,52100.0
4587,VHM,2020-10-27,77600.0,79000.0,79200.0,77600.0
4588,POW,2020-10-27,9910.0,10050.0,10100.0,9910.0
4589,TCB,2020-10-26,23350.0,24400.0,24950.0,23350.0
4590,HPG,2020-10-26,30800.0,31000.0,32000.0,30700.0
4591,FPT,2020-10-26,52800.0,53900.0,54500.0,52800.0
4592,VHM,2020-10-26,78500.0,80500.0,81100.0,78500.0
4593,POW,2020-10-26,10100.0,10300.0,10350.0,10100.0
4594,HPG,2020-10-23,30900.0,29800.0,30900.0,29650.0
4595,VHM,2020-10-23,79500.0,78000.0,79900.0,77800.0
4596,FPT,2020-10-23,53900.0,54200.0,54500.0,53500.0
4597,POW,2020-10-23,10300.0,10400.0,10450.0,10200.0
4598,TCB,2020-10-23,24000.0,24100.0,24200.0,23850.0
4599,FPT,2020-10-22,54000.0,52800.0,54000.0,52600.0
4600,TCB,2020-10-22,23950.0,23700.0,24000.0,23500.0
4601,VHM,2020-10-22,77500.0,76500.0,77500.0,76200.0
4602,HPG,2020-10-22,29600.0,29000.0,29600.0,28900.0
4603,POW,2020-10-22,10350.0,10200.0,10400.0,10150.0
4604,FPT,2020-10-21,52800.0,53200.0,54500.0,52800.0
4605,TCB,2020-10-21,23750.0,24200.0,24400.0,23700.0
4606,VHM,2020-10-21,76400.0,76400.0,77700.0,76200.0
4607,HPG,2020-10-21,29100.0,29450.0,29600.0,29000.0
4608,POW,2020-10-21,10150.0,10200.0,10250.0,10150.0
4609,HPG,2020-10-20,29350.0,28750.0,29350.0,28700.0
4610,VHM,2020-10-20,76200.0,76100.0,76600.0,75800.0
4611,TCB,2020-10-20,23900.0,23000.0,24150.0,23000.0
4612,FPT,2020-10-20,53200.0,53100.0,53300.0,52500.0
4613,POW,2020-10-20,10200.0,10250.0,10250.0,10100.0
4614,FPT,2020-10-19,53300.0,53600.0,53800.0,53000.0
4615,TCB,2020-10-19,23000.0,22950.0,23350.0,22850.0
4616,VHM,2020-10-19,76100.0,76800.0,77000.0,76000.0
4617,POW,2020-10-19,10150.0,10400.0,10400.0,10100.0
4618,HPG,2020-10-19,28900.0,29150.0,29250.0,28850.0
4619,TCB,2020-10-16,22650.0,22900.0,23300.0,22600.0
4620,FPT,2020-10-16,53200.0,51200.0,53900.0,50900.0
4621,POW,2020-10-16,10300.0,10200.0,10450.0,10100.0
4622,VHM,2020-10-16,77000.0,77900.0,77900.0,76900.0
4623,HPG,2020-10-16,29100.0,29200.0,29500.0,28950.0
4624,FPT,2020-10-15,51200.0,51200.0,51400.0,50700.0
4625,HPG,2020-10-15,29050.0,30000.0,30000.0,29050.0
4626,TCB,2020-10-15,22850.0,23450.0,23800.0,22800.0
4627,POW,2020-10-15,10150.0,10200.0,10300.0,10100.0
4628,VHM,2020-10-15,77500.0,78700.0,79100.0,77500.0
4629,POW,2020-10-14,10200.0,10300.0,10350.0,10100.0
4630,TCB,2020-10-14,22850.0,21600.0,22850.0,21600.0
4631,VHM,2020-10-14,78500.0,78400.0,78900.0,78100.0
4632,HPG,2020-10-14,28350.0,27950.0,28350.0,27800.0
4633,FPT,2020-10-14,51000.0,50800.0,51400.0,50400.0
4634,POW,2020-10-13,10250.0,10400.0,10400.0,10250.0
4635,VHM,2020-10-13,78100.0,77900.0,78600.0,77600.0
4636,TCB,2020-10-13,21400.0,21250.0,21650.0,21200.0
4637,HPG,2020-10-13,28000.0,28200.0,28250.0,27900.0
4638,FPT,2020-10-13,50700.0,50900.0,51000.0,50500.0
4639,FPT,2020-10-12,50900.0,50900.0,51400.0,50600.0
4640,VHM,2020-10-12,77500.0,77200.0,79200.0,77000.0
4641,TCB,2020-10-12,21200.0,21700.0,21850.0,21200.0
4642,HPG,2020-10-12,28250.0,28650.0,28750.0,28050.0
4643,POW,2020-10-12,10350.0,10600.0,10700.0,10300.0
4644,HPG,2020-10-09,28500.0,28200.0,28700.0,28000.0
4645,POW,2020-10-09,10550.0,10600.0,10750.0,10500.0
4646,TCB,2020-10-09,21350.0,21500.0,21950.0,21300.0
4647,FPT,2020-10-09,50800.0,51000.0,51200.0,50800.0
4648,VHM,2020-10-09,77000.0,76600.0,77400.0,76500.0
4649,HPG,2020-10-08,28100.0,28000.0,28100.0,27700.0
4650,VHM,2020-10-08,76600.0,77000.0,77200.0,76300.0
4651,TCB,2020-10-08,21350.0,21900.0,22000.0,21350.0
4652,FPT,2020-10-08,51100.0,50500.0,51500.0,50300.0
4653,POW,2020-10-08,10500.0,10650.0,10650.0,10450.0
4654,TCB,2020-10-07,21800.0,22300.0,22350.0,21800.0
4655,FPT,2020-10-07,50400.0,50200.0,50700.0,50200.0
4656,POW,2020-10-07,10550.0,10700.0,10800.0,10550.0
4657,HPG,2020-10-07,27800.0,28100.0,28300.0,27800.0
4658,VHM,2020-10-07,76800.0,76100.0,77400.0,76100.0
4659,FPT,2020-10-06,50500.0,50800.0,50900.0,50300.0
4660,TCB,2020-10-06,22400.0,22700.0,22750.0,22200.0
4661,POW,2020-10-06,10750.0,10950.0,10950.0,10700.0
4662,VHM,2020-10-06,76100.0,76000.0,76800.0,76000.0
4663,HPG,2020-10-06,28250.0,27450.0,28250.0,27200.0
4664,HPG,2020-10-05,27350.0,26850.0,27400.0,26850.0
4665,POW,2020-10-05,10900.0,10850.0,11000.0,10750.0
4666,FPT,2020-10-05,50500.0,50400.0,50800.0,49900.0
4667,VHM,2020-10-05,76000.0,76000.0,76900.0,75900.0
4668,TCB,2020-10-05,22550.0,22550.0,22750.0,22250.0
4669,TCB,2020-10-02,22550.0,22900.0,23000.0,22350.0
4670,VHM,2020-10-02,75900.0,77000.0,77400.0,75000.0
4671,HPG,2020-10-02,26700.0,27050.0,27250.0,26000.0
4672,FPT,2020-10-02,50300.0,50800.0,51100.0,49000.0
4673,POW,2020-10-02,10600.0,10350.0,10800.0,10300.0
4674,FPT,2020-10-01,50800.0,50200.0,50800.0,50200.0
4675,VHM,2020-10-01,77100.0,76300.0,77200.0,76100.0
4676,TCB,2020-10-01,22800.0,22650.0,22900.0,22600.0
4677,POW,2020-10-01,10300.0,10300.0,10350.0,10200.0
4678,HPG,2020-10-01,27000.0,26600.0,27200.0,26500.0
4679,HPG,2020-09-30,26400.0,26350.0,26550.0,26100.0
4680,FPT,2020-09-30,50000.0,50200.0,50400.0,49750.0
4681,VHM,2020-09-30,75500.0,75300.0,76400.0,75100.0
4682,TCB,2020-09-30,22600.0,22550.0,22600.0,22300.0
4683,POW,2020-09-30,10250.0,10150.0,10350.0,10150.0
4684,VHM,2020-09-29,75300.0,76700.0,76900.0,75100.0
4685,HPG,2020-09-29,26350.0,26450.0,26800.0,26350.0
4686,FPT,2020-09-29,50200.0,51400.0,51400.0,50200.0
4687,TCB,2020-09-29,22550.0,22900.0,23000.0,22550.0
4688,POW,2020-09-29,10150.0,10250.0,10400.0,10150.0
4689,POW,2020-09-28,10150.0,10200.0,10250.0,10100.0
4690,TCB,2020-09-28,22850.0,22350.0,23000.0,22250.0
4691,FPT,2020-09-28,51100.0,50900.0,51300.0,50600.0
4692,VHM,2020-09-28,76600.0,77300.0,77800.0,76600.0
4693,HPG,2020-09-28,26400.0,25800.0,26400.0,25700.0
4694,FPT,2020-09-25,50800.0,50700.0,50800.0,50000.0
4695,POW,2020-09-25,10150.0,10300.0,10300.0,10100.0
4696,TCB,2020-09-25,22400.0,22450.0,22500.0,22250.0
4697,HPG,2020-09-25,25750.0,25800.0,25800.0,25500.0
4698,VHM,2020-09-25,77100.0,77100.0,77900.0,77000.0
4699,POW,2020-09-24,10250.0,10400.0,10500.0,10200.0
4700,VHM,2020-09-24,77100.0,77500.0,78400.0,77100.0
4701,FPT,2020-09-24,50500.0,50700.0,51000.0,50200.0
4702,HPG,2020-09-24,25650.0,25700.0,25900.0,25500.0
4703,TCB,2020-09-24,22450.0,22250.0,22450.0,22100.0
4704,TCB,2020-09-23,22300.0,22350.0,22500.0,22250.0
4705,POW,2020-09-23,10400.0,10100.0,10400.0,10050.0
4706,HPG,2020-09-23,25800.0,25650.0,25900.0,25550.0
4707,FPT,2020-09-23,51100.0,51300.0,51500.0,50800.0
4708,VHM,2020-09-23,77500.0,77000.0,77900.0,76900.0
4709,FPT,2020-09-22,51300.0,50800.0,51300.0,50600.0
4710,HPG,2020-09-22,25550.0,25500.0,25700.0,25400.0
4711,POW,2020-09-22,10000.0,10050.0,10100.0,10000.0
4712,VHM,2020-09-22,76800.0,77100.0,77200.0,76500.0
4713,TCB,2020-09-22,22350.0,22200.0,22450.0,22050.0
4714,POW,2020-09-21,10100.0,10100.0,10150.0,10000.0
4715,TCB,2020-09-21,22300.0,22000.0,22300.0,22000.0
4716,VHM,2020-09-21,77100.0,77100.0,77600.0,77100.0
4717,HPG,2020-09-21,25700.0,25900.0,25950.0,25600.0
4718,FPT,2020-09-21,51200.0,51300.0,51700.0,51200.0
4719,HPG,2020-09-18,25700.0,25550.0,25700.0,25500.0
4720,FPT,2020-09-18,51200.0,50100.0,51400.0,50000.0
4721,TCB,2020-09-18,21800.0,21400.0,21800.0,21350.0
4722,POW,2020-09-18,10000.0,10050.0,10100.0,9990.0
4723,VHM,2020-09-18,76900.0,77000.0,77200.0,76700.0
4724,HPG,2020-09-17,25400.0,24750.0,25500.0,24700.0
4725,POW,2020-09-17,10000.0,10150.0,10200.0,10000.0
4726,FPT,2020-09-17,50000.0,50300.0,50500.0,49900.0
4727,TCB,2020-09-17,21300.0,21400.0,21600.0,21250.0
4728,VHM,2020-09-17,76700.0,77200.0,77400.0,76600.0
4729,VHM,2020-09-16,77200.0,76600.0,77700.0,76600.0
4730,HPG,2020-09-16,24700.0,24750.0,24800.0,24600.0
4731,FPT,2020-09-16,50500.0,50000.0,50800.0,50000.0
4732,POW,2020-09-16,10150.0,10150.0,10200.0,10050.0
4733,TCB,2020-09-16,21400.0,21350.0,21450.0,21250.0
4734,VHM,2020-09-15,76800.0,77900.0,77900.0,76500.0
4735,HPG,2020-09-15,24700.0,24750.0,24950.0,24650.0
4736,TCB,2020-09-15,21350.0,21500.0,21550.0,21350.0
4737,FPT,2020-09-15,50000.0,49500.0,50000.0,49300.0
4738,POW,2020-09-15,10150.0,10000.0,10200.0,10000.0
4739,TCB,2020-09-14,21500.0,21300.0,21550.0,21300.0
4740,FPT,2020-09-14,49300.0,49250.0,49500.0,49100.0
4741,VHM,2020-09-14,77500.0,77700.0,78300.0,77500.0
4742,HPG,2020-09-14,24600.0,24500.0,24750.0,24500.0
4743,POW,2020-09-14,10000.0,10000.0,10100.0,9990.0
4744,VHM,2020-09-11,77700.0,78100.0,78200.0,77500.0
4745,POW,2020-09-11,10000.0,10000.0,10100.0,9960.0
4746,FPT,2020-09-11,49150.0,49000.0,49200.0,48850.0
4747,HPG,2020-09-11,24450.0,24550.0,24650.0,24450.0
4748,TCB,2020-09-11,21300.0,21250.0,21450.0,21100.0
4749,FPT,2020-09-10,49200.0,49500.0,49800.0,49100.0
4750,HPG,2020-09-10,24550.0,24700.0,24850.0,24500.0
4751,VHM,2020-09-10,78100.0,79000.0,80600.0,77800.0
4752,TCB,2020-09-10,21450.0,21300.0,21600.0,21300.0
4753,POW,2020-09-10,10050.0,10050.0,10150.0,10000.0
4754,POW,2020-09-09,10000.0,9900.0,10050.0,9890.0
4755,FPT,2020-09-09,49200.0,48650.0,49500.0,48600.0
4756,TCB,2020-09-09,21200.0,21100.0,21500.0,20950.0
4757,VHM,2020-09-09,78600.0,78000.0,78600.0,77500.0
4758,HPG,2020-09-09,24500.0,24400.0,24950.0,24350.0
4759,TCB,2020-09-08,21500.0,21350.0,21500.0,21050.0
4760,FPT,2020-09-08,49500.0,48750.0,49500.0,48500.0
4761,VHM,2020-09-08,78500.0,79200.0,79600.0,78200.0
4762,POW,2020-09-08,10050.0,10050.0,10100.0,9970.0
4763,HPG,2020-09-08,24650.0,24600.0,24700.0,24450.0
4764,HPG,2020-09-07,24500.0,25000.0,25100.0,24500.0
4765,TCB,2020-09-07,21200.0,21850.0,21950.0,21200.0
4766,FPT,2020-09-07,48500.0,49950.0,50000.0,48500.0
4767,POW,2020-09-07,10050.0,10400.0,10450.0,10050.0
4768,VHM,2020-09-07,79100.0,80300.0,81200.0,79000.0
4769,HPG,2020-09-04,24950.0,24650.0,25100.0,24650.0
4770,TCB,2020-09-04,21850.0,21700.0,21900.0,21700.0
4771,FPT,2020-09-04,50000.0,49500.0,50000.0,49500.0
4772,POW,2020-09-04,10400.0,10300.0,10450.0,10250.0
4773,VHM,2020-09-04,80000.0,79200.0,80300.0,78800.0
4774,FPT,2020-09-03,50400.0,50400.0,50500.0,49900.0
4775,TCB,2020-09-03,22000.0,21750.0,22100.0,21700.0
4776,HPG,2020-09-03,25000.0,25000.0,25200.0,24900.0
4777,POW,2020-09-03,10500.0,10100.0,10500.0,10050.0
4778,VHM,2020-09-03,79600.0,79100.0,80600.0,78700.0
4779,TCB,2020-09-01,21700.0,21300.0,21700.0,21100.0
4780,POW,2020-09-01,10050.0,10050.0,10100.0,9980.0
4781,VHM,2020-09-01,78700.0,78300.0,78900.0,77500.0
4782,HPG,2020-09-01,24800.0,24550.0,24950.0,24450.0
4783,FPT,2020-09-01,49900.0,49500.0,50500.0,49350.0
4784,POW,2020-08-31,10050.0,10150.0,10200.0,10000.0
4785,VHM,2020-08-31,78500.0,78500.0,79200.0,78200.0
4786,HPG,2020-08-31,24550.0,24200.0,24800.0,24200.0
4787,TCB,2020-08-31,21300.0,21600.0,21800.0,21250.0
4788,FPT,2020-08-31,49500.0,49900.0,50300.0,49350.0
4789,HPG,2020-08-28,24300.0,24500.0,24500.0,24250.0
4790,FPT,2020-08-28,49900.0,50200.0,51100.0,49900.0
4791,TCB,2020-08-28,21600.0,21300.0,21850.0,21250.0
4792,POW,2020-08-28,10100.0,10100.0,10250.0,10100.0
4793,VHM,2020-08-28,78600.0,79000.0,79100.0,78300.0
4794,POW,2020-08-27,10050.0,10100.0,10200.0,10050.0
4795,FPT,2020-08-27,49850.0,48250.0,50100.0,48250.0
4796,HPG,2020-08-27,24300.0,24200.0,24350.0,24100.0
4797,VHM,2020-08-27,78500.0,79400.0,79500.0,78200.0
4798,TCB,2020-08-27,21150.0,21100.0,21200.0,21000.0
4799,POW,2020-08-26,10050.0,10000.0,10150.0,9950.0
4800,FPT,2020-08-26,48400.0,48800.0,48850.0,48200.0
4801,HPG,2020-08-26,24200.0,24500.0,24550.0,24200.0
4802,VHM,2020-08-26,79500.0,79600.0,80300.0,79300.0
4803,TCB,2020-08-26,21100.0,21200.0,21300.0,21000.0
4804,FPT,2020-08-25,48850.0,48600.0,48950.0,48550.0
4805,TCB,2020-08-25,21300.0,21000.0,21400.0,21000.0
4806,POW,2020-08-25,10000.0,10100.0,10200.0,10000.0
4807,VHM,2020-08-25,79600.0,80000.0,80500.0,79600.0
4808,HPG,2020-08-25,24550.0,24900.0,25050.0,24550.0
4809,HPG,2020-08-24,24800.0,24500.0,24950.0,24400.0
4810,POW,2020-08-24,10100.0,10150.0,10150.0,10000.0
4811,TCB,2020-08-24,20950.0,20750.0,21000.0,20500.0
4812,FPT,2020-08-24,48450.0,47950.0,48600.0,47850.0
4813,VHM,2020-08-24,80000.0,80000.0,80600.0,79700.0
4814,VHM,2020-08-21,79500.0,80000.0,80100.0,79500.0
4815,FPT,2020-08-21,47400.0,47250.0,47500.0,47200.0
4816,POW,2020-08-21,10050.0,10050.0,10100.0,9950.0
4817,TCB,2020-08-21,20350.0,20100.0,20400.0,20100.0
4818,HPG,2020-08-21,24350.0,24100.0,24400.0,24050.0
4819,TCB,2020-08-20,20000.0,20200.0,20250.0,19850.0
4820,VHM,2020-08-20,80000.0,80000.0,82200.0,79800.0
4821,HPG,2020-08-20,24100.0,24250.0,24350.0,24000.0
4822,FPT,2020-08-20,47050.0,46900.0,47450.0,46850.0
4823,POW,2020-08-20,10000.0,10200.0,10200.0,9950.0
4824,VHM,2020-08-19,80000.0,79500.0,80900.0,78900.0
4825,TCB,2020-08-19,20200.0,20100.0,20250.0,20000.0
4826,POW,2020-08-19,10200.0,9900.0,10200.0,9500.0
4827,HPG,2020-08-19,24250.0,24200.0,24400.0,24100.0
4828,FPT,2020-08-19,46850.0,46900.0,47050.0,46650.0
4829,FPT,2020-08-18,46850.0,47000.0,47150.0,46800.0
4830,TCB,2020-08-18,20050.0,20100.0,20200.0,20000.0
4831,VHM,2020-08-18,79600.0,79700.0,79700.0,78600.0
4832,POW,2020-08-18,9880.0,9850.0,9940.0,9820.0
4833,HPG,2020-08-18,24150.0,24400.0,24400.0,24100.0
4834,TCB,2020-08-17,20100.0,20100.0,20150.0,19750.0
4835,FPT,2020-08-17,47000.0,47000.0,47000.0,46500.0
4836,VHM,2020-08-17,79700.0,79700.0,79900.0,78400.0
4837,POW,2020-08-17,9860.0,9860.0,10000.0,9800.0
4838,HPG,2020-08-17,24300.0,24300.0,24300.0,23950.0
4839,VHM,2020-08-14,79700.0,78900.0,80900.0,78900.0
4840,FPT,2020-08-14,47800.0,48100.0,48200.0,47450.0
4841,TCB,2020-08-14,19800.0,19800.0,20200.0,19650.0
4842,HPG,2020-08-14,24100.0,24500.0,24600.0,23900.0
4843,POW,2020-08-14,9990.0,10000.0,10150.0,9950.0
4844,VHM,2020-08-13,79400.0,79500.0,79700.0,78700.0
4845,POW,2020-08-13,9940.0,9730.0,9950.0,9730.0
4846,HPG,2020-08-13,24500.0,24500.0,24600.0,24300.0
4847,FPT,2020-08-13,47950.0,47700.0,47950.0,47500.0
4848,TCB,2020-08-13,19800.0,19750.0,19850.0,19600.0
4849,HPG,2020-08-12,24300.0,24300.0,24500.0,24100.0
4850,FPT,2020-08-12,47500.0,47100.0,47500.0,46900.0
4851,TCB,2020-08-12,19650.0,19450.0,19700.0,19450.0
4852,VHM,2020-08-12,79400.0,79600.0,79600.0,78400.0
4853,POW,2020-08-12,9730.0,9590.0,9760.0,9590.0
4854,POW,2020-08-11,9590.0,9660.0,9760.0,9510.0
4855,FPT,2020-08-11,47000.0,47450.0,47450.0,47000.0
4856,TCB,2020-08-11,19450.0,19550.0,19550.0,19300.0
4857,HPG,2020-08-11,24250.0,24400.0,24550.0,24100.0
4858,VHM,2020-08-11,79400.0,79900.0,79900.0,78600.0
4859,POW,2020-08-10,9660.0,9480.0,9900.0,9450.0
4860,TCB,2020-08-10,19400.0,19300.0,19700.0,19300.0
4861,HPG,2020-08-10,24300.0,24450.0,24750.0,24300.0
4862,VHM,2020-08-10,79600.0,79800.0,80000.0,78900.0
4863,FPT,2020-08-10,47200.0,47350.0,47800.0,47100.0
4864,HPG,2020-08-07,24200.0,24000.0,24300.0,23950.0
4865,TCB,2020-08-07,19150.0,19300.0,19350.0,19050.0
4866,POW,2020-08-07,9400.0,9440.0,9450.0,9340.0
4867,VHM,2020-08-07,79600.0,79700.0,80000.0,78600.0
4868,FPT,2020-08-07,47100.0,46800.0,47800.0,46800.0
4869,POW,2020-08-06,9450.0,9520.0,9550.0,9410.0
4870,HPG,2020-08-06,24050.0,24100.0,24400.0,23800.0
4871,FPT,2020-08-06,46800.0,47000.0,47250.0,46700.0
4872,TCB,2020-08-06,19200.0,19400.0,19500.0,19100.0
4873,VHM,2020-08-06,79600.0,79000.0,79900.0,78600.0
4874,VHM,2020-08-05,79600.0,79000.0,79700.0,77800.0
4875,FPT,2020-08-05,47000.0,46500.0,47150.0,46250.0
4876,POW,2020-08-05,9540.0,9350.0,9550.0,9300.0
4877,TCB,2020-08-05,19450.0,18900.0,19450.0,18700.0
4878,HPG,2020-08-05,24100.0,23000.0,24350.0,22900.0
4879,TCB,2020-08-04,18850.0,18900.0,19100.0,18750.0
4880,HPG,2020-08-04,23000.0,23200.0,23300.0,22800.0
4881,VHM,2020-08-04,79000.0,79500.0,79500.0,77800.0
4882,FPT,2020-08-04,46550.0,46500.0,46800.0,46200.0
4883,POW,2020-08-04,9340.0,9300.0,9390.0,9300.0
4884,VHM,2020-08-03,78500.0,77000.0,78800.0,76800.0
4885,FPT,2020-08-03,45900.0,44500.0,45900.0,44500.0
4886,POW,2020-08-03,9250.0,9150.0,9300.0,9130.0
4887,TCB,2020-08-03,18600.0,18250.0,18600.0,18150.0
4888,HPG,2020-08-03,22900.0,21700.0,23000.0,21700.0
4889,FPT,2020-07-31,44500.0,44000.0,45200.0,44000.0
4890,POW,2020-07-31,9150.0,9120.0,9260.0,9100.0
4891,HPG,2020-07-31,21700.0,21450.0,22050.0,21450.0
4892,VHM,2020-07-31,77700.0,74600.0,77900.0,74600.0
4893,TCB,2020-07-31,18150.0,18200.0,18650.0,18150.0
4894,HPG,2020-07-30,22100.0,21900.0,22300.0,21850.0
4895,POW,2020-07-30,9310.0,9040.0,9310.0,9040.0
4896,TCB,2020-07-30,18600.0,18200.0,19000.0,17500.0
4897,VHM,2020-07-30,76600.0,74000.0,77200.0,74000.0
4898,FPT,2020-07-30,45150.0,44600.0,45150.0,44600.0
4899,FPT,2020-07-29,44550.0,44400.0,44900.0,43800.0
4900,TCB,2020-07-29,18150.0,18300.0,18400.0,17500.0
4901,VHM,2020-07-29,74000.0,75300.0,75300.0,72600.0
4902,HPG,2020-07-29,21750.0,22300.0,22800.0,21150.0
4903,POW,2020-07-29,9200.0,9000.0,9200.0,8850.0
4904,POW,2020-07-28,9310.0,8810.0,9370.0,8810.0
4905,HPG,2020-07-28,27350.0,26500.0,27500.0,26200.0
4906,VHM,2020-07-28,75800.0,71200.0,75800.0,71200.0
4907,FPT,2020-07-28,45700.0,44400.0,45800.0,44150.0
4908,TCB,2020-07-28,18750.0,18200.0,18800.0,18000.0
4909,TCB,2020-07-27,18150.0,19100.0,19200.0,18150.0
4910,FPT,2020-07-27,43700.0,45000.0,45900.0,43600.0
4911,VHM,2020-07-27,70900.0,72000.0,74500.0,70900.0
4912,POW,2020-07-27,8800.0,8700.0,8980.0,8660.0
4913,HPG,2020-07-27,25950.0,26050.0,27150.0,25800.0
4914,TCB,2020-07-24,19500.0,20300.0,20300.0,19000.0
4915,FPT,2020-07-24,45900.0,47400.0,47550.0,45400.0
4916,HPG,2020-07-24,26850.0,28000.0,28050.0,26300.0
4917,POW,2020-07-24,9310.0,9610.0,9630.0,8980.0
4918,VHM,2020-07-24,76000.0,78000.0,78800.0,74500.0
4919,POW,2020-07-23,9650.0,9720.0,9740.0,9590.0
4920,HPG,2020-07-23,28200.0,28100.0,28200.0,27700.0
4921,VHM,2020-07-23,78800.0,77500.0,78800.0,77500.0
4922,TCB,2020-07-23,20300.0,20200.0,20300.0,20100.0
4923,FPT,2020-07-23,47750.0,47400.0,47750.0,47100.0
4924,HPG,2020-07-22,28100.0,28300.0,28400.0,27950.0
4925,VHM,2020-07-22,77500.0,78800.0,79500.0,77000.0
4926,FPT,2020-07-22,47400.0,48000.0,48000.0,47300.0
4927,TCB,2020-07-22,20250.0,20600.0,20600.0,20250.0
4928,POW,2020-07-22,9730.0,9820.0,9840.0,9720.0
4929,FPT,2020-07-21,47800.0,47500.0,47950.0,47250.0
4930,TCB,2020-07-21,20500.0,20500.0,20550.0,20300.0
4931,VHM,2020-07-21,78800.0,79300.0,79500.0,77500.0
4932,HPG,2020-07-21,28100.0,28100.0,28250.0,27800.0
4933,POW,2020-07-21,9820.0,9890.0,9890.0,9790.0
4934,TCB,2020-07-20,20500.0,20500.0,20650.0,20450.0
4935,FPT,2020-07-20,47400.0,47400.0,48200.0,47350.0
4936,VHM,2020-07-20,79200.0,79200.0,81100.0,79000.0
4937,POW,2020-07-20,9860.0,9860.0,10050.0,9860.0
4938,HPG,2020-07-20,28000.0,28000.0,28700.0,28000.0
4939,VHM,2020-07-17,80500.0,81500.0,81500.0,80400.0
4940,POW,2020-07-17,10000.0,10100.0,10100.0,10000.0
4941,TCB,2020-07-17,20600.0,20700.0,20800.0,20550.0
4942,FPT,2020-07-17,48100.0,48500.0,48500.0,48100.0
4943,HPG,2020-07-17,28550.0,28700.0,28750.0,28550.0
4944,POW,2020-07-16,10100.0,10050.0,10100.0,10000.0
4945,VHM,2020-07-16,81500.0,81100.0,81500.0,80300.0
4946,TCB,2020-07-16,21000.0,20600.0,21000.0,20400.0
4947,HPG,2020-07-16,28600.0,28200.0,28900.0,27950.0
4948,FPT,2020-07-16,48600.0,48550.0,48750.0,48400.0
4949,VHM,2020-07-15,81100.0,81300.0,83000.0,80800.0
4950,HPG,2020-07-15,28050.0,28200.0,28400.0,28050.0
4951,TCB,2020-07-15,20600.0,20300.0,20750.0,20300.0
4952,FPT,2020-07-15,48600.0,48700.0,48950.0,48400.0
4953,POW,2020-07-15,10000.0,10100.0,10150.0,10000.0
4954,POW,2020-07-14,10050.0,10000.0,10050.0,9950.0
4955,TCB,2020-07-14,20100.0,20200.0,20300.0,20000.0
4956,HPG,2020-07-14,27900.0,27450.0,27950.0,27400.0
4957,FPT,2020-07-14,48550.0,48300.0,48850.0,48300.0
4958,VHM,2020-07-14,80500.0,78800.0,81000.0,78500.0
4959,FPT,2020-07-13,48650.0,48000.0,48950.0,47750.0
4960,POW,2020-07-13,10050.0,10150.0,10150.0,10000.0
4961,HPG,2020-07-13,27650.0,27550.0,27850.0,27250.0
4962,TCB,2020-07-13,20300.0,20800.0,20800.0,20000.0
4963,VHM,2020-07-13,79100.0,80100.0,80100.0,79100.0
4964,HPG,2020-07-10,27750.0,28000.0,28250.0,27600.0
4965,POW,2020-07-10,10050.0,9970.0,10150.0,9970.0
4966,VHM,2020-07-10,79400.0,80500.0,80700.0,79000.0
4967,FPT,2020-07-10,47800.0,48100.0,48250.0,47500.0
4968,TCB,2020-07-10,20450.0,20850.0,20950.0,20450.0
4969,HPG,2020-07-09,28150.0,28100.0,28300.0,27950.0
4970,POW,2020-07-09,9980.0,9860.0,10050.0,9860.0
4971,VHM,2020-07-09,80800.0,80800.0,81700.0,80300.0
4972,FPT,2020-07-09,48350.0,47900.0,48400.0,47800.0
4973,TCB,2020-07-09,20950.0,20250.0,20950.0,20100.0
4974,HPG,2020-07-08,28050.0,28150.0,28450.0,27900.0
4975,POW,2020-07-08,9860.0,9850.0,9930.0,9840.0
4976,TCB,2020-07-08,20100.0,20200.0,20250.0,20100.0
4977,VHM,2020-07-08,80400.0,80300.0,81000.0,79800.0
4978,FPT,2020-07-08,47700.0,47300.0,47900.0,47300.0
4979,VHM,2020-07-07,80800.0,81000.0,81900.0,80500.0
4980,TCB,2020-07-07,20250.0,20300.0,20400.0,20200.0
4981,POW,2020-07-07,9900.0,10100.0,10150.0,9900.0
4982,FPT,2020-07-07,47450.0,47000.0,47900.0,47000.0
4983,HPG,2020-07-07,28350.0,27750.0,28900.0,27700.0
4984,HPG,2020-07-06,27600.0,27700.0,27750.0,27450.0
4985,POW,2020-07-06,9990.0,9750.0,9990.0,9680.0
4986,VHM,2020-07-06,80800.0,78300.0,81500.0,77400.0
4987,FPT,2020-07-06,46800.0,46500.0,46950.0,46300.0
4988,TCB,2020-07-06,20250.0,19800.0,20250.0,19800.0
4989,POW,2020-07-03,9670.0,9640.0,9750.0,9640.0
4990,VHM,2020-07-03,77800.0,77000.0,77800.0,76900.0
4991,TCB,2020-07-03,19800.0,19750.0,19800.0,19550.0
4992,HPG,2020-07-03,27500.0,27700.0,27750.0,27400.0
4993,FPT,2020-07-03,46250.0,46500.0,46500.0,46100.0
4994,TCB,2020-07-02,19750.0,19950.0,19950.0,19500.0
4995,FPT,2020-07-02,46150.0,46300.0,46300.0,45950.0
4996,HPG,2020-07-02,27600.0,27500.0,27750.0,27400.0
4997,VHM,2020-07-02,76900.0,77000.0,77400.0,76400.0
4998,POW,2020-07-02,9610.0,9850.0,9850.0,9600.0
4999,TCB,2020-07-01,19800.0,19500.0,19900.0,19450.0
5000,HPG,2020-07-01,27400.0,27000.0,27500.0,26900.0
5001,POW,2020-07-01,9800.0,9670.0,9840.0,9670.0
5002,FPT,2020-07-01,46200.0,46000.0,46300.0,45800.0
5003,VHM,2020-07-01,76900.0,75300.0,77000.0,75300.0
5004,VHM,2020-06-30,75500.0,75000.0,77000.0,74300.0
5005,FPT,2020-06-30,45650.0,46150.0,46400.0,45400.0
5006,HPG,2020-06-30,26800.0,26800.0,27400.0,26550.0
5007,POW,2020-06-30,9700.0,10000.0,10000.0,9520.0
5008,TCB,2020-06-30,19550.0,19750.0,19900.0,19100.0
5009,FPT,2020-06-29,46050.0,46600.0,46600.0,45850.0
5010,VHM,2020-06-29,74000.0,75000.0,75000.0,73200.0
5011,POW,2020-06-29,9800.0,10150.0,10150.0,9710.0
5012,TCB,2020-06-29,19650.0,20000.0,20100.0,19600.0
5013,HPG,2020-06-29,26650.0,26900.0,27000.0,26250.0
5014,VHM,2020-06-26,75600.0,76000.0,76600.0,75000.0
5015,HPG,2020-06-26,27200.0,27400.0,27600.0,27000.0
5016,POW,2020-06-26,10200.0,10400.0,10400.0,10150.0
5017,TCB,2020-06-26,20350.0,20500.0,20500.0,20150.0
5018,FPT,2020-06-26,46850.0,46800.0,47150.0,46700.0
5019,FPT,2020-06-25,46800.0,46650.0,47100.0,46600.0
5020,POW,2020-06-25,10250.0,10200.0,10300.0,10150.0
5021,HPG,2020-06-25,27300.0,26700.0,27800.0,26550.0
5022,VHM,2020-06-25,75500.0,74800.0,75900.0,74300.0
5023,TCB,2020-06-25,20200.0,20200.0,20400.0,20100.0
5024,POW,2020-06-24,10350.0,10500.0,10550.0,10300.0
5025,FPT,2020-06-24,47200.0,47900.0,47950.0,47050.0
5026,VHM,2020-06-24,75700.0,77700.0,78600.0,75500.0
5027,HPG,2020-06-24,27000.0,27000.0,27350.0,26800.0
5028,TCB,2020-06-24,20500.0,20700.0,20750.0,20400.0
5029,HPG,2020-06-23,27000.0,27300.0,27700.0,26750.0
5030,FPT,2020-06-23,47550.0,46950.0,48400.0,46750.0
5031,TCB,2020-06-23,20650.0,20750.0,20800.0,20600.0
5032,POW,2020-06-23,10500.0,10500.0,10600.0,10400.0
5033,VHM,2020-06-23,77700.0,78700.0,78700.0,76100.0
5034,TCB,2020-06-22,20750.0,20950.0,20950.0,20500.0
5035,FPT,2020-06-22,47000.0,47000.0,47000.0,46850.0
5036,HPG,2020-06-22,27300.0,27400.0,27800.0,26950.0
5037,POW,2020-06-22,10500.0,10600.0,10700.0,10450.0
5038,VHM,2020-06-22,78300.0,77300.0,78400.0,76900.0
5039,VHM,2020-06-19,76500.0,76100.0,77200.0,76100.0
5040,HPG,2020-06-19,27350.0,27000.0,27350.0,27000.0
5041,POW,2020-06-19,10400.0,10450.0,10550.0,10400.0
5042,FPT,2020-06-19,47000.0,46600.0,47000.0,46600.0
5043,TCB,2020-06-19,20500.0,20200.0,20500.0,20200.0
5044,FPT,2020-06-18,46600.0,46300.0,46700.0,46150.0
5045,VHM,2020-06-18,76500.0,75600.0,76700.0,75400.0
5046,HPG,2020-06-18,26800.0,25950.0,26850.0,25850.0
5047,TCB,2020-06-18,20200.0,20300.0,20450.0,20200.0
5048,POW,2020-06-18,10400.0,10400.0,10500.0,10300.0
5049,VHM,2020-06-17,76000.0,76300.0,77600.0,75000.0
5050,HPG,2020-06-17,26250.0,26200.0,26450.0,25900.0
5051,POW,2020-06-17,10550.0,10750.0,10800.0,10450.0
5052,TCB,2020-06-17,20300.0,20600.0,20600.0,20250.0
5053,FPT,2020-06-17,46350.0,46700.0,46750.0,46250.0
5054,TCB,2020-06-16,20600.0,20500.0,20600.0,20300.0
5055,POW,2020-06-16,10700.0,10850.0,10850.0,10600.0
5056,HPG,2020-06-16,26200.0,26000.0,26400.0,25650.0
5057,VHM,2020-06-16,74900.0,72800.0,74900.0,72100.0
5058,FPT,2020-06-16,46600.0,46600.0,46800.0,46300.0
5059,HPG,2020-06-15,25400.0,26300.0,26500.0,25350.0
5060,VHM,2020-06-15,70000.0,75600.0,75700.0,70000.0
5061,POW,2020-06-15,10500.0,10650.0,10900.0,10450.0
5062,TCB,2020-06-15,20100.0,21100.0,21100.0,20050.0
5063,FPT,2020-06-15,46000.0,48000.0,48000.0,45900.0
5064,VHM,2020-06-12,75000.0,73500.0,75600.0,73500.0
5065,POW,2020-06-12,10450.0,10000.0,10450.0,9950.0
5066,HPG,2020-06-12,26500.0,24500.0,26500.0,24500.0
5067,TCB,2020-06-12,21150.0,20600.0,21250.0,20500.0
5068,FPT,2020-06-12,47000.0,45000.0,47000.0,45000.0
5069,POW,2020-06-11,10500.0,11250.0,11400.0,10500.0
5070,HPG,2020-06-11,25500.0,26850.0,27150.0,25500.0
5071,VHM,2020-06-11,76500.0,77500.0,78600.0,76500.0
5072,FPT,2020-06-11,46000.0,48800.0,48800.0,46000.0
5073,TCB,2020-06-11,20900.0,21900.0,21900.0,20900.0
5074,FPT,2020-06-10,48800.0,49000.0,49000.0,48400.0
5075,HPG,2020-06-10,27000.0,27000.0,27400.0,26650.0
5076,POW,2020-06-10,11250.0,11100.0,11600.0,10950.0
5077,TCB,2020-06-10,21850.0,21350.0,21950.0,21250.0
5078,VHM,2020-06-10,77500.0,77600.0,77800.0,76900.0
5079,POW,2020-06-09,11050.0,10700.0,11200.0,10650.0
5080,FPT,2020-06-09,48950.0,49600.0,49650.0,48900.0
5081,VHM,2020-06-09,77600.0,78000.0,78700.0,77400.0
5082,TCB,2020-06-09,21550.0,21700.0,21800.0,21500.0
5083,HPG,2020-06-09,27100.0,27950.0,28000.0,26950.0
5084,POW,2020-06-08,10700.0,10600.0,10950.0,10550.0
5085,VHM,2020-06-08,77800.0,78000.0,78700.0,77500.0
5086,FPT,2020-06-08,49350.0,49000.0,50000.0,49000.0
5087,HPG,2020-06-08,27700.0,27500.0,28100.0,27300.0
5088,TCB,2020-06-08,21700.0,21550.0,21900.0,21550.0
5089,VHM,2020-06-05,77300.0,77100.0,77900.0,76600.0
5090,HPG,2020-06-05,27050.0,26500.0,27300.0,26200.0
5091,FPT,2020-06-05,48700.0,48400.0,48700.0,48150.0
5092,POW,2020-06-05,10550.0,10450.0,10600.0,10450.0
5093,TCB,2020-06-05,21450.0,21250.0,21450.0,21100.0
5094,VHM,2020-06-04,77500.0,78000.0,78700.0,77000.0
5095,POW,2020-06-04,10600.0,10600.0,10700.0,10550.0
5096,FPT,2020-06-04,48400.0,48900.0,48900.0,48400.0
5097,TCB,2020-06-04,21200.0,21400.0,21450.0,21200.0
5098,HPG,2020-06-04,26600.0,27000.0,27400.0,26600.0
5099,HPG,2020-06-03,26950.0,27050.0,27200.0,26600.0
5100,POW,2020-06-03,10600.0,10500.0,10600.0,10500.0
5101,TCB,2020-06-03,21350.0,21150.0,21450.0,21150.0
5102,VHM,2020-06-03,77900.0,78000.0,78300.0,77400.0
5103,FPT,2020-06-03,48650.0,48000.0,48950.0,47900.0
5104,HPG,2020-06-02,27050.0,27800.0,27800.0,26950.0
5105,FPT,2020-06-02,48000.0,48300.0,48500.0,48000.0
5106,POW,2020-06-02,10500.0,10450.0,10800.0,10400.0
5107,VHM,2020-06-02,77800.0,79100.0,79200.0,77700.0
5108,TCB,2020-06-02,21150.0,21500.0,21500.0,21100.0
5109,HPG,2020-06-01,27650.0,27800.0,27800.0,27450.0
5110,VHM,2020-06-01,79100.0,77400.0,79500.0,77300.0
5111,FPT,2020-06-01,48300.0,48000.0,48350.0,48000.0
5112,TCB,2020-06-01,21300.0,20800.0,21300.0,20800.0
5113,POW,2020-06-01,10450.0,10300.0,10500.0,10200.0
5114,POW,2020-05-29,10250.0,10400.0,10400.0,10250.0
5115,VHM,2020-05-29,76600.0,75600.0,77100.0,75500.0
5116,TCB,2020-05-29,20700.0,20850.0,20950.0,20700.0
5117,HPG,2020-05-29,27400.0,27300.0,27700.0,27000.0
5118,FPT,2020-05-29,47950.0,48000.0,48100.0,47500.0
5119,VHM,2020-05-28,75000.0,74900.0,76000.0,74400.0
5120,HPG,2020-05-28,27200.0,27500.0,27600.0,26900.0
5121,POW,2020-05-28,10400.0,10350.0,10500.0,10250.0
5122,TCB,2020-05-28,20900.0,20900.0,21200.0,20800.0
5123,FPT,2020-05-28,48000.0,48200.0,48600.0,48000.0
5124,TCB,2020-05-27,20900.0,21200.0,21400.0,20900.0
5125,POW,2020-05-27,10300.0,10800.0,10850.0,10300.0
5126,FPT,2020-05-27,48000.0,48900.0,49400.0,48000.0
5127,HPG,2020-05-27,27200.0,28600.0,28600.0,27200.0
5128,VHM,2020-05-27,74700.0,76500.0,77600.0,74600.0
5129,HPG,2020-05-26,28400.0,27350.0,28400.0,27300.0
5130,TCB,2020-05-26,21150.0,21100.0,21300.0,21000.0
5131,POW,2020-05-26,10600.0,10300.0,10700.0,10250.0
5132,FPT,2020-05-26,48800.0,48500.0,48800.0,48350.0
5133,VHM,2020-05-26,76400.0,77500.0,77900.0,76400.0
5134,FPT,2020-05-25,48450.0,48500.0,48600.0,47800.0
5135,TCB,2020-05-25,21050.0,21100.0,21300.0,20950.0
5136,VHM,2020-05-25,76800.0,76400.0,78500.0,74800.0
5137,POW,2020-05-25,10200.0,10100.0,10400.0,10000.0
5138,HPG,2020-05-25,27300.0,27500.0,27800.0,27150.0
5139,POW,2020-05-22,10100.0,10150.0,10200.0,10100.0
5140,FPT,2020-05-22,48450.0,49000.0,49000.0,48450.0
5141,HPG,2020-05-22,27250.0,26350.0,27450.0,26250.0
5142,VHM,2020-05-22,76500.0,77000.0,77400.0,75600.0
5143,TCB,2020-05-22,21050.0,21600.0,21600.0,21050.0
5144,HPG,2020-05-21,26500.0,26350.0,26550.0,26100.0
5145,VHM,2020-05-21,78000.0,77500.0,78500.0,76800.0
5146,POW,2020-05-21,10200.0,10250.0,10300.0,10100.0
5147,TCB,2020-05-21,22000.0,21050.0,22000.0,20850.0
5148,FPT,2020-05-21,49300.0,48900.0,49300.0,48850.0
5149,HPG,2020-05-20,26450.0,26000.0,26600.0,25650.0
5150,TCB,2020-05-20,21050.0,21000.0,21200.0,20950.0
5151,VHM,2020-05-20,77100.0,72900.0,77100.0,72800.0
5152,POW,2020-05-20,10200.0,10200.0,10250.0,10100.0
5153,FPT,2020-05-20,48900.0,49000.0,49000.0,48550.0
5154,TCB,2020-05-19,21300.0,21350.0,21400.0,20950.0
5155,POW,2020-05-19,10200.0,10300.0,10300.0,10150.0
5156,VHM,2020-05-19,73200.0,73000.0,74700.0,72300.0
5157,FPT,2020-05-19,49250.0,49200.0,49700.0,48600.0
5158,HPG,2020-05-19,26150.0,26400.0,26850.0,26050.0
5159,HPG,2020-05-18,25100.0,24450.0,25100.0,24000.0
5160,POW,2020-05-18,10100.0,10050.0,10150.0,9960.0
5161,FPT,2020-05-18,48350.0,47500.0,48350.0,47400.0
5162,TCB,2020-05-18,20650.0,20050.0,20750.0,19900.0
5163,VHM,2020-05-18,71900.0,71300.0,72600.0,70900.0
5164,FPT,2020-05-15,48000.0,48300.0,48900.0,47750.0
5165,POW,2020-05-15,10000.0,10150.0,10350.0,9980.0
5166,HPG,2020-05-15,23500.0,23950.0,24050.0,23400.0
5167,TCB,2020-05-15,20250.0,20600.0,20600.0,20000.0
5168,VHM,2020-05-15,71600.0,71000.0,72000.0,70500.0
5169,POW,2020-05-14,10150.0,10250.0,10300.0,10150.0
5170,TCB,2020-05-14,20500.0,20400.0,20600.0,20100.0
5171,VHM,2020-05-14,70600.0,70900.0,71400.0,70400.0
5172,HPG,2020-05-14,23950.0,23800.0,24100.0,23700.0
5173,FPT,2020-05-14,48700.0,48950.0,49100.0,48500.0
5174,VHM,2020-05-13,71400.0,72600.0,73000.0,70900.0
5175,FPT,2020-05-13,49350.0,47500.0,49550.0,47400.0
5176,POW,2020-05-13,10300.0,10400.0,10550.0,10150.0
5177,HPG,2020-05-13,24100.0,23450.0,24200.0,23300.0
5178,TCB,2020-05-13,20600.0,20300.0,20700.0,19800.0
5179,POW,2020-05-12,10400.0,10150.0,10700.0,10000.0
5180,FPT,2020-05-12,54400.0,54000.0,54400.0,53600.0
5181,TCB,2020-05-12,20600.0,20100.0,20750.0,19600.0
5182,VHM,2020-05-12,73500.0,73300.0,73900.0,72000.0
5183,HPG,2020-05-12,23650.0,23650.0,23900.0,23400.0
5184,VHM,2020-05-11,73500.0,73500.0,73900.0,70800.0
5185,POW,2020-05-11,10150.0,10150.0,10200.0,9970.0
5186,FPT,2020-05-11,54000.0,54000.0,54400.0,53300.0
5187,HPG,2020-05-11,23950.0,23950.0,24100.0,23300.0
5188,TCB,2020-05-11,20200.0,20200.0,20200.0,19350.0
5189,FPT,2020-05-08,53700.0,53600.0,55100.0,53600.0
5190,POW,2020-05-08,10100.0,10200.0,10400.0,10000.0
5191,TCB,2020-05-08,18900.0,17700.0,18900.0,17700.0
5192,HPG,2020-05-08,23400.0,23800.0,24150.0,23400.0
5193,VHM,2020-05-08,70900.0,68000.0,72300.0,67800.0
5194,TCB,2020-05-07,17700.0,17550.0,17700.0,17450.0
5195,VHM,2020-05-07,67600.0,67500.0,68000.0,66200.0
5196,FPT,2020-05-07,53500.0,53000.0,53500.0,52400.0
5197,HPG,2020-05-07,23600.0,22300.0,23600.0,22300.0
5198,POW,2020-05-07,10200.0,9960.0,10200.0,9950.0
5199,VHM,2020-05-06,67000.0,63600.0,67500.0,63400.0
5200,POW,2020-05-06,9950.0,9560.0,9950.0,9560.0
5201,HPG,2020-05-06,22200.0,21550.0,22200.0,21500.0
5202,FPT,2020-05-06,52900.0,51000.0,53100.0,51000.0
5203,TCB,2020-05-06,17550.0,17550.0,17550.0,17250.0
5204,HPG,2020-05-05,21400.0,21400.0,21650.0,21300.0
5205,POW,2020-05-05,9660.0,9820.0,9820.0,9510.0
5206,VHM,2020-05-05,63600.0,64700.0,65500.0,63400.0
5207,FPT,2020-05-05,50900.0,50800.0,51000.0,50400.0
5208,TCB,2020-05-05,17400.0,17500.0,17600.0,17350.0
5209,VHM,2020-05-04,64900.0,63600.0,64900.0,63600.0
5210,HPG,2020-05-04,21000.0,21500.0,21550.0,21000.0
5211,FPT,2020-05-04,50500.0,50200.0,50900.0,49800.0
5212,POW,2020-05-04,9820.0,9950.0,10250.0,9820.0
5213,TCB,2020-05-04,17400.0,17200.0,17700.0,17150.0
5214,FPT,2020-04-29,50800.0,50800.0,51400.0,50500.0
5215,VHM,2020-04-29,63600.0,63600.0,65000.0,63300.0
5216,HPG,2020-04-29,21500.0,21500.0,21700.0,21000.0
5217,TCB,2020-04-29,17200.0,17200.0,17550.0,17000.0
5218,POW,2020-04-29,10550.0,10550.0,10700.0,10300.0
5219,POW,2020-04-28,10300.0,9900.0,10300.0,9900.0
5220,HPG,2020-04-28,21400.0,22000.0,22100.0,21250.0
5221,FPT,2020-04-28,50700.0,50700.0,50800.0,50200.0
5222,TCB,2020-04-28,17100.0,17150.0,17150.0,16850.0
5223,VHM,2020-04-28,64600.0,67000.0,68500.0,64500.0
5224,TCB,2020-04-27,17050.0,17100.0,17250.0,17000.0
5225,VHM,2020-04-27,64500.0,65500.0,66900.0,64000.0
5226,FPT,2020-04-27,50700.0,51500.0,51500.0,50500.0
5227,HPG,2020-04-27,21950.0,22250.0,22600.0,21850.0
5228,POW,2020-04-27,9900.0,9680.0,9980.0,9650.0
5229,VHM,2020-04-24,65000.0,66600.0,66800.0,64300.0
5230,HPG,2020-04-24,22100.0,21700.0,22200.0,21300.0
5231,TCB,2020-04-24,17100.0,17100.0,17150.0,16900.0
5232,POW,2020-04-24,9550.0,9500.0,9550.0,9340.0
5233,FPT,2020-04-24,51000.0,50900.0,51200.0,50100.0
5234,FPT,2020-04-23,51000.0,52100.0,52200.0,51000.0
5235,VHM,2020-04-23,66600.0,67000.0,67400.0,65600.0
5236,TCB,2020-04-23,16950.0,17200.0,17300.0,16950.0
5237,HPG,2020-04-23,21600.0,21300.0,21950.0,21300.0
5238,POW,2020-04-23,9500.0,9660.0,9690.0,9500.0
5239,POW,2020-04-22,9480.0,9150.0,9640.0,9150.0
5240,TCB,2020-04-22,16900.0,16250.0,17200.0,16250.0
5241,FPT,2020-04-22,51100.0,48800.0,51200.0,48700.0
5242,HPG,2020-04-22,20800.0,20500.0,21300.0,20300.0
5243,VHM,2020-04-22,65400.0,65200.0,68000.0,65200.0
5244,VHM,2020-04-21,68000.0,68000.0,68300.0,66100.0
5245,HPG,2020-04-21,20200.0,20750.0,21250.0,20150.0
5246,TCB,2020-04-21,16850.0,17300.0,17400.0,16700.0
5247,FPT,2020-04-21,49300.0,50500.0,50900.0,48900.0
5248,POW,2020-04-21,9330.0,9160.0,9720.0,9100.0
5249,POW,2020-04-20,9400.0,9050.0,9650.0,9050.0
5250,HPG,2020-04-20,21200.0,21000.0,21500.0,20550.0
5251,FPT,2020-04-20,51300.0,51900.0,52000.0,50700.0
5252,VHM,2020-04-20,68500.0,69400.0,69400.0,68000.0
5253,TCB,2020-04-20,17700.0,17900.0,17950.0,17500.0
5254,POW,2020-04-17,9040.0,9100.0,9150.0,9010.0
5255,FPT,2020-04-17,51200.0,51200.0,51300.0,50200.0
5256,TCB,2020-04-17,17750.0,17800.0,17850.0,17500.0
5257,HPG,2020-04-17,20700.0,20250.0,20800.0,20200.0
5258,VHM,2020-04-17,68500.0,67500.0,69200.0,67500.0
5259,VHM,2020-04-16,67500.0,67600.0,68200.0,66800.0
5260,POW,2020-04-16,8950.0,9040.0,9040.0,8870.0
5261,FPT,2020-04-16,50300.0,49700.0,50800.0,49300.0
5262,TCB,2020-04-16,17550.0,17500.0,17550.0,17200.0
5263,HPG,2020-04-16,20250.0,19950.0,20400.0,19750.0
5264,VHM,2020-04-15,67800.0,68400.0,69000.0,67500.0
5265,TCB,2020-04-15,17550.0,17300.0,17550.0,17200.0
5266,FPT,2020-04-15,50100.0,50500.0,50800.0,49850.0
5267,POW,2020-04-15,9060.0,9050.0,9180.0,9010.0
5268,HPG,2020-04-15,20100.0,20000.0,20300.0,19950.0
5269,FPT,2020-04-14,49500.0,47600.0,49500.0,47000.0
5270,VHM,2020-04-14,68000.0,68000.0,68900.0,66500.0
5271,HPG,2020-04-14,19950.0,19300.0,19950.0,19200.0
5272,POW,2020-04-14,9050.0,8900.0,9110.0,8850.0
5273,TCB,2020-04-14,17150.0,17350.0,17350.0,16900.0
5274,HPG,2020-04-13,19350.0,18800.0,19500.0,18700.0
5275,VHM,2020-04-13,67300.0,68000.0,69500.0,67100.0
5276,FPT,2020-04-13,46500.0,46400.0,47000.0,46100.0
5277,POW,2020-04-13,8800.0,8500.0,9000.0,8500.0
5278,TCB,2020-04-13,17200.0,16750.0,17600.0,16750.0
5279,HPG,2020-04-10,18800.0,18500.0,19000.0,18300.0
5280,FPT,2020-04-10,46400.0,46600.0,47000.0,45900.0
5281,POW,2020-04-10,8530.0,8710.0,8710.0,8500.0
5282,TCB,2020-04-10,16750.0,16700.0,16950.0,16650.0
5283,VHM,2020-04-10,67100.0,68500.0,69200.0,67000.0
5284,POW,2020-04-09,8710.0,9000.0,9000.0,8700.0
5285,HPG,2020-04-09,18550.0,18800.0,19000.0,18550.0
5286,TCB,2020-04-09,16900.0,17100.0,17150.0,16850.0
5287,VHM,2020-04-09,69000.0,70000.0,70900.0,68800.0
5288,FPT,2020-04-09,46850.0,47000.0,47600.0,46500.0
5289,FPT,2020-04-08,46850.0,46100.0,47050.0,45750.0
5290,POW,2020-04-08,8540.0,7900.0,8540.0,7750.0
5291,TCB,2020-04-08,16700.0,16800.0,16800.0,16300.0
5292,VHM,2020-04-08,70000.0,64500.0,70000.0,64000.0
5293,HPG,2020-04-08,18700.0,18400.0,18800.0,18300.0
5294,HPG,2020-04-07,19000.0,19050.0,19100.0,18250.0
5295,TCB,2020-04-07,16950.0,17000.0,17200.0,16800.0
5296,POW,2020-04-07,7990.0,8200.0,8200.0,7850.0
5297,FPT,2020-04-07,47300.0,47500.0,47700.0,46500.0
5298,VHM,2020-04-07,66000.0,65500.0,66000.0,62100.0
5299,TCB,2020-04-06,16950.0,16200.0,16950.0,16100.0
5300,POW,2020-04-06,8140.0,7800.0,8190.0,7800.0
5301,VHM,2020-04-06,61700.0,60000.0,61700.0,58600.0
5302,FPT,2020-04-06,47500.0,46000.0,47500.0,45500.0
5303,HPG,2020-04-06,18850.0,18150.0,18850.0,17900.0
5304,FPT,2020-04-03,44600.0,43000.0,44650.0,42700.0
5305,POW,2020-04-03,7700.0,7580.0,7740.0,7500.0
5306,HPG,2020-04-03,17650.0,17250.0,17700.0,17200.0
5307,TCB,2020-04-03,15850.0,15500.0,15950.0,15500.0
5308,VHM,2020-04-03,57700.0,56200.0,57700.0,55200.0
5309,HPG,2020-04-01,17250.0,16700.0,17500.0,16650.0
5310,POW,2020-04-01,7360.0,7000.0,7360.0,7000.0
5311,FPT,2020-04-01,42300.0,40800.0,43200.0,40800.0
5312,TCB,2020-04-01,15500.0,15000.0,15600.0,14350.0
5313,VHM,2020-04-01,54800.0,53200.0,57300.0,53200.0
5314,VHM,2020-03-31,55000.0,55800.0,57900.0,52000.0
5315,HPG,2020-03-31,16850.0,16350.0,17350.0,15250.0
5316,TCB,2020-03-31,15000.0,15000.0,15500.0,14000.0
5317,POW,2020-03-31,7090.0,7140.0,7320.0,6850.0
5318,FPT,2020-03-31,41100.0,41500.0,42400.0,40100.0
5319,HPG,2020-03-30,16350.0,15300.0,16700.0,15250.0
5320,TCB,2020-03-30,14900.0,15100.0,15500.0,14900.0
5321,POW,2020-03-30,7140.0,7200.0,7500.0,7090.0
5322,FPT,2020-03-30,40400.0,40500.0,41100.0,40100.0
5323,VHM,2020-03-30,55800.0,55800.0,57000.0,55800.0
5324,POW,2020-03-27,7620.0,7550.0,7990.0,7550.0
5325,FPT,2020-03-27,43100.0,44400.0,44400.0,42900.0
5326,HPG,2020-03-27,16200.0,16900.0,17000.0,15800.0
5327,VHM,2020-03-27,60000.0,60000.0,61400.0,58500.0
5328,TCB,2020-03-27,16000.0,16150.0,16200.0,15600.0
5329,POW,2020-03-26,7600.0,7800.0,7800.0,7600.0
5330,HPG,2020-03-26,16950.0,17550.0,17600.0,16900.0
5331,VHM,2020-03-26,61000.0,59100.0,63000.0,57200.0
5332,FPT,2020-03-26,44200.0,45500.0,45850.0,44200.0
5333,TCB,2020-03-26,16100.0,16600.0,16600.0,16100.0
5334,VHM,2020-03-25,59100.0,57000.0,59100.0,54000.0
5335,HPG,2020-03-25,17800.0,17850.0,17850.0,17400.0
5336,FPT,2020-03-25,46000.0,46000.0,46400.0,45150.0
5337,TCB,2020-03-25,16600.0,16500.0,16700.0,16300.0
5338,POW,2020-03-25,7850.0,7880.0,7920.0,7770.0
5339,VHM,2020-03-24,55300.0,55400.0,58400.0,55300.0
5340,HPG,2020-03-24,17100.0,17000.0,17350.0,16650.0
5341,FPT,2020-03-24,44500.0,45000.0,45000.0,43500.0
5342,POW,2020-03-24,7530.0,7510.0,7800.0,7460.0
5343,TCB,2020-03-24,16100.0,16500.0,16500.0,16000.0
5344,HPG,2020-03-23,17300.0,17400.0,18000.0,17300.0
5345,VHM,2020-03-23,59400.0,60000.0,62000.0,59400.0
5346,POW,2020-03-23,7870.0,8150.0,8460.0,7870.0
5347,TCB,2020-03-23,16150.0,16200.0,17000.0,16150.0
5348,FPT,2020-03-23,44400.0,46100.0,46900.0,44400.0
5349,HPG,2020-03-20,18600.0,19250.0,19300.0,18600.0
5350,TCB,2020-03-20,17350.0,17450.0,17500.0,17150.0
5351,POW,2020-03-20,8460.0,8500.0,8700.0,8410.0
5352,VHM,2020-03-20,63800.0,68500.0,68500.0,63800.0
5353,FPT,2020-03-20,47700.0,48200.0,48250.0,47350.0
5354,FPT,2020-03-19,47700.0,47600.0,48100.0,47600.0
5355,HPG,2020-03-19,19150.0,19400.0,19500.0,18900.0
5356,VHM,2020-03-19,68500.0,67300.0,69300.0,65000.0
5357,POW,2020-03-19,8470.0,8510.0,8690.0,8400.0
5358,TCB,2020-03-19,17250.0,17600.0,17800.0,17150.0
5359,VHM,2020-03-18,69500.0,69700.0,70300.0,67500.0
5360,TCB,2020-03-18,17950.0,18100.0,18200.0,17700.0
5361,FPT,2020-03-18,48400.0,49000.0,49100.0,48350.0
5362,POW,2020-03-18,8760.0,8900.0,8950.0,8620.0
5363,HPG,2020-03-18,19700.0,19400.0,20100.0,19350.0
5364,FPT,2020-03-17,48500.0,48500.0,48500.0,46500.0
5365,POW,2020-03-17,8850.0,8850.0,9390.0,8410.0
5366,VHM,2020-03-17,69900.0,69900.0,71400.0,67500.0
5367,HPG,2020-03-17,19200.0,19200.0,19300.0,18600.0
5368,TCB,2020-03-17,17950.0,17950.0,17950.0,16850.0
5369,VHM,2020-03-16,71800.0,71000.0,71800.0,67500.0
5370,FPT,2020-03-16,47600.0,48150.0,49700.0,47500.0
5371,TCB,2020-03-16,17450.0,18250.0,18250.0,17200.0
5372,HPG,2020-03-16,19100.0,19200.0,19850.0,18950.0
5373,POW,2020-03-16,8880.0,8800.0,8880.0,8310.0
5374,VHM,2020-03-13,72000.0,67000.0,72000.0,67000.0
5375,TCB,2020-03-13,18250.0,16700.0,18550.0,16700.0
5376,FPT,2020-03-13,48150.0,45300.0,50000.0,45200.0
5377,POW,2020-03-13,8900.0,7820.0,8900.0,7810.0
5378,HPG,2020-03-13,19050.0,18050.0,19700.0,17950.0
5379,VHM,2020-03-12,72000.0,75500.0,75500.0,71200.0
5380,FPT,2020-03-12,48100.0,48600.0,49300.0,47300.0
5381,TCB,2020-03-12,17950.0,18000.0,18500.0,17950.0
5382,HPG,2020-03-12,19250.0,19550.0,19800.0,19150.0
5383,POW,2020-03-12,8390.0,8500.0,8650.0,8390.0
5384,FPT,2020-03-11,50800.0,52000.0,52500.0,49500.0
5385,VHM,2020-03-11,76500.0,76500.0,76800.0,71200.0
5386,POW,2020-03-11,9020.0,9570.0,9650.0,8970.0
5387,TCB,2020-03-11,19300.0,20800.0,20950.0,19300.0
5388,TCB,2020-03-10,20700.0,20400.0,21000.0,20100.0
5389,FPT,2020-03-10,51700.0,51000.0,52000.0,50300.0
5390,VHM,2020-03-10,76500.0,71000.0,76500.0,71000.0
5391,HPG,2020-03-10,21650.0,20500.0,21750.0,20500.0
5392,POW,2020-03-10,9500.0,9200.0,9590.0,9000.0
5393,FPT,2020-03-09,50300.0,51200.0,52000.0,50300.0
5394,TCB,2020-03-09,20550.0,20650.0,21000.0,20550.0
5395,HPG,2020-03-09,20850.0,20850.0,21550.0,20850.0
5396,VHM,2020-03-09,75300.0,78600.0,78600.0,75300.0
5397,POW,2020-03-09,9400.0,9400.0,9800.0,9400.0
5398,VHM,2020-03-06,80900.0,80000.0,80900.0,79000.0
5399,POW,2020-03-06,10100.0,10150.0,10250.0,10000.0
5400,HPG,2020-03-06,22400.0,22350.0,22450.0,22250.0
5401,TCB,2020-03-06,22050.0,22200.0,22200.0,21800.0
5402,FPT,2020-03-06,54000.0,54200.0,54300.0,53500.0
5403,POW,2020-03-05,10200.0,10150.0,10400.0,10100.0
5404,TCB,2020-03-05,22300.0,22550.0,22850.0,22300.0
5405,FPT,2020-03-05,54600.0,55500.0,55900.0,54600.0
5406,VHM,2020-03-05,81000.0,80100.0,81500.0,80100.0
5407,HPG,2020-03-05,22350.0,22600.0,22650.0,22350.0
5408,POW,2020-03-04,9960.0,9950.0,10100.0,9900.0
5409,FPT,2020-03-04,55500.0,55500.0,55500.0,54900.0
5410,HPG,2020-03-04,22350.0,22400.0,22600.0,22350.0
5411,TCB,2020-03-04,22550.0,22350.0,22600.0,22200.0
5412,VHM,2020-03-04,80500.0,79100.0,80500.0,78900.0
5413,FPT,2020-03-03,55900.0,56200.0,57000.0,55700.0
5414,TCB,2020-03-03,22500.0,22850.0,23000.0,22500.0
5415,HPG,2020-03-03,22300.0,22800.0,22800.0,22300.0
5416,POW,2020-03-03,9930.0,10200.0,10250.0,9930.0
5417,VHM,2020-03-03,80500.0,80500.0,81100.0,80200.0
5418,POW,2020-03-02,9980.0,9850.0,9990.0,9780.0
5419,VHM,2020-03-02,80500.0,79100.0,80600.0,79000.0
5420,TCB,2020-03-02,22500.0,22400.0,22650.0,22100.0
5421,HPG,2020-03-02,22300.0,22200.0,22500.0,22200.0
5422,FPT,2020-03-02,55700.0,55100.0,56200.0,54800.0
5423,VHM,2020-02-28,80400.0,78500.0,80400.0,78500.0
5424,HPG,2020-02-28,22350.0,22550.0,22800.0,22250.0
5425,TCB,2020-02-28,22250.0,22000.0,22400.0,21850.0
5426,POW,2020-02-28,9850.0,9900.0,9980.0,9750.0
5427,FPT,2020-02-28,55100.0,55000.0,55700.0,54600.0
5428,TCB,2020-02-27,22750.0,22350.0,22750.0,22200.0
5429,HPG,2020-02-27,22950.0,22700.0,23050.0,22700.0
5430,VHM,2020-02-27,80800.0,79900.0,81000.0,79000.0
5431,POW,2020-02-27,10100.0,10200.0,10350.0,10000.0
5432,FPT,2020-02-27,56000.0,55000.0,56500.0,54600.0
5433,TCB,2020-02-26,22350.0,21750.0,22500.0,21600.0
5434,VHM,2020-02-26,80900.0,83000.0,83000.0,80300.0
5435,POW,2020-02-26,10200.0,9700.0,10400.0,9700.0
5436,HPG,2020-02-26,22750.0,22750.0,23000.0,22700.0
5437,FPT,2020-02-26,55000.0,53400.0,55200.0,53000.0
5438,VHM,2020-02-25,83100.0,82300.0,83800.0,81000.0
5439,FPT,2020-02-25,54000.0,52100.0,54000.0,52000.0
5440,HPG,2020-02-25,23100.0,22600.0,23100.0,22600.0
5441,POW,2020-02-25,9950.0,9620.0,9980.0,9620.0
5442,TCB,2020-02-25,22200.0,21000.0,22250.0,20800.0
5443,VHM,2020-02-24,84000.0,83300.0,85100.0,83300.0
5444,HPG,2020-02-24,22700.0,22750.0,23150.0,22700.0
5445,TCB,2020-02-24,21500.0,22750.0,22750.0,21500.0
5446,POW,2020-02-24,10000.0,10400.0,10450.0,10000.0
5447,FPT,2020-02-24,52500.0,53100.0,53900.0,52500.0
5448,VHM,2020-02-21,86100.0,86500.0,86900.0,86000.0
5449,HPG,2020-02-21,23550.0,23750.0,23800.0,23500.0
5450,FPT,2020-02-21,54700.0,55900.0,55900.0,54700.0
5451,TCB,2020-02-21,23100.0,23400.0,23700.0,23100.0
5452,POW,2020-02-21,10750.0,10900.0,10950.0,10650.0
5453,HPG,2020-02-20,23750.0,23450.0,23750.0,23250.0
5454,POW,2020-02-20,10900.0,10500.0,10950.0,10500.0
5455,FPT,2020-02-20,55800.0,56100.0,56400.0,55500.0
5456,TCB,2020-02-20,23500.0,23700.0,23900.0,23300.0
5457,VHM,2020-02-20,86900.0,86500.0,87300.0,85900.0
5458,TCB,2020-02-19,23650.0,23600.0,23700.0,23450.0
5459,FPT,2020-02-19,55700.0,55900.0,56200.0,55500.0
5460,VHM,2020-02-19,86000.0,85600.0,86500.0,85200.0
5461,HPG,2020-02-19,23250.0,23300.0,23450.0,23100.0
5462,POW,2020-02-19,10450.0,10400.0,10600.0,10350.0
5463,POW,2020-02-18,10350.0,10400.0,10450.0,10300.0
5464,HPG,2020-02-18,23300.0,23850.0,23850.0,23300.0
5465,TCB,2020-02-18,23700.0,23800.0,24100.0,23550.0
5466,VHM,2020-02-18,86000.0,86600.0,87000.0,85600.0
5467,FPT,2020-02-18,56000.0,54400.0,56000.0,54300.0
5468,POW,2020-02-17,10350.0,10350.0,10450.0,10250.0
5469,TCB,2020-02-17,23800.0,23400.0,23900.0,23250.0
5470,HPG,2020-02-17,23750.0,23700.0,23850.0,23600.0
5471,FPT,2020-02-17,54200.0,54600.0,54600.0,54000.0
5472,VHM,2020-02-17,86700.0,88000.0,88000.0,86500.0
5473,FPT,2020-02-14,54500.0,54100.0,54500.0,54000.0
5474,VHM,2020-02-14,87600.0,85500.0,88600.0,85500.0
5475,TCB,2020-02-14,23300.0,23100.0,23400.0,22900.0
5476,POW,2020-02-14,10400.0,10550.0,10550.0,10300.0
5477,HPG,2020-02-14,23700.0,23600.0,23750.0,23350.0
5478,VHM,2020-02-13,86000.0,86200.0,86400.0,85500.0
5479,POW,2020-02-13,10550.0,10700.0,10950.0,10350.0
5480,TCB,2020-02-13,22600.0,22550.0,22650.0,22400.0
5481,HPG,2020-02-13,23700.0,23750.0,23900.0,23600.0
5482,FPT,2020-02-13,54300.0,54100.0,54500.0,53700.0
5483,FPT,2020-02-12,54100.0,53800.0,54700.0,53700.0
5484,VHM,2020-02-12,86500.0,86700.0,86700.0,86200.0
5485,HPG,2020-02-12,23800.0,23500.0,24150.0,23450.0
5486,POW,2020-02-12,10550.0,9940.0,10550.0,9900.0
5487,TCB,2020-02-12,22650.0,22300.0,22950.0,22200.0
5488,TCB,2020-02-11,22150.0,21850.0,22300.0,21850.0
5489,POW,2020-02-11,9860.0,9720.0,9960.0,9700.0
5490,HPG,2020-02-11,23600.0,24450.0,24600.0,23450.0
5491,FPT,2020-02-11,53600.0,52900.0,53700.0,52700.0
5492,VHM,2020-02-11,86200.0,86000.0,86400.0,85500.0
5493,HPG,2020-02-10,24350.0,24000.0,24650.0,23950.0
5494,TCB,2020-02-10,21850.0,21900.0,22000.0,21650.0
5495,POW,2020-02-10,9680.0,9700.0,9800.0,9650.0
5496,VHM,2020-02-10,86200.0,86100.0,86700.0,85800.0
5497,FPT,2020-02-10,52600.0,52400.0,53000.0,52100.0
5498,POW,2020-02-07,9910.0,10050.0,10100.0,9890.0
5499,TCB,2020-02-07,22150.0,22350.0,22350.0,21900.0
5500,VHM,2020-02-07,87000.0,86900.0,87800.0,86800.0
5501,HPG,2020-02-07,24350.0,25200.0,25300.0,24200.0
5502,FPT,2020-02-07,53300.0,53000.0,53500.0,52800.0
5503,POW,2020-02-06,10050.0,9600.0,10050.0,9560.0
5504,VHM,2020-02-06,86800.0,86800.0,87000.0,86000.0
5505,FPT,2020-02-06,53600.0,52500.0,53600.0,51800.0
5506,TCB,2020-02-06,22350.0,22350.0,22450.0,21500.0
5507,HPG,2020-02-06,25200.0,24350.0,25200.0,24300.0
5508,POW,2020-02-05,9570.0,9600.0,9700.0,9470.0
5509,HPG,2020-02-05,24450.0,24850.0,25000.0,24200.0
5510,VHM,2020-02-05,86000.0,86800.0,86800.0,85400.0
5511,TCB,2020-02-05,21750.0,22000.0,22150.0,21550.0
5512,FPT,2020-02-05,52000.0,52300.0,52800.0,52000.0
5513,HPG,2020-02-04,24600.0,24650.0,24800.0,24100.0
5514,VHM,2020-02-04,85700.0,85200.0,86500.0,85000.0
5515,TCB,2020-02-04,21750.0,21500.0,21900.0,21200.0
5516,POW,2020-02-04,9500.0,10100.0,10200.0,9500.0
5517,FPT,2020-02-04,51800.0,52400.0,52400.0,51000.0
5518,HPG,2020-02-03,24550.0,24550.0,24800.0,22700.0
5519,POW,2020-02-03,9990.0,9990.0,10200.0,9770.0
5520,VHM,2020-02-03,85200.0,85200.0,85900.0,82000.0
5521,TCB,2020-02-03,21450.0,21450.0,22100.0,20350.0
5522,FPT,2020-02-03,51500.0,51500.0,52500.0,49000.0
5523,TCB,2020-01-31,21600.0,22650.0,22900.0,21600.0
5524,POW,2020-01-31,10500.0,11100.0,11200.0,10500.0
5525,HPG,2020-01-31,24100.0,25000.0,25300.0,24100.0
5526,FPT,2020-01-31,52000.0,54000.0,54900.0,52000.0
5527,VHM,2020-01-31,87500.0,87500.0,88500.0,87100.0
5528,POW,2020-01-30,11100.0,11000.0,11350.0,11000.0
5529,VHM,2020-01-30,87400.0,87200.0,87800.0,85800.0
5530,FPT,2020-01-30,54700.0,55300.0,55800.0,53900.0
5531,HPG,2020-01-30,25300.0,25550.0,25900.0,24950.0
5532,TCB,2020-01-30,22900.0,23500.0,23800.0,22750.0
5533,VHM,2020-01-22,89400.0,87400.0,89500.0,87300.0
5534,TCB,2020-01-22,24200.0,24250.0,24250.0,23950.0
5535,POW,2020-01-22,11100.0,11000.0,11150.0,10950.0
5536,FPT,2020-01-22,56500.0,55000.0,56500.0,54700.0
5537,HPG,2020-01-22,26300.0,25850.0,26400.0,25850.0
5538,FPT,2020-01-21,55500.0,57800.0,58000.0,55500.0
5539,HPG,2020-01-21,25850.0,25750.0,26000.0,25550.0
5540,POW,2020-01-21,10900.0,10900.0,11200.0,10900.0
5541,TCB,2020-01-21,24050.0,23450.0,24050.0,23400.0
5542,VHM,2020-01-21,87500.0,86000.0,87500.0,86000.0
5543,FPT,2020-01-20,57400.0,57500.0,58000.0,57200.0
5544,TCB,2020-01-20,23350.0,23300.0,23450.0,23200.0
5545,POW,2020-01-20,10700.0,10800.0,10900.0,10650.0
5546,HPG,2020-01-20,25500.0,25000.0,25500.0,24700.0
5547,VHM,2020-01-20,86000.0,86000.0,86400.0,85700.0
5548,TCB,2020-01-17,23400.0,23400.0,23600.0,23300.0
5549,VHM,2020-01-17,86000.0,86200.0,87900.0,86000.0
5550,FPT,2020-01-17,57600.0,58000.0,58100.0,57000.0
5551,HPG,2020-01-17,25000.0,25300.0,25650.0,24900.0
5552,POW,2020-01-17,10800.0,11050.0,11050.0,10800.0
5553,HPG,2020-01-16,25300.0,25000.0,25350.0,24950.0
5554,FPT,2020-01-16,58000.0,57000.0,58200.0,57000.0
5555,TCB,2020-01-16,23300.0,22900.0,23350.0,22900.0
5556,POW,2020-01-16,11000.0,11000.0,11050.0,10900.0
5557,VHM,2020-01-16,86100.0,86400.0,86400.0,85900.0
5558,FPT,2020-01-15,57000.0,57000.0,57100.0,56800.0
5559,VHM,2020-01-15,86300.0,86500.0,86500.0,85800.0
5560,POW,2020-01-15,10900.0,10900.0,10900.0,10800.0
5561,TCB,2020-01-15,22900.0,22900.0,23000.0,22800.0
5562,HPG,2020-01-15,25150.0,25050.0,25350.0,24900.0
5563,FPT,2020-01-14,57000.0,57100.0,57400.0,57000.0
5564,POW,2020-01-14,10900.0,11100.0,11100.0,10900.0
5565,VHM,2020-01-14,86300.0,86200.0,86800.0,86100.0
5566,HPG,2020-01-14,25000.0,24250.0,25050.0,24200.0
5567,TCB,2020-01-14,22900.0,22950.0,23050.0,22900.0
5568,TCB,2020-01-13,22950.0,23000.0,23150.0,22750.0
5569,VHM,2020-01-13,86300.0,84800.0,86800.0,84500.0
5570,HPG,2020-01-13,24250.0,24200.0,24400.0,24100.0
5571,POW,2020-01-13,11000.0,11100.0,11100.0,11000.0
5572,FPT,2020-01-13,57100.0,57400.0,57600.0,57000.0
5573,HPG,2020-01-10,24200.0,24100.0,24550.0,24050.0
5574,TCB,2020-01-10,23150.0,23000.0,23500.0,23000.0
5575,FPT,2020-01-10,57500.0,57500.0,57800.0,57100.0
5576,POW,2020-01-10,11100.0,10950.0,11150.0,10800.0
5577,VHM,2020-01-10,84500.0,83300.0,84900.0,82700.0
5578,FPT,2020-01-09,57600.0,57300.0,57700.0,57100.0
5579,VHM,2020-01-09,83300.0,83400.0,83700.0,82900.0
5580,POW,2020-01-09,10900.0,10850.0,11100.0,10800.0
5581,TCB,2020-01-09,23050.0,23000.0,23100.0,22850.0
5582,HPG,2020-01-09,24000.0,23600.0,24150.0,23600.0
5583,FPT,2020-01-08,56800.0,57500.0,57700.0,56800.0
5584,TCB,2020-01-08,22750.0,22800.0,23050.0,22600.0
5585,HPG,2020-01-08,23450.0,23500.0,23650.0,23150.0
5586,VHM,2020-01-08,82500.0,83000.0,83500.0,81000.0
5587,POW,2020-01-08,10750.0,11200.0,11200.0,10500.0
5588,POW,2020-01-07,11250.0,11400.0,11450.0,11200.0
5589,FPT,2020-01-07,58100.0,57300.0,58100.0,57000.0
5590,HPG,2020-01-07,23700.0,24100.0,24200.0,23600.0
5591,VHM,2020-01-07,83800.0,83000.0,84800.0,83000.0
5592,TCB,2020-01-07,23200.0,23050.0,23200.0,23000.0
5593,TCB,2020-01-06,23050.0,23400.0,23400.0,23050.0
5594,VHM,2020-01-06,83400.0,84600.0,85000.0,82800.0
5595,FPT,2020-01-06,57000.0,57100.0,57600.0,56800.0
5596,POW,2020-01-06,11350.0,11650.0,11700.0,11350.0
5597,HPG,2020-01-06,24000.0,24000.0,24250.0,23850.0
5598,VHM,2020-01-03,85200.0,84900.0,85400.0,84600.0
5599,TCB,2020-01-03,23650.0,23900.0,23950.0,23650.0
5600,POW,2020-01-03,11700.0,11900.0,12000.0,11650.0
5601,FPT,2020-01-03,57600.0,58900.0,59100.0,57400.0
5602,HPG,2020-01-03,24150.0,24200.0,24350.0,24050.0
5603,POW,2020-01-02,11900.0,11500.0,11900.0,11450.0
5604,VHM,2020-01-02,84900.0,84500.0,85500.0,84500.0
5605,FPT,2020-01-02,58600.0,58300.0,59000.0,58000.0
5606,TCB,2020-01-02,23800.0,23550.0,23850.0,23500.0
5607,HPG,2020-01-02,24000.0,23500.0,24000.0,23350.0
